[22-Jan-2026 10:32:18 UTC] PHP Parse error:  syntax error, unexpected token "<", expecting end of file in /var/www/html/wp-content/themes/twentytwentyfour/functions.php on line 261
[22-Jan-2026 10:41:50 UTC] PHP Parse error:  syntax error, unexpected token "<", expecting end of file in /var/www/html/wp-content/themes/twentytwentyfour/functions.php on line 261
[22-Jan-2026 10:41:50 UTC] PHP Parse error:  syntax error, unexpected token "<", expecting end of file in /var/www/html/wp-content/themes/twentytwentyfour/functions.php on line 261
[22-Jan-2026 10:47:48 UTC] PHP Fatal error:  Cannot redeclare vp_directus_token() (previously declared in /var/www/html/wp-content/mu-plugins/vp-proxy-directus.php:24) in /var/www/html/wp-content/themes/twentytwentyfour/functions.php on line 273
[22-Jan-2026 10:47:48 UTC] PHP Fatal error:  Cannot redeclare vp_directus_token() (previously declared in /var/www/html/wp-content/mu-plugins/vp-proxy-directus.php:24) in /var/www/html/wp-content/themes/twentytwentyfour/functions.php on line 273
[22-Jan-2026 10:55:00 UTC] PHP Fatal error:  Cannot redeclare vp_directus_token() (previously declared in /var/www/html/wp-content/mu-plugins/vp-proxy-directus.php:24) in /var/www/html/wp-content/themes/twentytwentyfour/functions.php on line 273
[22-Jan-2026 10:59:36 UTC] PHP Deprecated:  Файл Тема без header.php с версии 3.0.0 <strong>считается устаревшим</strong>. Альтернативы не предусмотрено. Пожалуйста, включите шаблон header.php в вашу тему. in /var/www/html/wp-includes/functions.php on line 6131
[22-Jan-2026 10:59:36 UTC] PHP Deprecated:  Файл Тема без footer.php с версии 3.0.0 <strong>считается устаревшим</strong>. Альтернативы не предусмотрено. Пожалуйста, включите шаблон footer.php в вашу тему. in /var/www/html/wp-includes/functions.php on line 6131
[22-Jan-2026 11:01:40 UTC] PHP Deprecated:  Файл Тема без header.php с версии 3.0.0 <strong>считается устаревшим</strong>. Альтернативы не предусмотрено. Пожалуйста, включите шаблон header.php в вашу тему. in /var/www/html/wp-includes/functions.php on line 6131
[22-Jan-2026 11:01:40 UTC] PHP Deprecated:  Файл Тема без footer.php с версии 3.0.0 <strong>считается устаревшим</strong>. Альтернативы не предусмотрено. Пожалуйста, включите шаблон footer.php в вашу тему. in /var/www/html/wp-includes/functions.php on line 6131
[22-Jan-2026 11:31:22 UTC] PHP Fatal error:  Uncaught Error: Call to undefined function vp_directus_token() in /var/www/html/wp-content/mu-plugins/vp-proxy-directus.php:46
Stack trace:
#0 /var/www/html/wp-content/mu-plugins/vp-proxy-directus.php(91): vp_directus_get('/items/qr_codes...')
#1 /var/www/html/wp-includes/rest-api/class-wp-rest-server.php(1292): vp_lookup_callback(Object(WP_REST_Request))
#2 /var/www/html/wp-includes/rest-api/class-wp-rest-server.php(1125): WP_REST_Server->respond_to_request(Object(WP_REST_Request), '/vp/v1/lookup', Array, NULL)
#3 /var/www/html/wp-includes/rest-api/class-wp-rest-server.php(439): WP_REST_Server->dispatch(Object(WP_REST_Request))
#4 /var/www/html/wp-includes/rest-api.php(467): WP_REST_Server->serve_request('/vp/v1/lookup')
#5 /var/www/html/wp-includes/class-wp-hook.php(341): rest_api_loaded(Object(WP))
#6 /var/www/html/wp-includes/class-wp-hook.php(365): WP_Hook->apply_filters('', Array)
#7 /var/www/html/wp-includes/plugin.php(570): WP_Hook->do_action(Array)
#8 /var/www/html/wp-includes/class-wp.php(418): do_action_ref_array('parse_request', Array)
#9 /var/www/html/wp-includes/class-wp.php(821): WP->parse_request('')
#10 /var/www/html/wp-includes/functions.php(1343): WP->main('')
#11 /var/www/html/wp-blog-header.php(16): wp()
#12 /var/www/html/index.php(17): require('/var/www/html/w...')
#13 {main}
  thrown in /var/www/html/wp-content/mu-plugins/vp-proxy-directus.php on line 46
[22-Jan-2026 11:31:47 UTC] PHP Fatal error:  Uncaught Error: Call to undefined function vp_directus_token() in /var/www/html/wp-content/mu-plugins/vp-proxy-directus.php:46
Stack trace:
#0 /var/www/html/wp-content/mu-plugins/vp-proxy-directus.php(221): vp_directus_get('/items/qr_codes...')
#1 /var/www/html/wp-includes/rest-api/class-wp-rest-server.php(1292): vp_instruction_callback(Object(WP_REST_Request))
#2 /var/www/html/wp-includes/rest-api/class-wp-rest-server.php(1125): WP_REST_Server->respond_to_request(Object(WP_REST_Request), '/vp/v1/instruct...', Array, NULL)
#3 /var/www/html/wp-includes/rest-api/class-wp-rest-server.php(439): WP_REST_Server->dispatch(Object(WP_REST_Request))
#4 /var/www/html/wp-includes/rest-api.php(467): WP_REST_Server->serve_request('/vp/v1/instruct...')
#5 /var/www/html/wp-includes/class-wp-hook.php(341): rest_api_loaded(Object(WP))
#6 /var/www/html/wp-includes/class-wp-hook.php(365): WP_Hook->apply_filters('', Array)
#7 /var/www/html/wp-includes/plugin.php(570): WP_Hook->do_action(Array)
#8 /var/www/html/wp-includes/class-wp.php(418): do_action_ref_array('parse_request', Array)
#9 /var/www/html/wp-includes/class-wp.php(821): WP->parse_request('')
#10 /var/www/html/wp-includes/functions.php(1343): WP->main('')
#11 /var/www/html/wp-blog-header.php(16): wp()
#12 /var/www/html/index.php(17): require('/var/www/html/w...')
#13 {main}
  thrown in /var/www/html/wp-content/mu-plugins/vp-proxy-directus.php on line 46
[22-Jan-2026 11:55:20 UTC] PHP Deprecated:  Файл Тема без header.php с версии 3.0.0 <strong>считается устаревшим</strong>. Альтернативы не предусмотрено. Пожалуйста, включите шаблон header.php в вашу тему. in /var/www/html/wp-includes/functions.php on line 6131
[22-Jan-2026 11:55:20 UTC] PHP Deprecated:  Файл Тема без footer.php с версии 3.0.0 <strong>считается устаревшим</strong>. Альтернативы не предусмотрено. Пожалуйста, включите шаблон footer.php в вашу тему. in /var/www/html/wp-includes/functions.php on line 6131
[22-Jan-2026 12:31:38 UTC] Automatic updates starting...
[22-Jan-2026 12:31:39 UTC] Automatic updates complete.
[23-Jan-2026 00:51:38 UTC] Automatic updates starting...
[23-Jan-2026 00:51:39 UTC] Automatic updates complete.
[23-Jan-2026 03:20:55 UTC] PHP Deprecated:  Файл Тема без header.php с версии 3.0.0 <strong>считается устаревшим</strong>. Альтернативы не предусмотрено. Пожалуйста, включите шаблон header.php в вашу тему. in /var/www/html/wp-includes/functions.php on line 6131
[23-Jan-2026 03:20:55 UTC] PHP Deprecated:  Файл Тема без footer.php с версии 3.0.0 <strong>считается устаревшим</strong>. Альтернативы не предусмотрено. Пожалуйста, включите шаблон footer.php в вашу тему. in /var/www/html/wp-includes/functions.php on line 6131
[26-Jan-2026 07:02:02 UTC] Automatic updates starting...
[26-Jan-2026 07:02:03 UTC] Automatic updates complete.
[26-Jan-2026 12:46:58 UTC] Automatic updates starting...
[26-Jan-2026 12:46:59 UTC] Automatic updates complete.
[27-Jan-2026 00:36:42 UTC] Automatic updates starting...
[27-Jan-2026 00:36:43 UTC] Automatic updates complete.
[03-Feb-2026 08:45:28 UTC] Automatic updates starting...
[03-Feb-2026 08:45:29 UTC] Automatic updates complete.
[03-Feb-2026 08:45:33 UTC] PHP Notice:  _wp_delete_all_temp_backups(): Нет доступа к файловой системе. in /var/www/html/wp-includes/functions.php on line 6131
[03-Feb-2026 13:06:13 UTC] Automatic updates starting...
[03-Feb-2026 13:06:14 UTC] Automatic updates complete.
[04-Feb-2026 03:11:13 UTC] Automatic updates starting...
[04-Feb-2026 03:11:14 UTC] Automatic updates complete.
[04-Feb-2026 03:11:14 UTC] PHP Notice:  maintenance_mode(): Нет доступа к файловой системе. in /var/www/html/wp-includes/functions.php on line 6131
[04-Feb-2026 03:11:14 UTC] PHP Warning:  chmod(): Operation not permitted in /var/www/html/wp-admin/includes/class-wp-filesystem-direct.php on line 173
[04-Feb-2026 12:06:50 UTC] PHP Notice:  _wp_delete_all_temp_backups(): Нет доступа к файловой системе. in /var/www/html/wp-includes/functions.php on line 6131
[04-Feb-2026 12:37:40 UTC] Automatic updates starting...
[04-Feb-2026 12:37:41 UTC] Automatic updates complete.
[05-Feb-2026 00:49:42 UTC] Automatic updates starting...
[05-Feb-2026 00:49:43 UTC] Automatic updates complete.
[05-Feb-2026 12:52:42 UTC] Automatic updates starting...
[05-Feb-2026 12:52:43 UTC] Automatic updates complete.
[06-Feb-2026 02:03:41 UTC] Automatic updates starting...
[06-Feb-2026 02:03:42 UTC] Automatic updates complete.
[06-Feb-2026 12:34:09 UTC] Automatic updates starting...
[06-Feb-2026 12:34:10 UTC] Automatic updates complete.
[07-Feb-2026 00:41:55 UTC] Automatic updates starting...
[07-Feb-2026 00:41:55 UTC] Automatic updates complete.
[07-Feb-2026 13:51:36 UTC] Automatic updates starting...
[07-Feb-2026 13:51:37 UTC] Automatic updates complete.
[08-Feb-2026 01:05:42 UTC] Automatic updates starting...
[08-Feb-2026 01:05:43 UTC] Automatic updates complete.
[08-Feb-2026 13:05:30 UTC] Automatic updates starting...
[08-Feb-2026 13:05:31 UTC] Automatic updates complete.
[09-Feb-2026 00:32:51 UTC] Automatic updates starting...
[09-Feb-2026 00:32:52 UTC] Automatic updates complete.
[09-Feb-2026 13:13:38 UTC] Automatic updates starting...
[09-Feb-2026 13:13:39 UTC] Automatic updates complete.
[10-Feb-2026 00:44:29 UTC] Automatic updates starting...
[10-Feb-2026 00:44:30 UTC] Automatic updates complete.
[10-Feb-2026 06:34:30 UTC] PHP Parse error:  syntax error, unexpected token "<<" in /var/www/html/wp-content/themes/twentytwentyfour/functions.php on line 244
[10-Feb-2026 06:35:14 UTC] PHP Warning:  mysqli_real_connect(): (HY000/2002): Connection refused in /var/www/html/wp-includes/class-wpdb.php on line 1994
[10-Feb-2026 06:35:44 UTC] PHP Parse error:  syntax error, unexpected token "<<" in /var/www/html/wp-content/themes/twentytwentyfour/functions.php on line 244
[10-Feb-2026 06:35:45 UTC] PHP Parse error:  syntax error, unexpected token "<<" in /var/www/html/wp-content/themes/twentytwentyfour/functions.php on line 244
[10-Feb-2026 06:35:46 UTC] PHP Parse error:  syntax error, unexpected token "<<" in /var/www/html/wp-content/themes/twentytwentyfour/functions.php on line 244
[10-Feb-2026 06:35:47 UTC] PHP Parse error:  syntax error, unexpected token "<<" in /var/www/html/wp-content/themes/twentytwentyfour/functions.php on line 244
[10-Feb-2026 06:35:49 UTC] PHP Parse error:  syntax error, unexpected token "<<" in /var/www/html/wp-content/themes/twentytwentyfour/functions.php on line 244
[10-Feb-2026 06:36:03 UTC] PHP Parse error:  syntax error, unexpected token "<<" in /var/www/html/wp-content/themes/twentytwentyfour/functions.php on line 244
[10-Feb-2026 06:36:10 UTC] PHP Parse error:  syntax error, unexpected token "<<" in /var/www/html/wp-content/themes/twentytwentyfour/functions.php on line 244
[10-Feb-2026 06:36:13 UTC] PHP Parse error:  syntax error, unexpected token "<<" in /var/www/html/wp-content/themes/twentytwentyfour/functions.php on line 244
[10-Feb-2026 06:36:13 UTC] PHP Parse error:  syntax error, unexpected token "<<" in /var/www/html/wp-content/themes/twentytwentyfour/functions.php on line 244
[10-Feb-2026 06:36:15 UTC] PHP Parse error:  syntax error, unexpected token "<<" in /var/www/html/wp-content/themes/twentytwentyfour/functions.php on line 244
[10-Feb-2026 06:36:16 UTC] PHP Parse error:  syntax error, unexpected token "<<" in /var/www/html/wp-content/themes/twentytwentyfour/functions.php on line 244
[10-Feb-2026 06:36:17 UTC] PHP Parse error:  syntax error, unexpected token "<<" in /var/www/html/wp-content/themes/twentytwentyfour/functions.php on line 244
[10-Feb-2026 06:36:17 UTC] PHP Parse error:  syntax error, unexpected token "<<" in /var/www/html/wp-content/themes/twentytwentyfour/functions.php on line 244
[10-Feb-2026 06:36:39 UTC] PHP Parse error:  syntax error, unexpected token "<<" in /var/www/html/wp-content/themes/twentytwentyfour/functions.php on line 244
[10-Feb-2026 06:56:54 UTC] PHP Parse error:  syntax error, unexpected token "<<" in /var/www/html/wp-content/themes/twentytwentyfour/functions.php on line 244
[10-Feb-2026 07:02:38 UTC] PHP Parse error:  syntax error, unexpected token "<<" in /var/www/html/wp-content/themes/twentytwentyfour/functions.php on line 244
[10-Feb-2026 07:20:17 UTC] PHP Fatal error:  Cannot redeclare vp_instruction_fallback_response() (previously declared in /var/www/html/wp-content/mu-plugins/vp-proxy-directus.php:213) in /var/www/html/wp-content/mu-plugins/vp-proxy-directus.php on line 266
[10-Feb-2026 13:22:59 UTC] Automatic updates starting...
[10-Feb-2026 13:23:00 UTC] Automatic updates complete.
[11-Feb-2026 00:32:12 UTC] Automatic updates starting...
[11-Feb-2026 00:32:13 UTC] Automatic updates complete.
[11-Feb-2026 11:34:05 UTC] PHP Notice:  _wp_delete_all_temp_backups(): Нет доступа к файловой системе. in /var/www/html/wp-includes/functions.php on line 6131
[11-Feb-2026 12:32:09 UTC] Automatic updates starting...
[11-Feb-2026 12:32:10 UTC] Automatic updates complete.
[11-Feb-2026 12:40:19 UTC] PHP Parse error:  syntax error, unexpected token "@", expecting ")" in /var/www/html/wp-content/themes/twentytwentyfour/functions.php on line 235
[11-Feb-2026 12:42:49 UTC] PHP Parse error:  syntax error, unexpected token "@", expecting ")" in /var/www/html/wp-content/themes/twentytwentyfour/functions.php on line 235
[11-Feb-2026 12:43:29 UTC] PHP Parse error:  syntax error, unexpected token "@", expecting ")" in /var/www/html/wp-content/themes/twentytwentyfour/functions.php on line 235
[11-Feb-2026 12:44:41 UTC] PHP Parse error:  syntax error, unexpected token "@", expecting ")" in /var/www/html/wp-content/themes/twentytwentyfour/functions.php on line 235
[11-Feb-2026 12:44:43 UTC] PHP Parse error:  syntax error, unexpected token "@", expecting ")" in /var/www/html/wp-content/themes/twentytwentyfour/functions.php on line 235
[11-Feb-2026 12:44:44 UTC] PHP Parse error:  syntax error, unexpected token "@", expecting ")" in /var/www/html/wp-content/themes/twentytwentyfour/functions.php on line 235
[11-Feb-2026 12:44:45 UTC] PHP Parse error:  syntax error, unexpected token "@", expecting ")" in /var/www/html/wp-content/themes/twentytwentyfour/functions.php on line 235
[11-Feb-2026 12:44:45 UTC] PHP Parse error:  syntax error, unexpected token "@", expecting ")" in /var/www/html/wp-content/themes/twentytwentyfour/functions.php on line 235
[11-Feb-2026 12:44:52 UTC] PHP Parse error:  syntax error, unexpected token "@", expecting ")" in /var/www/html/wp-content/themes/twentytwentyfour/functions.php on line 235
[11-Feb-2026 12:44:53 UTC] PHP Parse error:  syntax error, unexpected token "@", expecting ")" in /var/www/html/wp-content/themes/twentytwentyfour/functions.php on line 235
[11-Feb-2026 12:44:56 UTC] PHP Parse error:  syntax error, unexpected token "@", expecting ")" in /var/www/html/wp-content/themes/twentytwentyfour/functions.php on line 235
[11-Feb-2026 12:44:57 UTC] PHP Parse error:  syntax error, unexpected token "@", expecting ")" in /var/www/html/wp-content/themes/twentytwentyfour/functions.php on line 235
[11-Feb-2026 12:45:27 UTC] PHP Parse error:  syntax error, unexpected token "@", expecting ")" in /var/www/html/wp-content/themes/twentytwentyfour/functions.php on line 235
[11-Feb-2026 12:51:03 UTC] PHP Parse error:  syntax error, unexpected token "@", expecting ")" in /var/www/html/wp-content/themes/twentytwentyfour/functions.php on line 235
[11-Feb-2026 12:51:14 UTC] PHP Parse error:  syntax error, unexpected token "@", expecting ")" in /var/www/html/wp-content/themes/twentytwentyfour/functions.php on line 235
[11-Feb-2026 12:55:36 UTC] PHP Parse error:  syntax error, unexpected token "@", expecting ")" in /var/www/html/wp-content/themes/twentytwentyfour/functions.php on line 235
[11-Feb-2026 12:56:36 UTC] PHP Parse error:  syntax error, unexpected token "@", expecting ")" in /var/www/html/wp-content/themes/twentytwentyfour/functions.php on line 235
[11-Feb-2026 12:58:36 UTC] PHP Parse error:  syntax error, unexpected token "@", expecting ")" in /var/www/html/wp-content/themes/twentytwentyfour/functions.php on line 235
[11-Feb-2026 13:00:52 UTC] PHP Parse error:  syntax error, unexpected token "@", expecting ")" in /var/www/html/wp-content/themes/twentytwentyfour/functions.php on line 235
[11-Feb-2026 13:01:46 UTC] PHP Parse error:  syntax error, unexpected token "@", expecting ")" in /var/www/html/wp-content/themes/twentytwentyfour/functions.php on line 235
[11-Feb-2026 13:02:36 UTC] PHP Parse error:  syntax error, unexpected token "@", expecting ")" in /var/www/html/wp-content/themes/twentytwentyfour/functions.php on line 235
[11-Feb-2026 13:03:08 UTC] PHP Parse error:  syntax error, unexpected token "@", expecting ")" in /var/www/html/wp-content/themes/twentytwentyfour/functions.php on line 235
[11-Feb-2026 13:04:21 UTC] PHP Parse error:  syntax error, unexpected token "@", expecting ")" in /var/www/html/wp-content/themes/twentytwentyfour/functions.php on line 235
[11-Feb-2026 13:05:02 UTC] PHP Parse error:  syntax error, unexpected token "@", expecting ")" in /var/www/html/wp-content/themes/twentytwentyfour/functions.php on line 235
[11-Feb-2026 13:05:23 UTC] PHP Parse error:  syntax error, unexpected token "@", expecting ")" in /var/www/html/wp-content/themes/twentytwentyfour/functions.php on line 235
[11-Feb-2026 13:06:39 UTC] PHP Parse error:  syntax error, unexpected token "@", expecting ")" in /var/www/html/wp-content/themes/twentytwentyfour/functions.php on line 235
[11-Feb-2026 13:07:42 UTC] PHP Parse error:  syntax error, unexpected token "@", expecting ")" in /var/www/html/wp-content/themes/twentytwentyfour/functions.php on line 235
[12-Feb-2026 01:54:21 UTC] Automatic updates starting...
[12-Feb-2026 01:54:22 UTC] Automatic updates complete.
[12-Feb-2026 07:34:31 UTC] PHP Parse error:  Unclosed '{' on line 239 in /var/www/html/wp-content/themes/twentytwentyfour/functions.php on line 242
[12-Feb-2026 07:35:04 UTC] PHP Parse error:  Unclosed '{' on line 239 in /var/www/html/wp-content/themes/twentytwentyfour/functions.php on line 242
[12-Feb-2026 07:35:45 UTC] PHP Parse error:  Unclosed '{' on line 239 in /var/www/html/wp-content/themes/twentytwentyfour/functions.php on line 242
[12-Feb-2026 07:36:36 UTC] PHP Parse error:  Unclosed '{' on line 239 in /var/www/html/wp-content/themes/twentytwentyfour/functions.php on line 242
[12-Feb-2026 07:36:46 UTC] PHP Parse error:  Unclosed '{' on line 239 in /var/www/html/wp-content/themes/twentytwentyfour/functions.php on line 242
[12-Feb-2026 07:36:47 UTC] PHP Parse error:  Unclosed '{' on line 239 in /var/www/html/wp-content/themes/twentytwentyfour/functions.php on line 242
[12-Feb-2026 07:36:54 UTC] PHP Parse error:  Unclosed '{' on line 239 in /var/www/html/wp-content/themes/twentytwentyfour/functions.php on line 242
[12-Feb-2026 07:36:54 UTC] PHP Parse error:  Unclosed '{' on line 239 in /var/www/html/wp-content/themes/twentytwentyfour/functions.php on line 242
[12-Feb-2026 07:37:43 UTC] PHP Parse error:  Unclosed '{' on line 239 in /var/www/html/wp-content/themes/twentytwentyfour/functions.php on line 242
[12-Feb-2026 12:37:50 UTC] Automatic updates starting...
[12-Feb-2026 12:37:51 UTC] Automatic updates complete.
[13-Feb-2026 00:43:20 UTC] Automatic updates starting...
[13-Feb-2026 00:43:21 UTC] Automatic updates complete.
[13-Feb-2026 12:37:01 UTC] Automatic updates starting...
[13-Feb-2026 12:37:02 UTC] Automatic updates complete.
[14-Feb-2026 00:35:12 UTC] Automatic updates starting...
[14-Feb-2026 00:35:13 UTC] Automatic updates complete.
[14-Feb-2026 13:02:59 UTC] Automatic updates starting...
[14-Feb-2026 13:03:00 UTC] Automatic updates complete.
[15-Feb-2026 00:39:43 UTC] Automatic updates starting...
[15-Feb-2026 00:39:44 UTC] Automatic updates complete.
[15-Feb-2026 12:43:23 UTC] Automatic updates starting...
[15-Feb-2026 12:43:24 UTC] Automatic updates complete.
[16-Feb-2026 00:32:44 UTC] Automatic updates starting...
[16-Feb-2026 00:32:45 UTC] Automatic updates complete.
[16-Feb-2026 13:01:44 UTC] Automatic updates starting...
[16-Feb-2026 13:01:44 UTC] Automatic updates complete.
[17-Feb-2026 00:32:29 UTC] Automatic updates starting...
[17-Feb-2026 00:32:30 UTC] Automatic updates complete.
[17-Feb-2026 08:33:41 UTC] PHP Fatal error:  Cannot redeclare vp_directus_request() (previously declared in /var/www/html/wp-content/mu-plugins/vp-onboarding-admin.php:52) in /var/www/html/wp-content/mu-plugins/vp-proxy-directus.php on line 101
[17-Feb-2026 08:58:39 UTC] PHP Fatal error:  Cannot redeclare vp_directus_request() (previously declared in /var/www/html/wp-content/mu-plugins/vp-onboarding-admin.php:52) in /var/www/html/wp-content/mu-plugins/vp-proxy-directus.php on line 101
[17-Feb-2026 08:58:39 UTC] PHP Fatal error:  Cannot redeclare vp_directus_request() (previously declared in /var/www/html/wp-content/mu-plugins/vp-onboarding-admin.php:52) in /var/www/html/wp-content/mu-plugins/vp-proxy-directus.php on line 101
[17-Feb-2026 08:58:39 UTC] PHP Fatal error:  Cannot redeclare vp_directus_request() (previously declared in /var/www/html/wp-content/mu-plugins/vp-onboarding-admin.php:52) in /var/www/html/wp-content/mu-plugins/vp-proxy-directus.php on line 101
[17-Feb-2026 09:28:25 UTC] PHP Fatal error:  Cannot redeclare vp_directus_request() (previously declared in /var/www/html/wp-content/mu-plugins/vp-onboarding-admin.php:52) in /var/www/html/wp-content/mu-plugins/vp-proxy-directus.php on line 101
[17-Feb-2026 09:37:26 UTC] PHP Fatal error:  Cannot redeclare vp_directus_request() (previously declared in /var/www/html/wp-content/mu-plugins/vp-onboarding-admin.php:52) in /var/www/html/wp-content/mu-plugins/vp-proxy-directus.php on line 101
[17-Feb-2026 10:00:17 UTC] PHP Fatal error:  Cannot redeclare vp_directus_request() (previously declared in /var/www/html/wp-content/mu-plugins/vp-onboarding-admin.php:52) in /var/www/html/wp-content/mu-plugins/vp-proxy-directus.php on line 101
[17-Feb-2026 10:25:41 UTC] PHP Fatal error:  Cannot redeclare vp_directus_request() (previously declared in /var/www/html/wp-content/mu-plugins/vp-onboarding-admin.php:52) in /var/www/html/wp-content/mu-plugins/vp-proxy-directus.php on line 101
[17-Feb-2026 10:46:15 UTC] PHP Fatal error:  Cannot redeclare vp_directus_request() (previously declared in /var/www/html/wp-content/mu-plugins/vp-onboarding-admin.php:52) in /var/www/html/wp-content/mu-plugins/vp-proxy-directus.php on line 101
[17-Feb-2026 10:47:29 UTC] PHP Fatal error:  Cannot redeclare vp_directus_request() (previously declared in /var/www/html/wp-content/mu-plugins/vp-onboarding-admin.php:52) in /var/www/html/wp-content/mu-plugins/vp-proxy-directus.php on line 101
[17-Feb-2026 10:47:29 UTC] PHP Fatal error:  Cannot redeclare vp_directus_request() (previously declared in /var/www/html/wp-content/mu-plugins/vp-onboarding-admin.php:52) in /var/www/html/wp-content/mu-plugins/vp-proxy-directus.php on line 101
[17-Feb-2026 11:07:46 UTC] PHP Fatal error:  Cannot redeclare vp_directus_request() (previously declared in /var/www/html/wp-content/mu-plugins/vp-onboarding-admin.php:52) in /var/www/html/wp-content/mu-plugins/vp-proxy-directus.php on line 101
[17-Feb-2026 12:34:17 UTC] PHP Parse error:  syntax error, unexpected token "`" in /var/www/html/wp-content/mu-plugins/vp-onboarding-admin.php on line 550
[17-Feb-2026 12:34:49 UTC] PHP Parse error:  syntax error, unexpected token "`" in /var/www/html/wp-content/mu-plugins/vp-onboarding-admin.php on line 550
[17-Feb-2026 12:36:40 UTC] PHP Parse error:  syntax error, unexpected token "`" in /var/www/html/wp-content/mu-plugins/vp-onboarding-admin.php on line 550
[17-Feb-2026 12:36:41 UTC] PHP Parse error:  syntax error, unexpected token "`" in /var/www/html/wp-content/mu-plugins/vp-onboarding-admin.php on line 550
[17-Feb-2026 12:36:41 UTC] PHP Parse error:  syntax error, unexpected token "`" in /var/www/html/wp-content/mu-plugins/vp-onboarding-admin.php on line 550
[17-Feb-2026 12:36:48 UTC] PHP Parse error:  syntax error, unexpected token "`" in /var/www/html/wp-content/mu-plugins/vp-onboarding-admin.php on line 550
[17-Feb-2026 12:36:48 UTC] PHP Parse error:  syntax error, unexpected token "`" in /var/www/html/wp-content/mu-plugins/vp-onboarding-admin.php on line 550
[17-Feb-2026 12:39:20 UTC] PHP Parse error:  syntax error, unexpected token "`" in /var/www/html/wp-content/mu-plugins/vp-onboarding-admin.php on line 550
[17-Feb-2026 12:39:20 UTC] PHP Parse error:  syntax error, unexpected token "`" in /var/www/html/wp-content/mu-plugins/vp-onboarding-admin.php on line 550
[17-Feb-2026 12:48:34 UTC] Automatic updates starting...
[17-Feb-2026 12:48:34 UTC] Automatic updates complete.
[18-Feb-2026 01:29:48 UTC] Automatic updates starting...
[18-Feb-2026 01:29:49 UTC] Automatic updates complete.
[18-Feb-2026 07:02:49 UTC] [VP Onboarding] approve blocked: missing role mapping for user_type=demo
[18-Feb-2026 07:02:57 UTC] [VP Onboarding] approve blocked: missing role mapping for user_type=demo
[18-Feb-2026 07:02:59 UTC] [VP Onboarding] approve blocked: missing role mapping for user_type=demo
[18-Feb-2026 07:04:47 UTC] [VP Onboarding] approve blocked: missing role mapping for user_type=demo
[18-Feb-2026 07:22:22 UTC] [VP Onboarding] approve blocked: missing role mapping for user_type=demo
[18-Feb-2026 07:22:27 UTC] [VP Onboarding] approve blocked: missing role mapping for user_type=demo
[18-Feb-2026 07:22:38 UTC] [VP Onboarding] approve blocked: missing role mapping for user_type=demo
[18-Feb-2026 07:22:52 UTC] [VP Onboarding] approve blocked: missing role mapping for user_type=demo
[18-Feb-2026 07:23:54 UTC] [VP Onboarding] creating Directus user for email=test+d1@vseponyatno.local user_type=dentist role_id=5d9180b4-0e5a-4aa9-8931-79dc6696d33a
[18-Feb-2026 08:07:56 UTC] [VP Onboarding] ERROR: No role mapping for user_type {"user_type":"dentist"}
[18-Feb-2026 08:08:11 UTC] [VP Onboarding] ERROR: No role mapping for user_type {"user_type":"client"}
[18-Feb-2026 08:08:13 UTC] [VP Onboarding] ERROR: No role mapping for user_type {"user_type":"client"}
[18-Feb-2026 08:08:14 UTC] [VP Onboarding] ERROR: No role mapping for user_type {"user_type":"client"}
[18-Feb-2026 08:08:15 UTC] [VP Onboarding] ERROR: No role mapping for user_type {"user_type":"client"}
[18-Feb-2026 08:09:05 UTC] [VP Onboarding] ERROR: Directus patch request failed {"ok":false,"message":"Directus patch request failed","dx":{"ok":false,"code":403,"raw":"{\"errors\":[{\"message\":\"You don't have permission to access fields \\\"reviewed_by_email\\\", \\\"reviewed_by_wp_id\\\", \\\"reviewed_by_wp_login\\\" in collection \\\"vp_onboarding_requests\\\" or they do not exist. Queried in root.\",\"extensions\":{\"reason\":\"You don't have permission to access fields \\\"reviewed_by_email\\\", \\\"reviewed_by_wp_id\\\", \\\"reviewed_by_wp_login\\\" in collection \\\"vp_onboarding_requests\\\" or they do not exist. Queried in root.\",\"code\":\"FORBIDDEN\"}}]}","json":{"errors":[{"message":"You don't have permission to access fields \"reviewed_by_email\", \"reviewed_by_wp_id\", \"reviewed_by_wp_login\" in collection \"vp_onboarding_requests\" or they do not exist. Queried in root.","extensions":{"reason":"You don't have permission to access fields \"reviewed_by_email\", \"reviewed_by_wp_id\", \"reviewed_by_wp_login\" in collection \"vp_onboarding_requests\" or they do not exist. Queried in root.","code":"FORBIDDEN"}}]},"url":"http://vse_directus:8055/items/vp_onboarding_requests/11"}}
[18-Feb-2026 08:09:06 UTC] [VP Onboarding] ERROR: Directus patch request failed {"ok":false,"message":"Directus patch request failed","dx":{"ok":false,"code":403,"raw":"{\"errors\":[{\"message\":\"You don't have permission to access fields \\\"reviewed_by_email\\\", \\\"reviewed_by_wp_id\\\", \\\"reviewed_by_wp_login\\\" in collection \\\"vp_onboarding_requests\\\" or they do not exist. Queried in root.\",\"extensions\":{\"reason\":\"You don't have permission to access fields \\\"reviewed_by_email\\\", \\\"reviewed_by_wp_id\\\", \\\"reviewed_by_wp_login\\\" in collection \\\"vp_onboarding_requests\\\" or they do not exist. Queried in root.\",\"code\":\"FORBIDDEN\"}}]}","json":{"errors":[{"message":"You don't have permission to access fields \"reviewed_by_email\", \"reviewed_by_wp_id\", \"reviewed_by_wp_login\" in collection \"vp_onboarding_requests\" or they do not exist. Queried in root.","extensions":{"reason":"You don't have permission to access fields \"reviewed_by_email\", \"reviewed_by_wp_id\", \"reviewed_by_wp_login\" in collection \"vp_onboarding_requests\" or they do not exist. Queried in root.","code":"FORBIDDEN"}}]},"url":"http://vse_directus:8055/items/vp_onboarding_requests/11"}}
[18-Feb-2026 08:09:07 UTC] [VP Onboarding] ERROR: Directus patch request failed {"ok":false,"message":"Directus patch request failed","dx":{"ok":false,"code":403,"raw":"{\"errors\":[{\"message\":\"You don't have permission to access fields \\\"reviewed_by_email\\\", \\\"reviewed_by_wp_id\\\", \\\"reviewed_by_wp_login\\\" in collection \\\"vp_onboarding_requests\\\" or they do not exist. Queried in root.\",\"extensions\":{\"reason\":\"You don't have permission to access fields \\\"reviewed_by_email\\\", \\\"reviewed_by_wp_id\\\", \\\"reviewed_by_wp_login\\\" in collection \\\"vp_onboarding_requests\\\" or they do not exist. Queried in root.\",\"code\":\"FORBIDDEN\"}}]}","json":{"errors":[{"message":"You don't have permission to access fields \"reviewed_by_email\", \"reviewed_by_wp_id\", \"reviewed_by_wp_login\" in collection \"vp_onboarding_requests\" or they do not exist. Queried in root.","extensions":{"reason":"You don't have permission to access fields \"reviewed_by_email\", \"reviewed_by_wp_id\", \"reviewed_by_wp_login\" in collection \"vp_onboarding_requests\" or they do not exist. Queried in root.","code":"FORBIDDEN"}}]},"url":"http://vse_directus:8055/items/vp_onboarding_requests/11"}}
[18-Feb-2026 08:09:08 UTC] [VP Onboarding] ERROR: Directus patch request failed {"ok":false,"message":"Directus patch request failed","dx":{"ok":false,"code":403,"raw":"{\"errors\":[{\"message\":\"You don't have permission to access fields \\\"reviewed_by_email\\\", \\\"reviewed_by_wp_id\\\", \\\"reviewed_by_wp_login\\\" in collection \\\"vp_onboarding_requests\\\" or they do not exist. Queried in root.\",\"extensions\":{\"reason\":\"You don't have permission to access fields \\\"reviewed_by_email\\\", \\\"reviewed_by_wp_id\\\", \\\"reviewed_by_wp_login\\\" in collection \\\"vp_onboarding_requests\\\" or they do not exist. Queried in root.\",\"code\":\"FORBIDDEN\"}}]}","json":{"errors":[{"message":"You don't have permission to access fields \"reviewed_by_email\", \"reviewed_by_wp_id\", \"reviewed_by_wp_login\" in collection \"vp_onboarding_requests\" or they do not exist. Queried in root.","extensions":{"reason":"You don't have permission to access fields \"reviewed_by_email\", \"reviewed_by_wp_id\", \"reviewed_by_wp_login\" in collection \"vp_onboarding_requests\" or they do not exist. Queried in root.","code":"FORBIDDEN"}}]},"url":"http://vse_directus:8055/items/vp_onboarding_requests/11"}}
[18-Feb-2026 08:10:26 UTC] [VP Onboarding] ERROR: No role mapping for user_type {"user_type":"demo"}
[18-Feb-2026 08:51:31 UTC] [VP Onboarding] {"context":"list_failed","error":"Directus URL is not configured (VP_DIRECTUS_URL).","http_code":500,"directus_message":"","path":"","method":"","offset":0,"limit":25}
[18-Feb-2026 08:52:20 UTC] [VP Onboarding] {"context":"list_failed","error":"Directus URL is not configured (VP_DIRECTUS_URL).","http_code":500,"directus_message":"","path":"","method":"","offset":0,"limit":25}
[18-Feb-2026 08:52:33 UTC] [VP Onboarding] {"context":"list_failed","error":"Directus URL is not configured (VP_DIRECTUS_URL).","http_code":500,"directus_message":"","path":"","method":"","offset":25,"limit":25}
[18-Feb-2026 08:52:33 UTC] [VP Onboarding] {"context":"list_failed","error":"Directus URL is not configured (VP_DIRECTUS_URL).","http_code":500,"directus_message":"","path":"","method":"","offset":0,"limit":25}
[18-Feb-2026 08:53:51 UTC] [VP Onboarding] {"context":"list_failed","error":"Directus URL is not configured (VP_DIRECTUS_URL).","http_code":500,"directus_message":"","path":"","method":"","offset":0,"limit":25}
[18-Feb-2026 08:55:51 UTC] [VP Onboarding] {"context":"list_failed","error":"Directus token is not configured (VP_DIRECTUS_TOKEN).","http_code":500,"directus_message":"","path":"","method":"","offset":0,"limit":25}
[18-Feb-2026 08:57:01 UTC] [VP Onboarding] {"context":"list_failed","error":"Directus token is not configured (VP_DIRECTUS_TOKEN).","http_code":500,"directus_message":"","path":"","method":"","offset":0,"limit":25}
[18-Feb-2026 08:57:03 UTC] [VP Onboarding] {"context":"list_failed","error":"Directus token is not configured (VP_DIRECTUS_TOKEN).","http_code":500,"directus_message":"","path":"","method":"","offset":0,"limit":25}
[18-Feb-2026 11:14:35 UTC] PHP Fatal error:  Cannot redeclare vp_onboarding_admin_get_env() (previously declared in /var/www/html/wp-content/mu-plugins/vp-onboarding-admin.php:12) in /var/www/html/wp-content/mu-plugins/vp-onboarding-admin.php on line 12
[18-Feb-2026 11:23:42 UTC] [VP Onboarding] approve user_type_raw=car_owner normalized=car_owner
[18-Feb-2026 11:23:42 UTC] [VP Onboarding] {"context":"approve_user_failed","error":"Directus HTTP 403: You don't have permission to access collection \"directus_users\" or it does not exist. Queried in root.","http_code":403,"directus_message":"You don't have permission to access collection \"directus_users\" or it does not exist. Queried in root.","path":"/users","method":"POST","request_id":"15","email":"crimeaseeeeeeeeeeeeeee@yandex.ru"}
[18-Feb-2026 11:24:38 UTC] [VP Onboarding] approve user_type_raw=car_owner normalized=car_owner
[18-Feb-2026 11:24:38 UTC] [VP Onboarding] {"context":"approve_user_failed","error":"Directus HTTP 403: You don't have permission to access collection \"directus_users\" or it does not exist. Queried in root.","http_code":403,"directus_message":"You don't have permission to access collection \"directus_users\" or it does not exist. Queried in root.","path":"/users","method":"POST","request_id":"15","email":"crimeaseeeeeeeeeeeeeee@yandex.ru"}
[18-Feb-2026 11:33:37 UTC] PHP Notice:  _wp_delete_all_temp_backups(): Нет доступа к файловой системе. in /var/www/html/wp-includes/functions.php on line 6131
[18-Feb-2026 11:34:26 UTC] [VP Onboarding] approve user_type_raw=car_owner normalized=car_owner
[18-Feb-2026 11:34:26 UTC] [VP Onboarding] {"context":"decide_patch_failed","error":"Directus HTTP 500: An unexpected error occurred.","http_code":500,"directus_message":"An unexpected error occurred.","path":"/items/vp_onboarding_requests/15","method":"PATCH","request_id":"15","decision":"approve"}
[18-Feb-2026 11:35:15 UTC] [VP Onboarding] approve user_type_raw=car_owner normalized=car_owner
[18-Feb-2026 11:35:15 UTC] [VP Onboarding] {"context":"decide_patch_failed","error":"Directus HTTP 500: An unexpected error occurred.","http_code":500,"directus_message":"An unexpected error occurred.","path":"/items/vp_onboarding_requests/15","method":"PATCH","request_id":"15","decision":"approve"}
[18-Feb-2026 11:35:18 UTC] [VP Onboarding] approve user_type_raw=car_owner normalized=car_owner
[18-Feb-2026 11:35:18 UTC] [VP Onboarding] {"context":"decide_patch_failed","error":"Directus HTTP 500: An unexpected error occurred.","http_code":500,"directus_message":"An unexpected error occurred.","path":"/items/vp_onboarding_requests/15","method":"PATCH","request_id":"15","decision":"approve"}
[18-Feb-2026 11:35:22 UTC] [VP Onboarding] {"context":"approve_email_invalid","error":"Email не прошёл валидацию Directus. Используйте адрес с корректным публичным доменом (например user@example.com).","http_code":422,"directus_message":"Validation failed for field \"email\"","path":"","method":"","request_id":"14","email":"test+d1@vseponyatno.local"}
[18-Feb-2026 11:35:35 UTC] [VP Onboarding] {"context":"approve_email_invalid","error":"Email не прошёл валидацию Directus. Используйте адрес с корректным публичным доменом (например user@example.com).","http_code":422,"directus_message":"Validation failed for field \"email\"","path":"","method":"","request_id":"13","email":"test+approve@vseponyatno.local"}
[18-Feb-2026 11:35:48 UTC] [VP Onboarding] {"context":"approve_email_invalid","error":"Email не прошёл валидацию Directus. Используйте адрес с корректным публичным доменом (например user@example.com).","http_code":422,"directus_message":"Validation failed for field \"email\"","path":"","method":"","request_id":"14","email":"test+d1@vseponyatno.local"}
[18-Feb-2026 11:35:52 UTC] [VP Onboarding] approve user_type_raw=car_owner normalized=car_owner
[18-Feb-2026 11:35:52 UTC] [VP Onboarding] {"context":"decide_patch_failed","error":"Directus HTTP 500: An unexpected error occurred.","http_code":500,"directus_message":"An unexpected error occurred.","path":"/items/vp_onboarding_requests/15","method":"PATCH","request_id":"15","decision":"approve"}
[18-Feb-2026 11:42:45 UTC] [VP Onboarding] approve user_type_raw=car_owner normalized=car_owner
[18-Feb-2026 11:42:45 UTC] [VP Onboarding] {"context":"decide_patch_failed","error":"Directus HTTP 500: An unexpected error occurred.","http_code":500,"directus_message":"An unexpected error occurred.","path":"/items/vp_onboarding_requests/15","method":"PATCH","request_id":"15","decision":"approve"}
[18-Feb-2026 11:43:28 UTC] [VP Onboarding] approve user_type_raw=car_owner normalized=car_owner
[18-Feb-2026 11:43:28 UTC] [VP Onboarding] {"context":"decide_patch_failed","error":"Directus HTTP 500: An unexpected error occurred.","http_code":500,"directus_message":"An unexpected error occurred.","path":"/items/vp_onboarding_requests/15","method":"PATCH","request_id":"15","decision":"approve"}
[18-Feb-2026 11:52:43 UTC] [VP Onboarding] approve user_type_raw=car_owner normalized=car_owner
[18-Feb-2026 12:02:24 UTC] [VP Onboarding] {"context":"approve_email_invalid","error":"Email не прошёл валидацию Directus. Используйте адрес с корректным публичным доменом (например user@example.com).","http_code":422,"directus_message":"Validation failed for field \"email\"","path":"","method":"","request_id":"14","email":"test+d1@vseponyatno.local"}
[18-Feb-2026 12:05:03 UTC] [VP Onboarding] approve user_type_raw=location_owner normalized=location_owner
[18-Feb-2026 12:05:03 UTC] [VP Onboarding] {"context":"approve_role_missing","error":"Directus role is not configured for user_type: location_owner. Set env VP_DX_ROLE_LOCATION_OWNER (or VP_DX_ROLE_CAR_OWNER / VP_DX_ROLE_API_PUBLIC).","http_code":422,"directus_message":"","path":"","method":"","request_id":"16","user_type":"location_owner"}
[18-Feb-2026 12:05:08 UTC] [VP Onboarding] approve user_type_raw=location_owner normalized=location_owner
[18-Feb-2026 12:05:08 UTC] [VP Onboarding] {"context":"approve_role_missing","error":"Directus role is not configured for user_type: location_owner. Set env VP_DX_ROLE_LOCATION_OWNER (or VP_DX_ROLE_CAR_OWNER / VP_DX_ROLE_API_PUBLIC).","http_code":422,"directus_message":"","path":"","method":"","request_id":"16","user_type":"location_owner"}
[18-Feb-2026 12:08:25 UTC] [VP Onboarding] approve user_type_raw=location_owner normalized=location_owner
[18-Feb-2026 12:08:25 UTC] [VP Onboarding] {"context":"approve_role_missing","error":"Directus role is not configured for user_type: location_owner. Set env VP_DX_ROLE_LOCATION_OWNER (or VP_DX_ROLE_CAR_OWNER / VP_DX_ROLE_API_PUBLIC).","http_code":422,"directus_message":"","path":"","method":"","request_id":"16","user_type":"location_owner"}
[18-Feb-2026 12:19:02 UTC] [VP Onboarding] approve user_type_raw=location_owner normalized=location_owner
[18-Feb-2026 12:32:49 UTC] Automatic updates starting...
[18-Feb-2026 12:32:50 UTC] Automatic updates complete.
[18-Feb-2026 13:09:20 UTC] [VP Onboarding] approve user_type_raw=dentist normalized=dentist
[18-Feb-2026 13:09:21 UTC] [VP Onboarding] {"context":"approve_profile_failed","error":"Directus HTTP 500: An unexpected error occurred.","http_code":500,"directus_message":"An unexpected error occurred.","path":"/items/vp_user_profiles","method":"POST","request_id":"17","user_id":"1203f3e9-349c-46b3-b23e-67756e860e6a","user_type":"dentist"}
[18-Feb-2026 13:27:00 UTC] [VP Onboarding] approve user_type_raw=dentist normalized=dentist
[18-Feb-2026 20:54:33 UTC] [VP Onboarding] approve user_type_raw=dentist normalized=dentist
[19-Feb-2026 00:33:20 UTC] Automatic updates starting...
[19-Feb-2026 00:33:21 UTC] Automatic updates complete.
[19-Feb-2026 02:35:55 UTC] [vp-app] runtime log write failed: 2026-02-19T02:35:55+00:00 [vp-app] level=error action=app_me user=unknown ip=195.49.205.54 msg="You don't have permission to access collection \"vp_memberships\" or it does not exist. Queried in root." ctx={"request_id":"00a8bd1a43fa8448","status":403,"user_id":"unknown"}

[19-Feb-2026 05:21:41 UTC] [vp-app] runtime log write failed: 2026-02-19T05:21:41+00:00 [vp-app] level=error action=app_me user=unknown ip=176.208.74.10 msg="You don't have permission to access field \"user_type\" in collection \"vp_memberships\" or it does not exist. Queried in root." ctx={"request_id":"15605506ac2c3532","status":403,"user_id":"unknown"}

[19-Feb-2026 05:22:37 UTC] [vp-app] runtime log write failed: 2026-02-19T05:22:37+00:00 [vp-app] level=error action=app_me user=unknown ip=176.208.74.10 msg="You don't have permission to access field \"user_type\" in collection \"vp_memberships\" or it does not exist. Queried in root." ctx={"request_id":"79755ee6816f28b3","status":403,"user_id":"unknown"}

[19-Feb-2026 05:22:41 UTC] [vp-app] runtime log write failed: 2026-02-19T05:22:41+00:00 [vp-app] level=error action=app_me user=unknown ip=176.208.74.10 msg="You don't have permission to access field \"user_type\" in collection \"vp_memberships\" or it does not exist. Queried in root." ctx={"request_id":"3cd2b94a69ffe353","status":403,"user_id":"unknown"}

[19-Feb-2026 05:23:51 UTC] [vp-app] runtime log write failed: 2026-02-19T05:23:51+00:00 [vp-app] level=error action=app_me user=unknown ip=176.208.74.10 msg="You don't have permission to access field \"user_type\" in collection \"vp_memberships\" or it does not exist. Queried in root." ctx={"request_id":"1a2f212929af0b13","status":403,"user_id":"unknown"}

[19-Feb-2026 05:55:07 UTC] [vp-app] runtime log write failed: 2026-02-19T05:55:07+00:00 [vp-app] level=error action=app_me user=unknown ip=176.208.74.10 msg="Token expired." ctx={"request_id":"cd73a93029704ee3","status":401,"user_id":"unknown"}

[19-Feb-2026 05:55:27 UTC] [vp-app] runtime log write failed: 2026-02-19T05:55:27+00:00 [vp-app] level=info action=app_me_boot user=c2feda5f-ee02-47c0-bc29-554911ae25c9 ip=176.208.74.10 msg="Payload built" ctx={"request_id":"edae60f0aa328616","user_id":"c2feda5f-ee02-47c0-bc29-554911ae25c9","memberships_count":0,"active_tenant_id":""}

[19-Feb-2026 06:00:28 UTC] [vp-app] runtime log write failed: 2026-02-19T06:00:28+00:00 [vp-app] level=info action=app_me_boot user=c2feda5f-ee02-47c0-bc29-554911ae25c9 ip=176.208.74.10 msg="Payload built" ctx={"request_id":"d169f4b46f87ebe0","user_id":"c2feda5f-ee02-47c0-bc29-554911ae25c9","memberships_count":0,"active_tenant_id":""}

[19-Feb-2026 07:15:15 UTC] [vp-app] runtime diag failed path=/opt/vseponyatno/runtime is_dir=0 writable=0 uid=33 gid=33 user= sapi=apache2handler open_basedir= last_error=mkdir(): Permission denied
[19-Feb-2026 07:15:16 UTC] [vp-app] runtime diag failed path=/opt/vseponyatno/runtime is_dir=0 writable=0 uid=33 gid=33 user= sapi=apache2handler open_basedir= last_error=mkdir(): Permission denied
[19-Feb-2026 07:15:34 UTC] [vp-app] runtime diag failed path=/opt/vseponyatno/runtime is_dir=0 writable=0 uid=33 gid=33 user= sapi=apache2handler open_basedir= last_error=mkdir(): Permission denied
[19-Feb-2026 07:15:35 UTC] [vp-app] runtime diag failed path=/opt/vseponyatno/runtime is_dir=0 writable=0 uid=33 gid=33 user= sapi=apache2handler open_basedir= last_error=mkdir(): Permission denied
[19-Feb-2026 07:15:35 UTC] [vp-app] runtime diag failed path=/opt/vseponyatno/runtime is_dir=0 writable=0 uid=33 gid=33 user= sapi=apache2handler open_basedir= last_error=mkdir(): Permission denied
[19-Feb-2026 07:15:35 UTC] [vp-app] runtime diag failed path=/opt/vseponyatno/runtime is_dir=0 writable=0 uid=33 gid=33 user= sapi=apache2handler open_basedir= last_error=mkdir(): Permission denied
[19-Feb-2026 07:15:35 UTC] [vp-app] runtime log write failed: 2026-02-19T07:15:35+00:00 [vp-app] level=info action=app_me_boot user=c2feda5f-ee02-47c0-bc29-554911ae25c9 ip=176.208.74.10 msg="Payload built" ctx={"request_id":"4322395b735f6716","user_id":"c2feda5f-ee02-47c0-bc29-554911ae25c9","memberships_count":0,"active_tenant_id":""}

[19-Feb-2026 07:15:43 UTC] [vp-app] runtime diag failed path=/opt/vseponyatno/runtime is_dir=0 writable=0 uid=33 gid=33 user= sapi=apache2handler open_basedir= last_error=mkdir(): Permission denied
[19-Feb-2026 07:16:08 UTC] [vp-app] runtime diag failed path=/opt/vseponyatno/runtime is_dir=0 writable=0 uid=33 gid=33 user= sapi=apache2handler open_basedir= last_error=mkdir(): Permission denied
[19-Feb-2026 07:16:09 UTC] [vp-app] runtime log write failed: 2026-02-19T07:16:09+00:00 [vp-app] level=error action=profile_update_error user=c2feda5f-ee02-47c0-bc29-554911ae25c9 ip=176.208.74.10 msg="You don't have permission to access collection \"directus_users\" or it does not exist. Queried in root." ctx={"request_id":"d1dd8ec5e4633131","status":403,"user_id":"c2feda5f-ee02-47c0-bc29-554911ae25c9"}

[19-Feb-2026 07:17:10 UTC] [vp-app] runtime diag failed path=/opt/vseponyatno/runtime is_dir=0 writable=0 uid=33 gid=33 user= sapi=apache2handler open_basedir= last_error=mkdir(): Permission denied
[19-Feb-2026 07:17:10 UTC] [vp-app] runtime log write failed: 2026-02-19T07:17:10+00:00 [vp-app] level=error action=profile_update_error user=c2feda5f-ee02-47c0-bc29-554911ae25c9 ip=176.208.74.10 msg="profile_not_found" ctx={"request_id":"8703602f210b2eaa","status":404,"user_id":"c2feda5f-ee02-47c0-bc29-554911ae25c9"}

[19-Feb-2026 07:17:13 UTC] [vp-app] runtime diag failed path=/opt/vseponyatno/runtime is_dir=0 writable=0 uid=33 gid=33 user= sapi=apache2handler open_basedir= last_error=mkdir(): Permission denied
[19-Feb-2026 07:17:13 UTC] [vp-app] runtime log write failed: 2026-02-19T07:17:13+00:00 [vp-app] level=error action=profile_update_error user=c2feda5f-ee02-47c0-bc29-554911ae25c9 ip=176.208.74.10 msg="profile_not_found" ctx={"request_id":"c5543034cd2f3526","status":404,"user_id":"c2feda5f-ee02-47c0-bc29-554911ae25c9"}

[19-Feb-2026 07:17:22 UTC] [vp-app] runtime diag failed path=/opt/vseponyatno/runtime is_dir=0 writable=0 uid=33 gid=33 user= sapi=apache2handler open_basedir= last_error=mkdir(): Permission denied
[19-Feb-2026 07:17:22 UTC] [vp-app] runtime log write failed: 2026-02-19T07:17:22+00:00 [vp-app] level=error action=avatar_upload_error user=c2feda5f-ee02-47c0-bc29-554911ae25c9 ip=176.208.74.10 msg="You don't have permission to access collection \"directus_files\" or it does not exist. Queried in root." ctx={"request_id":"f975fcffd896ae7d","status":403,"user_id":"c2feda5f-ee02-47c0-bc29-554911ae25c9","size":147814,"type":"image\/png"}

[19-Feb-2026 07:17:27 UTC] [vp-app] runtime diag failed path=/opt/vseponyatno/runtime is_dir=0 writable=0 uid=33 gid=33 user= sapi=apache2handler open_basedir= last_error=mkdir(): Permission denied
[19-Feb-2026 07:17:30 UTC] [vp-app] runtime diag failed path=/opt/vseponyatno/runtime is_dir=0 writable=0 uid=33 gid=33 user= sapi=apache2handler open_basedir= last_error=mkdir(): Permission denied
[19-Feb-2026 07:17:30 UTC] [vp-app] runtime diag failed path=/opt/vseponyatno/runtime is_dir=0 writable=0 uid=33 gid=33 user= sapi=apache2handler open_basedir= last_error=mkdir(): Permission denied
[19-Feb-2026 07:17:40 UTC] [vp-app] runtime diag failed path=/opt/vseponyatno/runtime is_dir=0 writable=0 uid=33 gid=33 user= sapi=apache2handler open_basedir= last_error=mkdir(): Permission denied
[19-Feb-2026 07:18:23 UTC] [vp-app] runtime diag failed path=/opt/vseponyatno/runtime is_dir=0 writable=0 uid=33 gid=33 user= sapi=apache2handler open_basedir= last_error=mkdir(): Permission denied
[19-Feb-2026 07:18:23 UTC] [vp-app] runtime log write failed: 2026-02-19T07:18:23+00:00 [vp-app] level=error action=profile_update_error user=c2feda5f-ee02-47c0-bc29-554911ae25c9 ip=176.208.74.10 msg="profile_not_found" ctx={"request_id":"3409844c6e6b3e7f","status":404,"user_id":"c2feda5f-ee02-47c0-bc29-554911ae25c9"}

[19-Feb-2026 07:19:48 UTC] [vp-app] runtime diag failed path=/opt/vseponyatno/runtime is_dir=0 writable=0 uid=33 gid=33 user= sapi=apache2handler open_basedir= last_error=mkdir(): Permission denied
[19-Feb-2026 07:19:48 UTC] [vp-app] runtime log write failed: 2026-02-19T07:19:48+00:00 [vp-app] level=error action=diag_runtime user=unknown ip=31.128.40.56 msg="Unauthorized: vp_dx_at is missing" ctx={"request_id":"dfe25eb291fd2556"}

[19-Feb-2026 07:24:47 UTC] [vp-app] runtime diag failed path=/opt/vseponyatno/runtime is_dir=0 writable=0 uid=33 gid=33 user= sapi=apache2handler open_basedir= last_error=mkdir(): Permission denied
[19-Feb-2026 07:26:04 UTC] [vp-app] runtime diag failed path=/opt/vseponyatno/runtime is_dir=0 writable=0 uid=33 gid=33 user= sapi=apache2handler open_basedir= last_error=mkdir(): Permission denied
[19-Feb-2026 07:26:04 UTC] [vp-app] runtime diag failed path=/opt/vseponyatno/runtime is_dir=0 writable=0 uid=33 gid=33 user= sapi=apache2handler open_basedir= last_error=mkdir(): Permission denied
[19-Feb-2026 07:26:04 UTC] [vp-app] runtime diag failed path=/opt/vseponyatno/runtime is_dir=0 writable=0 uid=33 gid=33 user= sapi=apache2handler open_basedir= last_error=mkdir(): Permission denied
[19-Feb-2026 11:16:57 UTC] PHP Warning:  Undefined variable $serviceToken in /var/www/html/wp-content/mu-plugins/vp-app.php on line 284
[19-Feb-2026 11:17:06 UTC] PHP Warning:  Undefined variable $serviceToken in /var/www/html/wp-content/mu-plugins/vp-app.php on line 284
[19-Feb-2026 13:25:16 UTC] Automatic updates starting...
[19-Feb-2026 13:25:17 UTC] Automatic updates complete.
[20-Feb-2026 00:54:10 UTC] Automatic updates starting...
[20-Feb-2026 00:54:11 UTC] Automatic updates complete.
[03-Mar-2026 18:20:20 UTC] PHP Notice:  _wp_delete_all_temp_backups(): Нет доступа к файловой системе. in /var/www/html/wp-includes/functions.php on line 6131
[04-Mar-2026 01:12:17 UTC] Automatic updates starting...
[04-Mar-2026 01:12:18 UTC] Automatic updates complete.
[04-Mar-2026 10:06:29 UTC] PHP Fatal error:  Uncaught Error: Call to undefined function wp_tempnam() in /var/www/html/wp-content/mu-plugins/vp-files.php:285
Stack trace:
#0 /var/www/html/wp-includes/rest-api/class-wp-rest-server.php(1292): vp_files_handle_upload(Object(WP_REST_Request))
#1 /var/www/html/wp-includes/rest-api/class-wp-rest-server.php(1125): WP_REST_Server->respond_to_request(Object(WP_REST_Request), '/vp/v1/upload', Array, NULL)
#2 /var/www/html/wp-includes/rest-api/class-wp-rest-server.php(439): WP_REST_Server->dispatch(Object(WP_REST_Request))
#3 /var/www/html/wp-includes/rest-api.php(467): WP_REST_Server->serve_request('/vp/v1/upload')
#4 /var/www/html/wp-includes/class-wp-hook.php(341): rest_api_loaded(Object(WP))
#5 /var/www/html/wp-includes/class-wp-hook.php(365): WP_Hook->apply_filters('', Array)
#6 /var/www/html/wp-includes/plugin.php(570): WP_Hook->do_action(Array)
#7 /var/www/html/wp-includes/class-wp.php(418): do_action_ref_array('parse_request', Array)
#8 /var/www/html/wp-includes/class-wp.php(821): WP->parse_request('')
#9 /var/www/html/wp-includes/functions.php(1343): WP->main('')
#10 /var/www/html/wp-blog-header.php(16): wp()
#11 /var/www/html/index.php(17): require('/var/www/html/w...')
#12 {main}
  thrown in /var/www/html/wp-content/mu-plugins/vp-files.php on line 285
[04-Mar-2026 10:54:18 UTC] PHP Fatal error:  Uncaught Error: Call to undefined function wp_tempnam() in /var/www/html/wp-content/mu-plugins/vp-files.php:285
Stack trace:
#0 /var/www/html/wp-includes/rest-api/class-wp-rest-server.php(1292): vp_files_handle_upload(Object(WP_REST_Request))
#1 /var/www/html/wp-includes/rest-api/class-wp-rest-server.php(1125): WP_REST_Server->respond_to_request(Object(WP_REST_Request), '/vp/v1/upload', Array, NULL)
#2 /var/www/html/wp-includes/rest-api/class-wp-rest-server.php(439): WP_REST_Server->dispatch(Object(WP_REST_Request))
#3 /var/www/html/wp-includes/rest-api.php(467): WP_REST_Server->serve_request('/vp/v1/upload')
#4 /var/www/html/wp-includes/class-wp-hook.php(341): rest_api_loaded(Object(WP))
#5 /var/www/html/wp-includes/class-wp-hook.php(365): WP_Hook->apply_filters('', Array)
#6 /var/www/html/wp-includes/plugin.php(570): WP_Hook->do_action(Array)
#7 /var/www/html/wp-includes/class-wp.php(418): do_action_ref_array('parse_request', Array)
#8 /var/www/html/wp-includes/class-wp.php(821): WP->parse_request('')
#9 /var/www/html/wp-includes/functions.php(1343): WP->main('')
#10 /var/www/html/wp-blog-header.php(16): wp()
#11 /var/www/html/index.php(17): require('/var/www/html/w...')
#12 {main}
  thrown in /var/www/html/wp-content/mu-plugins/vp-files.php on line 285
[04-Mar-2026 10:54:25 UTC] PHP Fatal error:  Uncaught Error: Call to undefined function wp_tempnam() in /var/www/html/wp-content/mu-plugins/vp-files.php:285
Stack trace:
#0 /var/www/html/wp-includes/rest-api/class-wp-rest-server.php(1292): vp_files_handle_upload(Object(WP_REST_Request))
#1 /var/www/html/wp-includes/rest-api/class-wp-rest-server.php(1125): WP_REST_Server->respond_to_request(Object(WP_REST_Request), '/vp/v1/upload', Array, NULL)
#2 /var/www/html/wp-includes/rest-api/class-wp-rest-server.php(439): WP_REST_Server->dispatch(Object(WP_REST_Request))
#3 /var/www/html/wp-includes/rest-api.php(467): WP_REST_Server->serve_request('/vp/v1/upload')
#4 /var/www/html/wp-includes/class-wp-hook.php(341): rest_api_loaded(Object(WP))
#5 /var/www/html/wp-includes/class-wp-hook.php(365): WP_Hook->apply_filters('', Array)
#6 /var/www/html/wp-includes/plugin.php(570): WP_Hook->do_action(Array)
#7 /var/www/html/wp-includes/class-wp.php(418): do_action_ref_array('parse_request', Array)
#8 /var/www/html/wp-includes/class-wp.php(821): WP->parse_request('')
#9 /var/www/html/wp-includes/functions.php(1343): WP->main('')
#10 /var/www/html/wp-blog-header.php(16): wp()
#11 /var/www/html/index.php(17): require('/var/www/html/w...')
#12 {main}
  thrown in /var/www/html/wp-content/mu-plugins/vp-files.php on line 285
[04-Mar-2026 10:57:23 UTC] PHP Fatal error:  Uncaught Error: Call to undefined function wp_tempnam() in /var/www/html/wp-content/mu-plugins/vp-files.php:285
Stack trace:
#0 /var/www/html/wp-includes/rest-api/class-wp-rest-server.php(1292): vp_files_handle_upload(Object(WP_REST_Request))
#1 /var/www/html/wp-includes/rest-api/class-wp-rest-server.php(1125): WP_REST_Server->respond_to_request(Object(WP_REST_Request), '/vp/v1/upload', Array, NULL)
#2 /var/www/html/wp-includes/rest-api/class-wp-rest-server.php(439): WP_REST_Server->dispatch(Object(WP_REST_Request))
#3 /var/www/html/wp-includes/rest-api.php(467): WP_REST_Server->serve_request('/vp/v1/upload')
#4 /var/www/html/wp-includes/class-wp-hook.php(341): rest_api_loaded(Object(WP))
#5 /var/www/html/wp-includes/class-wp-hook.php(365): WP_Hook->apply_filters('', Array)
#6 /var/www/html/wp-includes/plugin.php(570): WP_Hook->do_action(Array)
#7 /var/www/html/wp-includes/class-wp.php(418): do_action_ref_array('parse_request', Array)
#8 /var/www/html/wp-includes/class-wp.php(821): WP->parse_request('')
#9 /var/www/html/wp-includes/functions.php(1343): WP->main('')
#10 /var/www/html/wp-blog-header.php(16): wp()
#11 /var/www/html/index.php(17): require('/var/www/html/w...')
#12 {main}
  thrown in /var/www/html/wp-content/mu-plugins/vp-files.php on line 285
[04-Mar-2026 10:57:55 UTC] PHP Fatal error:  Uncaught Error: Call to undefined function wp_tempnam() in /var/www/html/wp-content/mu-plugins/vp-files.php:285
Stack trace:
#0 /var/www/html/wp-includes/rest-api/class-wp-rest-server.php(1292): vp_files_handle_upload(Object(WP_REST_Request))
#1 /var/www/html/wp-includes/rest-api/class-wp-rest-server.php(1125): WP_REST_Server->respond_to_request(Object(WP_REST_Request), '/vp/v1/upload', Array, NULL)
#2 /var/www/html/wp-includes/rest-api/class-wp-rest-server.php(439): WP_REST_Server->dispatch(Object(WP_REST_Request))
#3 /var/www/html/wp-includes/rest-api.php(467): WP_REST_Server->serve_request('/vp/v1/upload')
#4 /var/www/html/wp-includes/class-wp-hook.php(341): rest_api_loaded(Object(WP))
#5 /var/www/html/wp-includes/class-wp-hook.php(365): WP_Hook->apply_filters('', Array)
#6 /var/www/html/wp-includes/plugin.php(570): WP_Hook->do_action(Array)
#7 /var/www/html/wp-includes/class-wp.php(418): do_action_ref_array('parse_request', Array)
#8 /var/www/html/wp-includes/class-wp.php(821): WP->parse_request('')
#9 /var/www/html/wp-includes/functions.php(1343): WP->main('')
#10 /var/www/html/wp-blog-header.php(16): wp()
#11 /var/www/html/index.php(17): require('/var/www/html/w...')
#12 {main}
  thrown in /var/www/html/wp-content/mu-plugins/vp-files.php on line 285
[04-Mar-2026 11:35:20 UTC] PHP Notice:  _wp_delete_all_temp_backups(): Нет доступа к файловой системе. in /var/www/html/wp-includes/functions.php on line 6131
[04-Mar-2026 12:32:09 UTC] Automatic updates starting...
[04-Mar-2026 12:32:09 UTC] Automatic updates complete.
[05-Mar-2026 00:47:19 UTC] Automatic updates starting...
[05-Mar-2026 00:47:20 UTC] Automatic updates complete.
[05-Mar-2026 11:31:56 UTC] PHP Parse error:  Unclosed '{' on line 552 in /var/www/html/wp-content/mu-plugins/vp-proxy-directus.php on line 745
[05-Mar-2026 11:31:56 UTC] PHP Parse error:  Unclosed '{' on line 552 in /var/www/html/wp-content/mu-plugins/vp-proxy-directus.php on line 745
[05-Mar-2026 11:53:47 UTC] PHP Parse error:  Unclosed '{' on line 552 in /var/www/html/wp-content/mu-plugins/vp-proxy-directus.php on line 745
[05-Mar-2026 11:53:47 UTC] PHP Parse error:  Unclosed '{' on line 552 in /var/www/html/wp-content/mu-plugins/vp-proxy-directus.php on line 745
[05-Mar-2026 11:53:49 UTC] PHP Parse error:  Unclosed '{' on line 552 in /var/www/html/wp-content/mu-plugins/vp-proxy-directus.php on line 745
[05-Mar-2026 11:53:49 UTC] PHP Parse error:  Unclosed '{' on line 552 in /var/www/html/wp-content/mu-plugins/vp-proxy-directus.php on line 745
[05-Mar-2026 12:05:24 UTC] PHP Parse error:  Unclosed '{' on line 552 in /var/www/html/wp-content/mu-plugins/vp-proxy-directus.php on line 745
[05-Mar-2026 12:16:52 UTC] PHP Parse error:  Unclosed '{' on line 552 in /var/www/html/wp-content/mu-plugins/vp-proxy-directus.php on line 745
[05-Mar-2026 12:16:53 UTC] PHP Parse error:  Unclosed '{' on line 552 in /var/www/html/wp-content/mu-plugins/vp-proxy-directus.php on line 745
[05-Mar-2026 12:28:18 UTC] PHP Parse error:  Unclosed '{' on line 552 in /var/www/html/wp-content/mu-plugins/vp-proxy-directus.php on line 745
[05-Mar-2026 12:36:07 UTC] PHP Parse error:  Unclosed '{' on line 552 in /var/www/html/wp-content/mu-plugins/vp-proxy-directus.php on line 745
[05-Mar-2026 12:36:07 UTC] PHP Parse error:  Unclosed '{' on line 552 in /var/www/html/wp-content/mu-plugins/vp-proxy-directus.php on line 745
[05-Mar-2026 12:36:41 UTC] PHP Parse error:  Unclosed '{' on line 552 in /var/www/html/wp-content/mu-plugins/vp-proxy-directus.php on line 745
[05-Mar-2026 12:36:41 UTC] PHP Parse error:  Unclosed '{' on line 552 in /var/www/html/wp-content/mu-plugins/vp-proxy-directus.php on line 745
[05-Mar-2026 12:37:41 UTC] PHP Parse error:  Unclosed '{' on line 552 in /var/www/html/wp-content/mu-plugins/vp-proxy-directus.php on line 745
[05-Mar-2026 12:53:10 UTC] PHP Parse error:  Unclosed '{' on line 552 in /var/www/html/wp-content/mu-plugins/vp-proxy-directus.php on line 745
[05-Mar-2026 12:56:30 UTC] PHP Parse error:  Unclosed '{' on line 552 in /var/www/html/wp-content/mu-plugins/vp-proxy-directus.php on line 745
[05-Mar-2026 13:03:55 UTC] PHP Fatal error:  Cannot redeclare vp_3d_job_create() (previously declared in /var/www/html/wp-content/mu-plugins/vp-3d-job.php:7) in /var/www/html/wp-content/mu-plugins/vp-proxy-directus.php on line 680
[05-Mar-2026 13:08:52 UTC] PHP Fatal error:  Cannot redeclare vp_3d_job_create() (previously declared in /var/www/html/wp-content/mu-plugins/vp-3d-job.php:7) in /var/www/html/wp-content/mu-plugins/vp-proxy-directus.php on line 680
[05-Mar-2026 13:08:53 UTC] PHP Fatal error:  Cannot redeclare vp_3d_job_create() (previously declared in /var/www/html/wp-content/mu-plugins/vp-3d-job.php:7) in /var/www/html/wp-content/mu-plugins/vp-proxy-directus.php on line 680
[05-Mar-2026 13:08:58 UTC] PHP Fatal error:  Cannot redeclare vp_3d_job_create() (previously declared in /var/www/html/wp-content/mu-plugins/vp-3d-job.php:7) in /var/www/html/wp-content/mu-plugins/vp-proxy-directus.php on line 680
[05-Mar-2026 13:08:58 UTC] PHP Fatal error:  Cannot redeclare vp_3d_job_create() (previously declared in /var/www/html/wp-content/mu-plugins/vp-3d-job.php:7) in /var/www/html/wp-content/mu-plugins/vp-proxy-directus.php on line 680
[05-Mar-2026 13:10:12 UTC] PHP Fatal error:  Cannot redeclare vp_3d_job_create() (previously declared in /var/www/html/wp-content/mu-plugins/vp-3d-job.php:7) in /var/www/html/wp-content/mu-plugins/vp-proxy-directus.php on line 680
[05-Mar-2026 13:10:12 UTC] PHP Fatal error:  Cannot redeclare vp_3d_job_create() (previously declared in /var/www/html/wp-content/mu-plugins/vp-3d-job.php:7) in /var/www/html/wp-content/mu-plugins/vp-proxy-directus.php on line 680
[05-Mar-2026 13:10:14 UTC] PHP Fatal error:  Cannot redeclare vp_3d_job_create() (previously declared in /var/www/html/wp-content/mu-plugins/vp-3d-job.php:7) in /var/www/html/wp-content/mu-plugins/vp-proxy-directus.php on line 680
[05-Mar-2026 13:10:14 UTC] PHP Fatal error:  Cannot redeclare vp_3d_job_create() (previously declared in /var/www/html/wp-content/mu-plugins/vp-3d-job.php:7) in /var/www/html/wp-content/mu-plugins/vp-proxy-directus.php on line 680
[05-Mar-2026 13:12:28 UTC] PHP Fatal error:  Cannot redeclare vp_3d_job_create() (previously declared in /var/www/html/wp-content/mu-plugins/vp-3d-job.php:7) in /var/www/html/wp-content/mu-plugins/vp-proxy-directus.php on line 681
[05-Mar-2026 13:12:29 UTC] PHP Fatal error:  Cannot redeclare vp_3d_job_create() (previously declared in /var/www/html/wp-content/mu-plugins/vp-3d-job.php:7) in /var/www/html/wp-content/mu-plugins/vp-proxy-directus.php on line 681
[05-Mar-2026 13:26:02 UTC] PHP Parse error:  Unmatched '}' in /var/www/html/wp-content/mu-plugins/vp-proxy-directus.php on line 681
[05-Mar-2026 13:26:02 UTC] PHP Parse error:  Unmatched '}' in /var/www/html/wp-content/mu-plugins/vp-proxy-directus.php on line 681
[05-Mar-2026 13:46:37 UTC] PHP Parse error:  Unmatched '}' in /var/www/html/wp-content/mu-plugins/vp-proxy-directus.php on line 681
[05-Mar-2026 13:46:37 UTC] PHP Parse error:  Unmatched '}' in /var/www/html/wp-content/mu-plugins/vp-proxy-directus.php on line 681
[05-Mar-2026 14:08:20 UTC] PHP Parse error:  Unmatched '}' in /var/www/html/wp-content/mu-plugins/vp-proxy-directus.php on line 681
[05-Mar-2026 14:33:04 UTC] PHP Parse error:  Unmatched '}' in /var/www/html/wp-content/mu-plugins/vp-proxy-directus.php on line 681
[05-Mar-2026 16:14:46 UTC] PHP Parse error:  Unmatched '}' in /var/www/html/wp-content/mu-plugins/vp-proxy-directus.php on line 681
[05-Mar-2026 16:51:14 UTC] PHP Parse error:  Unmatched '}' in /var/www/html/wp-content/mu-plugins/vp-proxy-directus.php on line 681
[05-Mar-2026 16:51:18 UTC] PHP Parse error:  Unmatched '}' in /var/www/html/wp-content/mu-plugins/vp-proxy-directus.php on line 681
[05-Mar-2026 17:38:53 UTC] PHP Parse error:  Unmatched '}' in /var/www/html/wp-content/mu-plugins/vp-proxy-directus.php on line 681
[05-Mar-2026 17:38:53 UTC] PHP Parse error:  Unmatched '}' in /var/www/html/wp-content/mu-plugins/vp-proxy-directus.php on line 681
[05-Mar-2026 17:38:53 UTC] PHP Parse error:  Unmatched '}' in /var/www/html/wp-content/mu-plugins/vp-proxy-directus.php on line 681
[05-Mar-2026 17:38:53 UTC] PHP Parse error:  Unmatched '}' in /var/www/html/wp-content/mu-plugins/vp-proxy-directus.php on line 681
[05-Mar-2026 17:38:53 UTC] PHP Parse error:  Unmatched '}' in /var/www/html/wp-content/mu-plugins/vp-proxy-directus.php on line 681
[05-Mar-2026 17:38:53 UTC] PHP Parse error:  Unmatched '}' in /var/www/html/wp-content/mu-plugins/vp-proxy-directus.php on line 681
[05-Mar-2026 17:38:53 UTC] PHP Parse error:  Unmatched '}' in /var/www/html/wp-content/mu-plugins/vp-proxy-directus.php on line 681
[05-Mar-2026 17:58:41 UTC] PHP Parse error:  Unmatched '}' in /var/www/html/wp-content/mu-plugins/vp-proxy-directus.php on line 681
[05-Mar-2026 17:58:41 UTC] PHP Parse error:  Unmatched '}' in /var/www/html/wp-content/mu-plugins/vp-proxy-directus.php on line 681
[05-Mar-2026 17:58:41 UTC] PHP Parse error:  Unmatched '}' in /var/www/html/wp-content/mu-plugins/vp-proxy-directus.php on line 681
[05-Mar-2026 17:58:42 UTC] PHP Parse error:  Unmatched '}' in /var/www/html/wp-content/mu-plugins/vp-proxy-directus.php on line 681
[05-Mar-2026 17:58:42 UTC] PHP Parse error:  Unmatched '}' in /var/www/html/wp-content/mu-plugins/vp-proxy-directus.php on line 681
[05-Mar-2026 17:58:42 UTC] PHP Parse error:  Unmatched '}' in /var/www/html/wp-content/mu-plugins/vp-proxy-directus.php on line 681
[05-Mar-2026 17:58:42 UTC] PHP Parse error:  Unmatched '}' in /var/www/html/wp-content/mu-plugins/vp-proxy-directus.php on line 681
[05-Mar-2026 17:58:42 UTC] PHP Parse error:  Unmatched '}' in /var/www/html/wp-content/mu-plugins/vp-proxy-directus.php on line 681
[05-Mar-2026 17:58:43 UTC] PHP Parse error:  Unmatched '}' in /var/www/html/wp-content/mu-plugins/vp-proxy-directus.php on line 681
[05-Mar-2026 17:58:43 UTC] PHP Parse error:  Unmatched '}' in /var/www/html/wp-content/mu-plugins/vp-proxy-directus.php on line 681
[05-Mar-2026 17:58:43 UTC] PHP Parse error:  Unmatched '}' in /var/www/html/wp-content/mu-plugins/vp-proxy-directus.php on line 681
[05-Mar-2026 17:58:43 UTC] PHP Parse error:  Unmatched '}' in /var/www/html/wp-content/mu-plugins/vp-proxy-directus.php on line 681
[05-Mar-2026 17:58:43 UTC] PHP Parse error:  Unmatched '}' in /var/www/html/wp-content/mu-plugins/vp-proxy-directus.php on line 681
[05-Mar-2026 17:58:43 UTC] PHP Parse error:  Unmatched '}' in /var/www/html/wp-content/mu-plugins/vp-proxy-directus.php on line 681
[05-Mar-2026 17:58:44 UTC] PHP Parse error:  Unmatched '}' in /var/www/html/wp-content/mu-plugins/vp-proxy-directus.php on line 681
[05-Mar-2026 17:58:44 UTC] PHP Parse error:  Unmatched '}' in /var/www/html/wp-content/mu-plugins/vp-proxy-directus.php on line 681
[05-Mar-2026 17:58:44 UTC] PHP Parse error:  Unmatched '}' in /var/www/html/wp-content/mu-plugins/vp-proxy-directus.php on line 681
[05-Mar-2026 17:58:44 UTC] PHP Parse error:  Unmatched '}' in /var/www/html/wp-content/mu-plugins/vp-proxy-directus.php on line 681
[05-Mar-2026 17:58:44 UTC] PHP Parse error:  Unmatched '}' in /var/www/html/wp-content/mu-plugins/vp-proxy-directus.php on line 681
[05-Mar-2026 17:58:45 UTC] PHP Parse error:  Unmatched '}' in /var/www/html/wp-content/mu-plugins/vp-proxy-directus.php on line 681
[05-Mar-2026 17:58:45 UTC] PHP Parse error:  Unmatched '}' in /var/www/html/wp-content/mu-plugins/vp-proxy-directus.php on line 681
[05-Mar-2026 17:58:45 UTC] PHP Parse error:  Unmatched '}' in /var/www/html/wp-content/mu-plugins/vp-proxy-directus.php on line 681
[05-Mar-2026 17:58:45 UTC] PHP Parse error:  Unmatched '}' in /var/www/html/wp-content/mu-plugins/vp-proxy-directus.php on line 681
[05-Mar-2026 17:58:45 UTC] PHP Parse error:  Unmatched '}' in /var/www/html/wp-content/mu-plugins/vp-proxy-directus.php on line 681
[05-Mar-2026 17:58:45 UTC] PHP Parse error:  Unmatched '}' in /var/www/html/wp-content/mu-plugins/vp-proxy-directus.php on line 681
[05-Mar-2026 17:58:46 UTC] PHP Parse error:  Unmatched '}' in /var/www/html/wp-content/mu-plugins/vp-proxy-directus.php on line 681
[05-Mar-2026 18:16:39 UTC] PHP Parse error:  Unmatched '}' in /var/www/html/wp-content/mu-plugins/vp-proxy-directus.php on line 681
[05-Mar-2026 18:49:17 UTC] PHP Parse error:  Unmatched '}' in /var/www/html/wp-content/mu-plugins/vp-proxy-directus.php on line 681
[05-Mar-2026 18:50:29 UTC] PHP Parse error:  Unmatched '}' in /var/www/html/wp-content/mu-plugins/vp-proxy-directus.php on line 681
[05-Mar-2026 19:15:57 UTC] PHP Parse error:  Unmatched '}' in /var/www/html/wp-content/mu-plugins/vp-proxy-directus.php on line 681
[05-Mar-2026 19:16:05 UTC] PHP Parse error:  Unmatched '}' in /var/www/html/wp-content/mu-plugins/vp-proxy-directus.php on line 681
[05-Mar-2026 19:57:29 UTC] PHP Parse error:  Unmatched '}' in /var/www/html/wp-content/mu-plugins/vp-proxy-directus.php on line 681
[05-Mar-2026 20:15:08 UTC] PHP Parse error:  Unmatched '}' in /var/www/html/wp-content/mu-plugins/vp-proxy-directus.php on line 681
[05-Mar-2026 20:38:34 UTC] PHP Parse error:  Unmatched '}' in /var/www/html/wp-content/mu-plugins/vp-proxy-directus.php on line 681
[05-Mar-2026 20:38:34 UTC] PHP Parse error:  Unmatched '}' in /var/www/html/wp-content/mu-plugins/vp-proxy-directus.php on line 681
[05-Mar-2026 20:38:34 UTC] PHP Parse error:  Unmatched '}' in /var/www/html/wp-content/mu-plugins/vp-proxy-directus.php on line 681
[05-Mar-2026 20:38:34 UTC] PHP Parse error:  Unmatched '}' in /var/www/html/wp-content/mu-plugins/vp-proxy-directus.php on line 681
[05-Mar-2026 20:38:34 UTC] PHP Parse error:  Unmatched '}' in /var/www/html/wp-content/mu-plugins/vp-proxy-directus.php on line 681
[05-Mar-2026 20:38:34 UTC] PHP Parse error:  Unmatched '}' in /var/www/html/wp-content/mu-plugins/vp-proxy-directus.php on line 681
[05-Mar-2026 20:38:34 UTC] PHP Parse error:  Unmatched '}' in /var/www/html/wp-content/mu-plugins/vp-proxy-directus.php on line 681
[05-Mar-2026 20:38:34 UTC] PHP Parse error:  Unmatched '}' in /var/www/html/wp-content/mu-plugins/vp-proxy-directus.php on line 681
[05-Mar-2026 20:38:35 UTC] PHP Parse error:  Unmatched '}' in /var/www/html/wp-content/mu-plugins/vp-proxy-directus.php on line 681
[05-Mar-2026 20:38:35 UTC] PHP Parse error:  Unmatched '}' in /var/www/html/wp-content/mu-plugins/vp-proxy-directus.php on line 681
[05-Mar-2026 20:38:35 UTC] PHP Parse error:  Unmatched '}' in /var/www/html/wp-content/mu-plugins/vp-proxy-directus.php on line 681
[05-Mar-2026 20:38:35 UTC] PHP Parse error:  Unmatched '}' in /var/www/html/wp-content/mu-plugins/vp-proxy-directus.php on line 681
[05-Mar-2026 20:38:35 UTC] PHP Parse error:  Unmatched '}' in /var/www/html/wp-content/mu-plugins/vp-proxy-directus.php on line 681
[05-Mar-2026 20:38:35 UTC] PHP Parse error:  Unmatched '}' in /var/www/html/wp-content/mu-plugins/vp-proxy-directus.php on line 681
[05-Mar-2026 20:38:35 UTC] PHP Parse error:  Unmatched '}' in /var/www/html/wp-content/mu-plugins/vp-proxy-directus.php on line 681
[05-Mar-2026 20:38:36 UTC] PHP Parse error:  Unmatched '}' in /var/www/html/wp-content/mu-plugins/vp-proxy-directus.php on line 681
[05-Mar-2026 20:38:36 UTC] PHP Parse error:  Unmatched '}' in /var/www/html/wp-content/mu-plugins/vp-proxy-directus.php on line 681
[05-Mar-2026 20:38:36 UTC] PHP Parse error:  Unmatched '}' in /var/www/html/wp-content/mu-plugins/vp-proxy-directus.php on line 681
[05-Mar-2026 20:38:36 UTC] PHP Parse error:  Unmatched '}' in /var/www/html/wp-content/mu-plugins/vp-proxy-directus.php on line 681
[05-Mar-2026 20:38:36 UTC] PHP Parse error:  Unmatched '}' in /var/www/html/wp-content/mu-plugins/vp-proxy-directus.php on line 681
[05-Mar-2026 20:38:36 UTC] PHP Parse error:  Unmatched '}' in /var/www/html/wp-content/mu-plugins/vp-proxy-directus.php on line 681
[05-Mar-2026 20:38:36 UTC] PHP Parse error:  Unmatched '}' in /var/www/html/wp-content/mu-plugins/vp-proxy-directus.php on line 681
[05-Mar-2026 20:38:36 UTC] PHP Parse error:  Unmatched '}' in /var/www/html/wp-content/mu-plugins/vp-proxy-directus.php on line 681
[05-Mar-2026 20:38:37 UTC] PHP Parse error:  Unmatched '}' in /var/www/html/wp-content/mu-plugins/vp-proxy-directus.php on line 681
[05-Mar-2026 20:38:37 UTC] PHP Parse error:  Unmatched '}' in /var/www/html/wp-content/mu-plugins/vp-proxy-directus.php on line 681
[05-Mar-2026 20:38:37 UTC] PHP Parse error:  Unmatched '}' in /var/www/html/wp-content/mu-plugins/vp-proxy-directus.php on line 681
[05-Mar-2026 20:38:37 UTC] PHP Parse error:  Unmatched '}' in /var/www/html/wp-content/mu-plugins/vp-proxy-directus.php on line 681
[05-Mar-2026 20:38:37 UTC] PHP Parse error:  Unmatched '}' in /var/www/html/wp-content/mu-plugins/vp-proxy-directus.php on line 681
[05-Mar-2026 20:38:37 UTC] PHP Parse error:  Unmatched '}' in /var/www/html/wp-content/mu-plugins/vp-proxy-directus.php on line 681
[05-Mar-2026 20:38:37 UTC] PHP Parse error:  Unmatched '}' in /var/www/html/wp-content/mu-plugins/vp-proxy-directus.php on line 681
[05-Mar-2026 20:38:37 UTC] PHP Parse error:  Unmatched '}' in /var/www/html/wp-content/mu-plugins/vp-proxy-directus.php on line 681
[05-Mar-2026 20:38:38 UTC] PHP Parse error:  Unmatched '}' in /var/www/html/wp-content/mu-plugins/vp-proxy-directus.php on line 681
[05-Mar-2026 20:38:38 UTC] PHP Parse error:  Unmatched '}' in /var/www/html/wp-content/mu-plugins/vp-proxy-directus.php on line 681
[05-Mar-2026 20:38:38 UTC] PHP Parse error:  Unmatched '}' in /var/www/html/wp-content/mu-plugins/vp-proxy-directus.php on line 681
[05-Mar-2026 20:38:38 UTC] PHP Parse error:  Unmatched '}' in /var/www/html/wp-content/mu-plugins/vp-proxy-directus.php on line 681
[05-Mar-2026 20:38:38 UTC] PHP Parse error:  Unmatched '}' in /var/www/html/wp-content/mu-plugins/vp-proxy-directus.php on line 681
[05-Mar-2026 20:38:38 UTC] PHP Parse error:  Unmatched '}' in /var/www/html/wp-content/mu-plugins/vp-proxy-directus.php on line 681
[05-Mar-2026 20:38:38 UTC] PHP Parse error:  Unmatched '}' in /var/www/html/wp-content/mu-plugins/vp-proxy-directus.php on line 681
[05-Mar-2026 20:38:38 UTC] PHP Parse error:  Unmatched '}' in /var/www/html/wp-content/mu-plugins/vp-proxy-directus.php on line 681
[05-Mar-2026 20:38:38 UTC] PHP Parse error:  Unmatched '}' in /var/www/html/wp-content/mu-plugins/vp-proxy-directus.php on line 681
[05-Mar-2026 20:38:38 UTC] PHP Parse error:  Unmatched '}' in /var/www/html/wp-content/mu-plugins/vp-proxy-directus.php on line 681
[05-Mar-2026 20:38:39 UTC] PHP Parse error:  Unmatched '}' in /var/www/html/wp-content/mu-plugins/vp-proxy-directus.php on line 681
[05-Mar-2026 20:38:39 UTC] PHP Parse error:  Unmatched '}' in /var/www/html/wp-content/mu-plugins/vp-proxy-directus.php on line 681
[05-Mar-2026 20:38:39 UTC] PHP Parse error:  Unmatched '}' in /var/www/html/wp-content/mu-plugins/vp-proxy-directus.php on line 681
[05-Mar-2026 20:38:39 UTC] PHP Parse error:  Unmatched '}' in /var/www/html/wp-content/mu-plugins/vp-proxy-directus.php on line 681
[05-Mar-2026 20:38:39 UTC] PHP Parse error:  Unmatched '}' in /var/www/html/wp-content/mu-plugins/vp-proxy-directus.php on line 681
[05-Mar-2026 20:38:39 UTC] PHP Parse error:  Unmatched '}' in /var/www/html/wp-content/mu-plugins/vp-proxy-directus.php on line 681
[05-Mar-2026 20:38:39 UTC] PHP Parse error:  Unmatched '}' in /var/www/html/wp-content/mu-plugins/vp-proxy-directus.php on line 681
[05-Mar-2026 20:38:40 UTC] PHP Parse error:  Unmatched '}' in /var/www/html/wp-content/mu-plugins/vp-proxy-directus.php on line 681
[05-Mar-2026 20:38:40 UTC] PHP Parse error:  Unmatched '}' in /var/www/html/wp-content/mu-plugins/vp-proxy-directus.php on line 681
[05-Mar-2026 20:38:40 UTC] PHP Parse error:  Unmatched '}' in /var/www/html/wp-content/mu-plugins/vp-proxy-directus.php on line 681
[05-Mar-2026 20:38:40 UTC] PHP Parse error:  Unmatched '}' in /var/www/html/wp-content/mu-plugins/vp-proxy-directus.php on line 681
[05-Mar-2026 20:38:41 UTC] PHP Parse error:  Unmatched '}' in /var/www/html/wp-content/mu-plugins/vp-proxy-directus.php on line 681
[05-Mar-2026 20:38:41 UTC] PHP Parse error:  Unmatched '}' in /var/www/html/wp-content/mu-plugins/vp-proxy-directus.php on line 681
[05-Mar-2026 20:38:42 UTC] PHP Parse error:  Unmatched '}' in /var/www/html/wp-content/mu-plugins/vp-proxy-directus.php on line 681
[05-Mar-2026 20:38:42 UTC] PHP Parse error:  Unmatched '}' in /var/www/html/wp-content/mu-plugins/vp-proxy-directus.php on line 681
[05-Mar-2026 20:38:42 UTC] PHP Parse error:  Unmatched '}' in /var/www/html/wp-content/mu-plugins/vp-proxy-directus.php on line 681
[05-Mar-2026 20:38:42 UTC] PHP Parse error:  Unmatched '}' in /var/www/html/wp-content/mu-plugins/vp-proxy-directus.php on line 681
[05-Mar-2026 20:38:42 UTC] PHP Parse error:  Unmatched '}' in /var/www/html/wp-content/mu-plugins/vp-proxy-directus.php on line 681
[05-Mar-2026 20:38:42 UTC] PHP Parse error:  Unmatched '}' in /var/www/html/wp-content/mu-plugins/vp-proxy-directus.php on line 681
[05-Mar-2026 20:38:42 UTC] PHP Parse error:  Unmatched '}' in /var/www/html/wp-content/mu-plugins/vp-proxy-directus.php on line 681
[05-Mar-2026 20:38:42 UTC] PHP Parse error:  Unmatched '}' in /var/www/html/wp-content/mu-plugins/vp-proxy-directus.php on line 681
[05-Mar-2026 20:38:42 UTC] PHP Parse error:  Unmatched '}' in /var/www/html/wp-content/mu-plugins/vp-proxy-directus.php on line 681
[05-Mar-2026 20:38:43 UTC] PHP Parse error:  Unmatched '}' in /var/www/html/wp-content/mu-plugins/vp-proxy-directus.php on line 681
[05-Mar-2026 20:38:43 UTC] PHP Parse error:  Unmatched '}' in /var/www/html/wp-content/mu-plugins/vp-proxy-directus.php on line 681
[05-Mar-2026 20:38:43 UTC] PHP Parse error:  Unmatched '}' in /var/www/html/wp-content/mu-plugins/vp-proxy-directus.php on line 681
[05-Mar-2026 20:38:43 UTC] PHP Parse error:  Unmatched '}' in /var/www/html/wp-content/mu-plugins/vp-proxy-directus.php on line 681
[05-Mar-2026 20:38:43 UTC] PHP Parse error:  Unmatched '}' in /var/www/html/wp-content/mu-plugins/vp-proxy-directus.php on line 681
[05-Mar-2026 20:38:43 UTC] PHP Parse error:  Unmatched '}' in /var/www/html/wp-content/mu-plugins/vp-proxy-directus.php on line 681
[05-Mar-2026 20:38:43 UTC] PHP Parse error:  Unmatched '}' in /var/www/html/wp-content/mu-plugins/vp-proxy-directus.php on line 681
[05-Mar-2026 20:38:43 UTC] PHP Parse error:  Unmatched '}' in /var/www/html/wp-content/mu-plugins/vp-proxy-directus.php on line 681
[05-Mar-2026 20:38:44 UTC] PHP Parse error:  Unmatched '}' in /var/www/html/wp-content/mu-plugins/vp-proxy-directus.php on line 681
[05-Mar-2026 20:38:44 UTC] PHP Parse error:  Unmatched '}' in /var/www/html/wp-content/mu-plugins/vp-proxy-directus.php on line 681
[05-Mar-2026 20:38:44 UTC] PHP Parse error:  Unmatched '}' in /var/www/html/wp-content/mu-plugins/vp-proxy-directus.php on line 681
[05-Mar-2026 20:38:44 UTC] PHP Parse error:  Unmatched '}' in /var/www/html/wp-content/mu-plugins/vp-proxy-directus.php on line 681
[05-Mar-2026 20:38:44 UTC] PHP Parse error:  Unmatched '}' in /var/www/html/wp-content/mu-plugins/vp-proxy-directus.php on line 681
[05-Mar-2026 20:38:44 UTC] PHP Parse error:  Unmatched '}' in /var/www/html/wp-content/mu-plugins/vp-proxy-directus.php on line 681
[05-Mar-2026 20:38:44 UTC] PHP Parse error:  Unmatched '}' in /var/www/html/wp-content/mu-plugins/vp-proxy-directus.php on line 681
[05-Mar-2026 20:38:44 UTC] PHP Parse error:  Unmatched '}' in /var/www/html/wp-content/mu-plugins/vp-proxy-directus.php on line 681
[05-Mar-2026 20:38:44 UTC] PHP Parse error:  Unmatched '}' in /var/www/html/wp-content/mu-plugins/vp-proxy-directus.php on line 681
[05-Mar-2026 20:38:45 UTC] PHP Parse error:  Unmatched '}' in /var/www/html/wp-content/mu-plugins/vp-proxy-directus.php on line 681
[05-Mar-2026 20:38:45 UTC] PHP Parse error:  Unmatched '}' in /var/www/html/wp-content/mu-plugins/vp-proxy-directus.php on line 681
[05-Mar-2026 20:38:45 UTC] PHP Parse error:  Unmatched '}' in /var/www/html/wp-content/mu-plugins/vp-proxy-directus.php on line 681
[05-Mar-2026 20:38:45 UTC] PHP Parse error:  Unmatched '}' in /var/www/html/wp-content/mu-plugins/vp-proxy-directus.php on line 681
[05-Mar-2026 20:38:45 UTC] PHP Parse error:  Unmatched '}' in /var/www/html/wp-content/mu-plugins/vp-proxy-directus.php on line 681
[05-Mar-2026 20:38:45 UTC] PHP Parse error:  Unmatched '}' in /var/www/html/wp-content/mu-plugins/vp-proxy-directus.php on line 681
[05-Mar-2026 20:38:45 UTC] PHP Parse error:  Unmatched '}' in /var/www/html/wp-content/mu-plugins/vp-proxy-directus.php on line 681
[05-Mar-2026 20:38:45 UTC] PHP Parse error:  Unmatched '}' in /var/www/html/wp-content/mu-plugins/vp-proxy-directus.php on line 681
[05-Mar-2026 20:38:46 UTC] PHP Parse error:  Unmatched '}' in /var/www/html/wp-content/mu-plugins/vp-proxy-directus.php on line 681
[05-Mar-2026 20:38:46 UTC] PHP Parse error:  Unmatched '}' in /var/www/html/wp-content/mu-plugins/vp-proxy-directus.php on line 681
[05-Mar-2026 20:38:46 UTC] PHP Parse error:  Unmatched '}' in /var/www/html/wp-content/mu-plugins/vp-proxy-directus.php on line 681
[05-Mar-2026 20:38:46 UTC] PHP Parse error:  Unmatched '}' in /var/www/html/wp-content/mu-plugins/vp-proxy-directus.php on line 681
[05-Mar-2026 20:38:46 UTC] PHP Parse error:  Unmatched '}' in /var/www/html/wp-content/mu-plugins/vp-proxy-directus.php on line 681
[05-Mar-2026 20:38:46 UTC] PHP Parse error:  Unmatched '}' in /var/www/html/wp-content/mu-plugins/vp-proxy-directus.php on line 681
[05-Mar-2026 20:38:46 UTC] PHP Parse error:  Unmatched '}' in /var/www/html/wp-content/mu-plugins/vp-proxy-directus.php on line 681
[05-Mar-2026 20:38:47 UTC] PHP Parse error:  Unmatched '}' in /var/www/html/wp-content/mu-plugins/vp-proxy-directus.php on line 681
[05-Mar-2026 20:38:47 UTC] PHP Parse error:  Unmatched '}' in /var/www/html/wp-content/mu-plugins/vp-proxy-directus.php on line 681
[05-Mar-2026 20:38:47 UTC] PHP Parse error:  Unmatched '}' in /var/www/html/wp-content/mu-plugins/vp-proxy-directus.php on line 681
[05-Mar-2026 20:38:47 UTC] PHP Parse error:  Unmatched '}' in /var/www/html/wp-content/mu-plugins/vp-proxy-directus.php on line 681
[05-Mar-2026 20:38:47 UTC] PHP Parse error:  Unmatched '}' in /var/www/html/wp-content/mu-plugins/vp-proxy-directus.php on line 681
[05-Mar-2026 20:38:47 UTC] PHP Parse error:  Unmatched '}' in /var/www/html/wp-content/mu-plugins/vp-proxy-directus.php on line 681
[05-Mar-2026 20:38:47 UTC] PHP Parse error:  Unmatched '}' in /var/www/html/wp-content/mu-plugins/vp-proxy-directus.php on line 681
[05-Mar-2026 20:38:47 UTC] PHP Parse error:  Unmatched '}' in /var/www/html/wp-content/mu-plugins/vp-proxy-directus.php on line 681
[05-Mar-2026 20:38:48 UTC] PHP Parse error:  Unmatched '}' in /var/www/html/wp-content/mu-plugins/vp-proxy-directus.php on line 681
[05-Mar-2026 20:38:48 UTC] PHP Parse error:  Unmatched '}' in /var/www/html/wp-content/mu-plugins/vp-proxy-directus.php on line 681
[05-Mar-2026 20:38:48 UTC] PHP Parse error:  Unmatched '}' in /var/www/html/wp-content/mu-plugins/vp-proxy-directus.php on line 681
[05-Mar-2026 20:38:48 UTC] PHP Parse error:  Unmatched '}' in /var/www/html/wp-content/mu-plugins/vp-proxy-directus.php on line 681
[05-Mar-2026 20:38:48 UTC] PHP Parse error:  Unmatched '}' in /var/www/html/wp-content/mu-plugins/vp-proxy-directus.php on line 681
[05-Mar-2026 20:38:48 UTC] PHP Parse error:  Unmatched '}' in /var/www/html/wp-content/mu-plugins/vp-proxy-directus.php on line 681
[05-Mar-2026 20:38:48 UTC] PHP Parse error:  Unmatched '}' in /var/www/html/wp-content/mu-plugins/vp-proxy-directus.php on line 681
[05-Mar-2026 20:38:48 UTC] PHP Parse error:  Unmatched '}' in /var/www/html/wp-content/mu-plugins/vp-proxy-directus.php on line 681
[05-Mar-2026 20:38:48 UTC] PHP Parse error:  Unmatched '}' in /var/www/html/wp-content/mu-plugins/vp-proxy-directus.php on line 681
[05-Mar-2026 20:38:48 UTC] PHP Parse error:  Unmatched '}' in /var/www/html/wp-content/mu-plugins/vp-proxy-directus.php on line 681
[05-Mar-2026 20:38:48 UTC] PHP Parse error:  Unmatched '}' in /var/www/html/wp-content/mu-plugins/vp-proxy-directus.php on line 681
[05-Mar-2026 20:38:49 UTC] PHP Parse error:  Unmatched '}' in /var/www/html/wp-content/mu-plugins/vp-proxy-directus.php on line 681
[05-Mar-2026 20:38:49 UTC] PHP Parse error:  Unmatched '}' in /var/www/html/wp-content/mu-plugins/vp-proxy-directus.php on line 681
[05-Mar-2026 20:38:49 UTC] PHP Parse error:  Unmatched '}' in /var/www/html/wp-content/mu-plugins/vp-proxy-directus.php on line 681
[05-Mar-2026 20:38:49 UTC] PHP Parse error:  Unmatched '}' in /var/www/html/wp-content/mu-plugins/vp-proxy-directus.php on line 681
[05-Mar-2026 20:38:49 UTC] PHP Parse error:  Unmatched '}' in /var/www/html/wp-content/mu-plugins/vp-proxy-directus.php on line 681
[05-Mar-2026 20:38:49 UTC] PHP Parse error:  Unmatched '}' in /var/www/html/wp-content/mu-plugins/vp-proxy-directus.php on line 681
[05-Mar-2026 20:38:49 UTC] PHP Parse error:  Unmatched '}' in /var/www/html/wp-content/mu-plugins/vp-proxy-directus.php on line 681
[05-Mar-2026 20:38:49 UTC] PHP Parse error:  Unmatched '}' in /var/www/html/wp-content/mu-plugins/vp-proxy-directus.php on line 681
[05-Mar-2026 20:38:49 UTC] PHP Parse error:  Unmatched '}' in /var/www/html/wp-content/mu-plugins/vp-proxy-directus.php on line 681
[05-Mar-2026 20:38:49 UTC] PHP Parse error:  Unmatched '}' in /var/www/html/wp-content/mu-plugins/vp-proxy-directus.php on line 681
[05-Mar-2026 20:38:50 UTC] PHP Parse error:  Unmatched '}' in /var/www/html/wp-content/mu-plugins/vp-proxy-directus.php on line 681
[05-Mar-2026 20:38:50 UTC] PHP Parse error:  Unmatched '}' in /var/www/html/wp-content/mu-plugins/vp-proxy-directus.php on line 681
[05-Mar-2026 20:38:50 UTC] PHP Parse error:  Unmatched '}' in /var/www/html/wp-content/mu-plugins/vp-proxy-directus.php on line 681
[05-Mar-2026 20:38:50 UTC] PHP Parse error:  Unmatched '}' in /var/www/html/wp-content/mu-plugins/vp-proxy-directus.php on line 681
[05-Mar-2026 20:38:50 UTC] PHP Parse error:  Unmatched '}' in /var/www/html/wp-content/mu-plugins/vp-proxy-directus.php on line 681
[05-Mar-2026 20:38:50 UTC] PHP Parse error:  Unmatched '}' in /var/www/html/wp-content/mu-plugins/vp-proxy-directus.php on line 681
[05-Mar-2026 20:38:50 UTC] PHP Parse error:  Unmatched '}' in /var/www/html/wp-content/mu-plugins/vp-proxy-directus.php on line 681
[05-Mar-2026 20:38:50 UTC] PHP Parse error:  Unmatched '}' in /var/www/html/wp-content/mu-plugins/vp-proxy-directus.php on line 681
[05-Mar-2026 20:38:50 UTC] PHP Parse error:  Unmatched '}' in /var/www/html/wp-content/mu-plugins/vp-proxy-directus.php on line 681
[05-Mar-2026 20:38:50 UTC] PHP Parse error:  Unmatched '}' in /var/www/html/wp-content/mu-plugins/vp-proxy-directus.php on line 681
[05-Mar-2026 20:38:51 UTC] PHP Parse error:  Unmatched '}' in /var/www/html/wp-content/mu-plugins/vp-proxy-directus.php on line 681
[05-Mar-2026 20:38:51 UTC] PHP Parse error:  Unmatched '}' in /var/www/html/wp-content/mu-plugins/vp-proxy-directus.php on line 681
[05-Mar-2026 20:38:51 UTC] PHP Parse error:  Unmatched '}' in /var/www/html/wp-content/mu-plugins/vp-proxy-directus.php on line 681
[05-Mar-2026 20:38:51 UTC] PHP Parse error:  Unmatched '}' in /var/www/html/wp-content/mu-plugins/vp-proxy-directus.php on line 681
[05-Mar-2026 20:38:51 UTC] PHP Parse error:  Unmatched '}' in /var/www/html/wp-content/mu-plugins/vp-proxy-directus.php on line 681
[05-Mar-2026 20:38:51 UTC] PHP Parse error:  Unmatched '}' in /var/www/html/wp-content/mu-plugins/vp-proxy-directus.php on line 681
[05-Mar-2026 20:38:51 UTC] PHP Parse error:  Unmatched '}' in /var/www/html/wp-content/mu-plugins/vp-proxy-directus.php on line 681
[05-Mar-2026 20:38:51 UTC] PHP Parse error:  Unmatched '}' in /var/www/html/wp-content/mu-plugins/vp-proxy-directus.php on line 681
[05-Mar-2026 20:38:51 UTC] PHP Parse error:  Unmatched '}' in /var/www/html/wp-content/mu-plugins/vp-proxy-directus.php on line 681
[05-Mar-2026 20:38:51 UTC] PHP Parse error:  Unmatched '}' in /var/www/html/wp-content/mu-plugins/vp-proxy-directus.php on line 681
[05-Mar-2026 20:38:52 UTC] PHP Parse error:  Unmatched '}' in /var/www/html/wp-content/mu-plugins/vp-proxy-directus.php on line 681
[05-Mar-2026 20:38:52 UTC] PHP Parse error:  Unmatched '}' in /var/www/html/wp-content/mu-plugins/vp-proxy-directus.php on line 681
[05-Mar-2026 20:38:52 UTC] PHP Parse error:  Unmatched '}' in /var/www/html/wp-content/mu-plugins/vp-proxy-directus.php on line 681
[05-Mar-2026 20:38:52 UTC] PHP Parse error:  Unmatched '}' in /var/www/html/wp-content/mu-plugins/vp-proxy-directus.php on line 681
[05-Mar-2026 20:38:52 UTC] PHP Parse error:  Unmatched '}' in /var/www/html/wp-content/mu-plugins/vp-proxy-directus.php on line 681
[05-Mar-2026 22:28:31 UTC] PHP Parse error:  Unmatched '}' in /var/www/html/wp-content/mu-plugins/vp-proxy-directus.php on line 681
[05-Mar-2026 22:28:31 UTC] PHP Parse error:  Unmatched '}' in /var/www/html/wp-content/mu-plugins/vp-proxy-directus.php on line 681
[05-Mar-2026 22:28:31 UTC] PHP Parse error:  Unmatched '}' in /var/www/html/wp-content/mu-plugins/vp-proxy-directus.php on line 681
[05-Mar-2026 22:28:32 UTC] PHP Parse error:  Unmatched '}' in /var/www/html/wp-content/mu-plugins/vp-proxy-directus.php on line 681
[05-Mar-2026 22:41:59 UTC] PHP Parse error:  Unmatched '}' in /var/www/html/wp-content/mu-plugins/vp-proxy-directus.php on line 681
[05-Mar-2026 22:42:00 UTC] PHP Parse error:  Unmatched '}' in /var/www/html/wp-content/mu-plugins/vp-proxy-directus.php on line 681
[05-Mar-2026 22:42:00 UTC] PHP Parse error:  Unmatched '}' in /var/www/html/wp-content/mu-plugins/vp-proxy-directus.php on line 681
[05-Mar-2026 23:40:37 UTC] PHP Parse error:  Unmatched '}' in /var/www/html/wp-content/mu-plugins/vp-proxy-directus.php on line 681
[06-Mar-2026 00:49:16 UTC] PHP Parse error:  Unmatched '}' in /var/www/html/wp-content/mu-plugins/vp-proxy-directus.php on line 681
[06-Mar-2026 00:49:18 UTC] PHP Parse error:  Unmatched '}' in /var/www/html/wp-content/mu-plugins/vp-proxy-directus.php on line 681
[06-Mar-2026 02:59:39 UTC] PHP Parse error:  Unmatched '}' in /var/www/html/wp-content/mu-plugins/vp-proxy-directus.php on line 681
[06-Mar-2026 03:04:07 UTC] PHP Parse error:  Unmatched '}' in /var/www/html/wp-content/mu-plugins/vp-proxy-directus.php on line 681
[06-Mar-2026 03:08:59 UTC] PHP Parse error:  Unmatched '}' in /var/www/html/wp-content/mu-plugins/vp-proxy-directus.php on line 681
[06-Mar-2026 03:08:59 UTC] PHP Parse error:  Unmatched '}' in /var/www/html/wp-content/mu-plugins/vp-proxy-directus.php on line 681
[06-Mar-2026 03:09:00 UTC] PHP Parse error:  Unmatched '}' in /var/www/html/wp-content/mu-plugins/vp-proxy-directus.php on line 681
[06-Mar-2026 03:09:00 UTC] PHP Parse error:  Unmatched '}' in /var/www/html/wp-content/mu-plugins/vp-proxy-directus.php on line 681
[06-Mar-2026 03:09:00 UTC] PHP Parse error:  Unmatched '}' in /var/www/html/wp-content/mu-plugins/vp-proxy-directus.php on line 681
[06-Mar-2026 03:09:00 UTC] PHP Parse error:  Unmatched '}' in /var/www/html/wp-content/mu-plugins/vp-proxy-directus.php on line 681
[06-Mar-2026 03:09:01 UTC] PHP Parse error:  Unmatched '}' in /var/www/html/wp-content/mu-plugins/vp-proxy-directus.php on line 681
[06-Mar-2026 03:09:01 UTC] PHP Parse error:  Unmatched '}' in /var/www/html/wp-content/mu-plugins/vp-proxy-directus.php on line 681
[06-Mar-2026 03:09:01 UTC] PHP Parse error:  Unmatched '}' in /var/www/html/wp-content/mu-plugins/vp-proxy-directus.php on line 681
[06-Mar-2026 03:09:02 UTC] PHP Parse error:  Unmatched '}' in /var/www/html/wp-content/mu-plugins/vp-proxy-directus.php on line 681
[06-Mar-2026 03:09:02 UTC] PHP Parse error:  Unmatched '}' in /var/www/html/wp-content/mu-plugins/vp-proxy-directus.php on line 681
[06-Mar-2026 03:09:02 UTC] PHP Parse error:  Unmatched '}' in /var/www/html/wp-content/mu-plugins/vp-proxy-directus.php on line 681
[06-Mar-2026 03:09:03 UTC] PHP Parse error:  Unmatched '}' in /var/www/html/wp-content/mu-plugins/vp-proxy-directus.php on line 681
[06-Mar-2026 03:09:03 UTC] PHP Parse error:  Unmatched '}' in /var/www/html/wp-content/mu-plugins/vp-proxy-directus.php on line 681
[06-Mar-2026 03:09:03 UTC] PHP Parse error:  Unmatched '}' in /var/www/html/wp-content/mu-plugins/vp-proxy-directus.php on line 681
[06-Mar-2026 03:09:03 UTC] PHP Parse error:  Unmatched '}' in /var/www/html/wp-content/mu-plugins/vp-proxy-directus.php on line 681
[06-Mar-2026 03:09:04 UTC] PHP Parse error:  Unmatched '}' in /var/www/html/wp-content/mu-plugins/vp-proxy-directus.php on line 681
[06-Mar-2026 03:09:04 UTC] PHP Parse error:  Unmatched '}' in /var/www/html/wp-content/mu-plugins/vp-proxy-directus.php on line 681
[06-Mar-2026 03:09:04 UTC] PHP Parse error:  Unmatched '}' in /var/www/html/wp-content/mu-plugins/vp-proxy-directus.php on line 681
[06-Mar-2026 03:09:05 UTC] PHP Parse error:  Unmatched '}' in /var/www/html/wp-content/mu-plugins/vp-proxy-directus.php on line 681
[06-Mar-2026 03:09:05 UTC] PHP Parse error:  Unmatched '}' in /var/www/html/wp-content/mu-plugins/vp-proxy-directus.php on line 681
[06-Mar-2026 03:09:05 UTC] PHP Parse error:  Unmatched '}' in /var/www/html/wp-content/mu-plugins/vp-proxy-directus.php on line 681
[06-Mar-2026 03:09:06 UTC] PHP Parse error:  Unmatched '}' in /var/www/html/wp-content/mu-plugins/vp-proxy-directus.php on line 681
[06-Mar-2026 03:09:06 UTC] PHP Parse error:  Unmatched '}' in /var/www/html/wp-content/mu-plugins/vp-proxy-directus.php on line 681
[06-Mar-2026 03:09:06 UTC] PHP Parse error:  Unmatched '}' in /var/www/html/wp-content/mu-plugins/vp-proxy-directus.php on line 681
[06-Mar-2026 03:09:07 UTC] PHP Parse error:  Unmatched '}' in /var/www/html/wp-content/mu-plugins/vp-proxy-directus.php on line 681
[06-Mar-2026 03:09:08 UTC] PHP Parse error:  Unmatched '}' in /var/www/html/wp-content/mu-plugins/vp-proxy-directus.php on line 681
[06-Mar-2026 03:09:08 UTC] PHP Parse error:  Unmatched '}' in /var/www/html/wp-content/mu-plugins/vp-proxy-directus.php on line 681
[06-Mar-2026 03:09:09 UTC] PHP Parse error:  Unmatched '}' in /var/www/html/wp-content/mu-plugins/vp-proxy-directus.php on line 681
[06-Mar-2026 03:09:10 UTC] PHP Parse error:  Unmatched '}' in /var/www/html/wp-content/mu-plugins/vp-proxy-directus.php on line 681
[06-Mar-2026 03:29:57 UTC] PHP Parse error:  Unmatched '}' in /var/www/html/wp-content/mu-plugins/vp-proxy-directus.php on line 681
[06-Mar-2026 03:29:58 UTC] PHP Parse error:  Unmatched '}' in /var/www/html/wp-content/mu-plugins/vp-proxy-directus.php on line 681
[06-Mar-2026 03:29:58 UTC] PHP Parse error:  Unmatched '}' in /var/www/html/wp-content/mu-plugins/vp-proxy-directus.php on line 681
[06-Mar-2026 03:29:58 UTC] PHP Parse error:  Unmatched '}' in /var/www/html/wp-content/mu-plugins/vp-proxy-directus.php on line 681
[06-Mar-2026 03:29:58 UTC] PHP Parse error:  Unmatched '}' in /var/www/html/wp-content/mu-plugins/vp-proxy-directus.php on line 681
[06-Mar-2026 03:29:59 UTC] PHP Parse error:  Unmatched '}' in /var/www/html/wp-content/mu-plugins/vp-proxy-directus.php on line 681
[06-Mar-2026 03:29:59 UTC] PHP Parse error:  Unmatched '}' in /var/www/html/wp-content/mu-plugins/vp-proxy-directus.php on line 681
[06-Mar-2026 03:49:24 UTC] PHP Parse error:  Unmatched '}' in /var/www/html/wp-content/mu-plugins/vp-proxy-directus.php on line 681
[06-Mar-2026 03:49:27 UTC] PHP Parse error:  Unmatched '}' in /var/www/html/wp-content/mu-plugins/vp-proxy-directus.php on line 681
[06-Mar-2026 04:28:16 UTC] PHP Parse error:  Unmatched '}' in /var/www/html/wp-content/mu-plugins/vp-proxy-directus.php on line 681
[06-Mar-2026 04:35:14 UTC] PHP Parse error:  Unmatched '}' in /var/www/html/wp-content/mu-plugins/vp-proxy-directus.php on line 681
[06-Mar-2026 05:20:38 UTC] PHP Parse error:  Unmatched '}' in /var/www/html/wp-content/mu-plugins/vp-proxy-directus.php on line 681
[06-Mar-2026 05:20:39 UTC] PHP Parse error:  Unmatched '}' in /var/www/html/wp-content/mu-plugins/vp-proxy-directus.php on line 681
[06-Mar-2026 05:20:39 UTC] PHP Parse error:  Unmatched '}' in /var/www/html/wp-content/mu-plugins/vp-proxy-directus.php on line 681
[06-Mar-2026 05:20:39 UTC] PHP Parse error:  Unmatched '}' in /var/www/html/wp-content/mu-plugins/vp-proxy-directus.php on line 681
[06-Mar-2026 05:20:39 UTC] PHP Parse error:  Unmatched '}' in /var/www/html/wp-content/mu-plugins/vp-proxy-directus.php on line 681
[06-Mar-2026 05:20:40 UTC] PHP Parse error:  Unmatched '}' in /var/www/html/wp-content/mu-plugins/vp-proxy-directus.php on line 681
[06-Mar-2026 05:20:40 UTC] PHP Parse error:  Unmatched '}' in /var/www/html/wp-content/mu-plugins/vp-proxy-directus.php on line 681
[06-Mar-2026 05:20:40 UTC] PHP Parse error:  Unmatched '}' in /var/www/html/wp-content/mu-plugins/vp-proxy-directus.php on line 681
[06-Mar-2026 05:20:41 UTC] PHP Parse error:  Unmatched '}' in /var/www/html/wp-content/mu-plugins/vp-proxy-directus.php on line 681
[06-Mar-2026 05:20:41 UTC] PHP Parse error:  Unmatched '}' in /var/www/html/wp-content/mu-plugins/vp-proxy-directus.php on line 681
[06-Mar-2026 05:20:41 UTC] PHP Parse error:  Unmatched '}' in /var/www/html/wp-content/mu-plugins/vp-proxy-directus.php on line 681
[06-Mar-2026 05:20:42 UTC] PHP Parse error:  Unmatched '}' in /var/www/html/wp-content/mu-plugins/vp-proxy-directus.php on line 681
[06-Mar-2026 05:20:42 UTC] PHP Parse error:  Unmatched '}' in /var/www/html/wp-content/mu-plugins/vp-proxy-directus.php on line 681
[06-Mar-2026 05:20:42 UTC] PHP Parse error:  Unmatched '}' in /var/www/html/wp-content/mu-plugins/vp-proxy-directus.php on line 681
[06-Mar-2026 05:20:43 UTC] PHP Parse error:  Unmatched '}' in /var/www/html/wp-content/mu-plugins/vp-proxy-directus.php on line 681
[06-Mar-2026 05:20:43 UTC] PHP Parse error:  Unmatched '}' in /var/www/html/wp-content/mu-plugins/vp-proxy-directus.php on line 681
[06-Mar-2026 05:20:43 UTC] PHP Parse error:  Unmatched '}' in /var/www/html/wp-content/mu-plugins/vp-proxy-directus.php on line 681
[06-Mar-2026 05:20:43 UTC] PHP Parse error:  Unmatched '}' in /var/www/html/wp-content/mu-plugins/vp-proxy-directus.php on line 681
[06-Mar-2026 05:20:44 UTC] PHP Parse error:  Unmatched '}' in /var/www/html/wp-content/mu-plugins/vp-proxy-directus.php on line 681
[06-Mar-2026 05:20:44 UTC] PHP Parse error:  Unmatched '}' in /var/www/html/wp-content/mu-plugins/vp-proxy-directus.php on line 681
[06-Mar-2026 05:20:44 UTC] PHP Parse error:  Unmatched '}' in /var/www/html/wp-content/mu-plugins/vp-proxy-directus.php on line 681
[06-Mar-2026 05:20:45 UTC] PHP Parse error:  Unmatched '}' in /var/www/html/wp-content/mu-plugins/vp-proxy-directus.php on line 681
[06-Mar-2026 05:20:45 UTC] PHP Parse error:  Unmatched '}' in /var/www/html/wp-content/mu-plugins/vp-proxy-directus.php on line 681
[06-Mar-2026 05:20:45 UTC] PHP Parse error:  Unmatched '}' in /var/www/html/wp-content/mu-plugins/vp-proxy-directus.php on line 681
[06-Mar-2026 05:20:46 UTC] PHP Parse error:  Unmatched '}' in /var/www/html/wp-content/mu-plugins/vp-proxy-directus.php on line 681
[06-Mar-2026 05:20:46 UTC] PHP Parse error:  Unmatched '}' in /var/www/html/wp-content/mu-plugins/vp-proxy-directus.php on line 681
[06-Mar-2026 06:28:05 UTC] PHP Parse error:  Unmatched '}' in /var/www/html/wp-content/mu-plugins/vp-proxy-directus.php on line 681
[06-Mar-2026 06:59:11 UTC] PHP Parse error:  Unmatched '}' in /var/www/html/wp-content/mu-plugins/vp-proxy-directus.php on line 681
[06-Mar-2026 07:24:32 UTC] PHP Parse error:  Unmatched '}' in /var/www/html/wp-content/mu-plugins/vp-proxy-directus.php on line 681
[06-Mar-2026 07:34:27 UTC] PHP Parse error:  Unmatched '}' in /var/www/html/wp-content/mu-plugins/vp-proxy-directus.php on line 681
[06-Mar-2026 07:34:27 UTC] PHP Parse error:  Unmatched '}' in /var/www/html/wp-content/mu-plugins/vp-proxy-directus.php on line 681
[06-Mar-2026 07:34:27 UTC] PHP Parse error:  Unmatched '}' in /var/www/html/wp-content/mu-plugins/vp-proxy-directus.php on line 681
[06-Mar-2026 07:34:28 UTC] PHP Parse error:  Unmatched '}' in /var/www/html/wp-content/mu-plugins/vp-proxy-directus.php on line 681
[06-Mar-2026 07:34:28 UTC] PHP Parse error:  Unmatched '}' in /var/www/html/wp-content/mu-plugins/vp-proxy-directus.php on line 681
[06-Mar-2026 07:34:28 UTC] PHP Parse error:  Unmatched '}' in /var/www/html/wp-content/mu-plugins/vp-proxy-directus.php on line 681
[06-Mar-2026 07:34:28 UTC] PHP Parse error:  Unmatched '}' in /var/www/html/wp-content/mu-plugins/vp-proxy-directus.php on line 681
[06-Mar-2026 07:34:28 UTC] PHP Parse error:  Unmatched '}' in /var/www/html/wp-content/mu-plugins/vp-proxy-directus.php on line 681
[06-Mar-2026 07:34:28 UTC] PHP Parse error:  Unmatched '}' in /var/www/html/wp-content/mu-plugins/vp-proxy-directus.php on line 681
[06-Mar-2026 07:34:29 UTC] PHP Parse error:  Unmatched '}' in /var/www/html/wp-content/mu-plugins/vp-proxy-directus.php on line 681
[06-Mar-2026 07:34:29 UTC] PHP Parse error:  Unmatched '}' in /var/www/html/wp-content/mu-plugins/vp-proxy-directus.php on line 681
[06-Mar-2026 07:34:29 UTC] PHP Parse error:  Unmatched '}' in /var/www/html/wp-content/mu-plugins/vp-proxy-directus.php on line 681
[06-Mar-2026 07:34:29 UTC] PHP Parse error:  Unmatched '}' in /var/www/html/wp-content/mu-plugins/vp-proxy-directus.php on line 681
[06-Mar-2026 07:34:29 UTC] PHP Parse error:  Unmatched '}' in /var/www/html/wp-content/mu-plugins/vp-proxy-directus.php on line 681
[06-Mar-2026 07:34:30 UTC] PHP Parse error:  Unmatched '}' in /var/www/html/wp-content/mu-plugins/vp-proxy-directus.php on line 681
[06-Mar-2026 07:34:30 UTC] PHP Parse error:  Unmatched '}' in /var/www/html/wp-content/mu-plugins/vp-proxy-directus.php on line 681
[06-Mar-2026 07:34:30 UTC] PHP Parse error:  Unmatched '}' in /var/www/html/wp-content/mu-plugins/vp-proxy-directus.php on line 681
[06-Mar-2026 07:34:30 UTC] PHP Parse error:  Unmatched '}' in /var/www/html/wp-content/mu-plugins/vp-proxy-directus.php on line 681
[06-Mar-2026 07:34:31 UTC] PHP Parse error:  Unmatched '}' in /var/www/html/wp-content/mu-plugins/vp-proxy-directus.php on line 681
[06-Mar-2026 07:34:31 UTC] PHP Parse error:  Unmatched '}' in /var/www/html/wp-content/mu-plugins/vp-proxy-directus.php on line 681
[06-Mar-2026 07:34:31 UTC] PHP Parse error:  Unmatched '}' in /var/www/html/wp-content/mu-plugins/vp-proxy-directus.php on line 681
[06-Mar-2026 07:34:31 UTC] PHP Parse error:  Unmatched '}' in /var/www/html/wp-content/mu-plugins/vp-proxy-directus.php on line 681
[06-Mar-2026 07:34:31 UTC] PHP Parse error:  Unmatched '}' in /var/www/html/wp-content/mu-plugins/vp-proxy-directus.php on line 681
[06-Mar-2026 07:34:32 UTC] PHP Parse error:  Unmatched '}' in /var/www/html/wp-content/mu-plugins/vp-proxy-directus.php on line 681
[06-Mar-2026 07:34:32 UTC] PHP Parse error:  Unmatched '}' in /var/www/html/wp-content/mu-plugins/vp-proxy-directus.php on line 681
[06-Mar-2026 07:34:32 UTC] PHP Parse error:  Unmatched '}' in /var/www/html/wp-content/mu-plugins/vp-proxy-directus.php on line 681
[06-Mar-2026 08:02:57 UTC] PHP Parse error:  Unmatched '}' in /var/www/html/wp-content/mu-plugins/vp-proxy-directus.php on line 681
[06-Mar-2026 08:02:57 UTC] PHP Parse error:  Unmatched '}' in /var/www/html/wp-content/mu-plugins/vp-proxy-directus.php on line 681
[06-Mar-2026 08:17:51 UTC] PHP Parse error:  Unmatched '}' in /var/www/html/wp-content/mu-plugins/vp-proxy-directus.php on line 681
[06-Mar-2026 09:07:48 UTC] PHP Parse error:  Unmatched '}' in /var/www/html/wp-content/mu-plugins/vp-proxy-directus.php on line 681
[06-Mar-2026 09:13:35 UTC] PHP Parse error:  Unmatched '}' in /var/www/html/wp-content/mu-plugins/vp-proxy-directus.php on line 681
[06-Mar-2026 09:14:10 UTC] PHP Parse error:  Unmatched '}' in /var/www/html/wp-content/mu-plugins/vp-proxy-directus.php on line 681
[06-Mar-2026 09:23:12 UTC] PHP Parse error:  Unmatched '}' in /var/www/html/wp-content/mu-plugins/vp-proxy-directus.php on line 681
[06-Mar-2026 09:34:53 UTC] PHP Parse error:  Unmatched '}' in /var/www/html/wp-content/mu-plugins/vp-proxy-directus.php on line 681
[06-Mar-2026 09:40:28 UTC] PHP Parse error:  Unmatched '}' in /var/www/html/wp-content/mu-plugins/vp-proxy-directus.php on line 681
[06-Mar-2026 09:56:38 UTC] PHP Parse error:  Unmatched '}' in /var/www/html/wp-content/mu-plugins/vp-proxy-directus.php on line 681
[06-Mar-2026 10:40:34 UTC] PHP Parse error:  Unmatched '}' in /var/www/html/wp-content/mu-plugins/vp-proxy-directus.php on line 681
[06-Mar-2026 11:32:36 UTC] PHP Parse error:  Unmatched '}' in /var/www/html/wp-content/mu-plugins/vp-proxy-directus.php on line 681
[06-Mar-2026 11:49:20 UTC] PHP Parse error:  Unmatched '}' in /var/www/html/wp-content/mu-plugins/vp-proxy-directus.php on line 681
[06-Mar-2026 11:49:20 UTC] PHP Parse error:  Unmatched '}' in /var/www/html/wp-content/mu-plugins/vp-proxy-directus.php on line 681
[06-Mar-2026 12:43:44 UTC] PHP Parse error:  Unmatched '}' in /var/www/html/wp-content/mu-plugins/vp-proxy-directus.php on line 681
[06-Mar-2026 13:49:04 UTC] PHP Parse error:  Unmatched '}' in /var/www/html/wp-content/mu-plugins/vp-proxy-directus.php on line 681
[06-Mar-2026 13:49:04 UTC] PHP Parse error:  Unmatched '}' in /var/www/html/wp-content/mu-plugins/vp-proxy-directus.php on line 681
[06-Mar-2026 15:04:42 UTC] PHP Parse error:  Unmatched '}' in /var/www/html/wp-content/mu-plugins/vp-proxy-directus.php on line 681
[06-Mar-2026 15:04:42 UTC] PHP Parse error:  Unmatched '}' in /var/www/html/wp-content/mu-plugins/vp-proxy-directus.php on line 681
[06-Mar-2026 15:04:42 UTC] PHP Parse error:  Unmatched '}' in /var/www/html/wp-content/mu-plugins/vp-proxy-directus.php on line 681
[06-Mar-2026 15:04:43 UTC] PHP Parse error:  Unmatched '}' in /var/www/html/wp-content/mu-plugins/vp-proxy-directus.php on line 681
[06-Mar-2026 15:04:43 UTC] PHP Parse error:  Unmatched '}' in /var/www/html/wp-content/mu-plugins/vp-proxy-directus.php on line 681
[06-Mar-2026 15:04:43 UTC] PHP Parse error:  Unmatched '}' in /var/www/html/wp-content/mu-plugins/vp-proxy-directus.php on line 681
[06-Mar-2026 15:04:43 UTC] PHP Parse error:  Unmatched '}' in /var/www/html/wp-content/mu-plugins/vp-proxy-directus.php on line 681
[06-Mar-2026 15:04:43 UTC] PHP Parse error:  Unmatched '}' in /var/www/html/wp-content/mu-plugins/vp-proxy-directus.php on line 681
[06-Mar-2026 15:04:44 UTC] PHP Parse error:  Unmatched '}' in /var/www/html/wp-content/mu-plugins/vp-proxy-directus.php on line 681
[06-Mar-2026 15:04:44 UTC] PHP Parse error:  Unmatched '}' in /var/www/html/wp-content/mu-plugins/vp-proxy-directus.php on line 681
[06-Mar-2026 15:04:44 UTC] PHP Parse error:  Unmatched '}' in /var/www/html/wp-content/mu-plugins/vp-proxy-directus.php on line 681
[06-Mar-2026 15:04:44 UTC] PHP Parse error:  Unmatched '}' in /var/www/html/wp-content/mu-plugins/vp-proxy-directus.php on line 681
[06-Mar-2026 15:04:44 UTC] PHP Parse error:  Unmatched '}' in /var/www/html/wp-content/mu-plugins/vp-proxy-directus.php on line 681
[06-Mar-2026 15:04:45 UTC] PHP Parse error:  Unmatched '}' in /var/www/html/wp-content/mu-plugins/vp-proxy-directus.php on line 681
[06-Mar-2026 15:04:45 UTC] PHP Parse error:  Unmatched '}' in /var/www/html/wp-content/mu-plugins/vp-proxy-directus.php on line 681
[06-Mar-2026 15:04:45 UTC] PHP Parse error:  Unmatched '}' in /var/www/html/wp-content/mu-plugins/vp-proxy-directus.php on line 681
[06-Mar-2026 15:04:45 UTC] PHP Parse error:  Unmatched '}' in /var/www/html/wp-content/mu-plugins/vp-proxy-directus.php on line 681
[06-Mar-2026 15:04:46 UTC] PHP Parse error:  Unmatched '}' in /var/www/html/wp-content/mu-plugins/vp-proxy-directus.php on line 681
[06-Mar-2026 15:04:46 UTC] PHP Parse error:  Unmatched '}' in /var/www/html/wp-content/mu-plugins/vp-proxy-directus.php on line 681
[06-Mar-2026 15:04:46 UTC] PHP Parse error:  Unmatched '}' in /var/www/html/wp-content/mu-plugins/vp-proxy-directus.php on line 681
[06-Mar-2026 15:04:46 UTC] PHP Parse error:  Unmatched '}' in /var/www/html/wp-content/mu-plugins/vp-proxy-directus.php on line 681
[06-Mar-2026 15:04:46 UTC] PHP Parse error:  Unmatched '}' in /var/www/html/wp-content/mu-plugins/vp-proxy-directus.php on line 681
[06-Mar-2026 15:04:47 UTC] PHP Parse error:  Unmatched '}' in /var/www/html/wp-content/mu-plugins/vp-proxy-directus.php on line 681
[06-Mar-2026 15:04:47 UTC] PHP Parse error:  Unmatched '}' in /var/www/html/wp-content/mu-plugins/vp-proxy-directus.php on line 681
[06-Mar-2026 15:04:47 UTC] PHP Parse error:  Unmatched '}' in /var/www/html/wp-content/mu-plugins/vp-proxy-directus.php on line 681
[06-Mar-2026 15:04:47 UTC] PHP Parse error:  Unmatched '}' in /var/www/html/wp-content/mu-plugins/vp-proxy-directus.php on line 681
[06-Mar-2026 15:33:07 UTC] PHP Parse error:  Unmatched '}' in /var/www/html/wp-content/mu-plugins/vp-proxy-directus.php on line 681
[06-Mar-2026 15:40:08 UTC] PHP Parse error:  Unmatched '}' in /var/www/html/wp-content/mu-plugins/vp-proxy-directus.php on line 681
[06-Mar-2026 16:03:18 UTC] PHP Parse error:  Unmatched '}' in /var/www/html/wp-content/mu-plugins/vp-proxy-directus.php on line 681
[06-Mar-2026 16:03:22 UTC] PHP Parse error:  Unmatched '}' in /var/www/html/wp-content/mu-plugins/vp-proxy-directus.php on line 681
[06-Mar-2026 16:56:25 UTC] PHP Parse error:  Unmatched '}' in /var/www/html/wp-content/mu-plugins/vp-proxy-directus.php on line 681
[06-Mar-2026 16:57:53 UTC] PHP Parse error:  Unmatched '}' in /var/www/html/wp-content/mu-plugins/vp-proxy-directus.php on line 681
[06-Mar-2026 17:15:48 UTC] PHP Parse error:  Unmatched '}' in /var/www/html/wp-content/mu-plugins/vp-proxy-directus.php on line 681
[06-Mar-2026 18:13:07 UTC] PHP Parse error:  Unmatched '}' in /var/www/html/wp-content/mu-plugins/vp-proxy-directus.php on line 681
[06-Mar-2026 18:55:37 UTC] PHP Parse error:  Unmatched '}' in /var/www/html/wp-content/mu-plugins/vp-proxy-directus.php on line 681
[06-Mar-2026 19:01:12 UTC] PHP Parse error:  Unmatched '}' in /var/www/html/wp-content/mu-plugins/vp-proxy-directus.php on line 681
[06-Mar-2026 19:01:12 UTC] PHP Parse error:  Unmatched '}' in /var/www/html/wp-content/mu-plugins/vp-proxy-directus.php on line 681
[06-Mar-2026 19:01:12 UTC] PHP Parse error:  Unmatched '}' in /var/www/html/wp-content/mu-plugins/vp-proxy-directus.php on line 681
[06-Mar-2026 19:01:13 UTC] PHP Parse error:  Unmatched '}' in /var/www/html/wp-content/mu-plugins/vp-proxy-directus.php on line 681
[06-Mar-2026 19:01:13 UTC] PHP Parse error:  Unmatched '}' in /var/www/html/wp-content/mu-plugins/vp-proxy-directus.php on line 681
[06-Mar-2026 19:01:13 UTC] PHP Parse error:  Unmatched '}' in /var/www/html/wp-content/mu-plugins/vp-proxy-directus.php on line 681
[06-Mar-2026 19:01:14 UTC] PHP Parse error:  Unmatched '}' in /var/www/html/wp-content/mu-plugins/vp-proxy-directus.php on line 681
[06-Mar-2026 19:01:14 UTC] PHP Parse error:  Unmatched '}' in /var/www/html/wp-content/mu-plugins/vp-proxy-directus.php on line 681
[06-Mar-2026 19:01:14 UTC] PHP Parse error:  Unmatched '}' in /var/www/html/wp-content/mu-plugins/vp-proxy-directus.php on line 681
[06-Mar-2026 19:01:15 UTC] PHP Parse error:  Unmatched '}' in /var/www/html/wp-content/mu-plugins/vp-proxy-directus.php on line 681
[06-Mar-2026 19:01:15 UTC] PHP Parse error:  Unmatched '}' in /var/www/html/wp-content/mu-plugins/vp-proxy-directus.php on line 681
[06-Mar-2026 19:01:15 UTC] PHP Parse error:  Unmatched '}' in /var/www/html/wp-content/mu-plugins/vp-proxy-directus.php on line 681
[06-Mar-2026 19:01:15 UTC] PHP Parse error:  Unmatched '}' in /var/www/html/wp-content/mu-plugins/vp-proxy-directus.php on line 681
[06-Mar-2026 19:01:16 UTC] PHP Parse error:  Unmatched '}' in /var/www/html/wp-content/mu-plugins/vp-proxy-directus.php on line 681
[06-Mar-2026 19:01:16 UTC] PHP Parse error:  Unmatched '}' in /var/www/html/wp-content/mu-plugins/vp-proxy-directus.php on line 681
[06-Mar-2026 19:01:16 UTC] PHP Parse error:  Unmatched '}' in /var/www/html/wp-content/mu-plugins/vp-proxy-directus.php on line 681
[06-Mar-2026 19:01:17 UTC] PHP Parse error:  Unmatched '}' in /var/www/html/wp-content/mu-plugins/vp-proxy-directus.php on line 681
[06-Mar-2026 19:01:17 UTC] PHP Parse error:  Unmatched '}' in /var/www/html/wp-content/mu-plugins/vp-proxy-directus.php on line 681
[06-Mar-2026 19:01:17 UTC] PHP Parse error:  Unmatched '}' in /var/www/html/wp-content/mu-plugins/vp-proxy-directus.php on line 681
[06-Mar-2026 19:01:18 UTC] PHP Parse error:  Unmatched '}' in /var/www/html/wp-content/mu-plugins/vp-proxy-directus.php on line 681
[06-Mar-2026 19:01:18 UTC] PHP Parse error:  Unmatched '}' in /var/www/html/wp-content/mu-plugins/vp-proxy-directus.php on line 681
[06-Mar-2026 19:01:18 UTC] PHP Parse error:  Unmatched '}' in /var/www/html/wp-content/mu-plugins/vp-proxy-directus.php on line 681
[06-Mar-2026 19:18:58 UTC] PHP Parse error:  Unmatched '}' in /var/www/html/wp-content/mu-plugins/vp-proxy-directus.php on line 681
[06-Mar-2026 19:18:58 UTC] PHP Parse error:  Unmatched '}' in /var/www/html/wp-content/mu-plugins/vp-proxy-directus.php on line 681
[06-Mar-2026 19:18:58 UTC] PHP Parse error:  Unmatched '}' in /var/www/html/wp-content/mu-plugins/vp-proxy-directus.php on line 681
[06-Mar-2026 19:18:59 UTC] PHP Parse error:  Unmatched '}' in /var/www/html/wp-content/mu-plugins/vp-proxy-directus.php on line 681
[06-Mar-2026 19:18:59 UTC] PHP Parse error:  Unmatched '}' in /var/www/html/wp-content/mu-plugins/vp-proxy-directus.php on line 681
[06-Mar-2026 19:18:59 UTC] PHP Parse error:  Unmatched '}' in /var/www/html/wp-content/mu-plugins/vp-proxy-directus.php on line 681
[06-Mar-2026 19:18:59 UTC] PHP Parse error:  Unmatched '}' in /var/www/html/wp-content/mu-plugins/vp-proxy-directus.php on line 681
[06-Mar-2026 19:18:59 UTC] PHP Parse error:  Unmatched '}' in /var/www/html/wp-content/mu-plugins/vp-proxy-directus.php on line 681
[06-Mar-2026 19:19:00 UTC] PHP Parse error:  Unmatched '}' in /var/www/html/wp-content/mu-plugins/vp-proxy-directus.php on line 681
[06-Mar-2026 19:19:00 UTC] PHP Parse error:  Unmatched '}' in /var/www/html/wp-content/mu-plugins/vp-proxy-directus.php on line 681
[06-Mar-2026 19:19:00 UTC] PHP Parse error:  Unmatched '}' in /var/www/html/wp-content/mu-plugins/vp-proxy-directus.php on line 681
[06-Mar-2026 19:19:00 UTC] PHP Parse error:  Unmatched '}' in /var/www/html/wp-content/mu-plugins/vp-proxy-directus.php on line 681
[06-Mar-2026 19:19:01 UTC] PHP Parse error:  Unmatched '}' in /var/www/html/wp-content/mu-plugins/vp-proxy-directus.php on line 681
[06-Mar-2026 19:19:01 UTC] PHP Parse error:  Unmatched '}' in /var/www/html/wp-content/mu-plugins/vp-proxy-directus.php on line 681
[06-Mar-2026 19:19:01 UTC] PHP Parse error:  Unmatched '}' in /var/www/html/wp-content/mu-plugins/vp-proxy-directus.php on line 681
[06-Mar-2026 19:57:44 UTC] PHP Parse error:  Unmatched '}' in /var/www/html/wp-content/mu-plugins/vp-proxy-directus.php on line 681
[06-Mar-2026 20:46:48 UTC] PHP Parse error:  Unmatched '}' in /var/www/html/wp-content/mu-plugins/vp-proxy-directus.php on line 681
[06-Mar-2026 20:46:48 UTC] PHP Parse error:  Unmatched '}' in /var/www/html/wp-content/mu-plugins/vp-proxy-directus.php on line 681
[06-Mar-2026 20:46:48 UTC] PHP Parse error:  Unmatched '}' in /var/www/html/wp-content/mu-plugins/vp-proxy-directus.php on line 681
[06-Mar-2026 20:46:49 UTC] PHP Parse error:  Unmatched '}' in /var/www/html/wp-content/mu-plugins/vp-proxy-directus.php on line 681
[06-Mar-2026 20:46:49 UTC] PHP Parse error:  Unmatched '}' in /var/www/html/wp-content/mu-plugins/vp-proxy-directus.php on line 681
[06-Mar-2026 20:46:49 UTC] PHP Parse error:  Unmatched '}' in /var/www/html/wp-content/mu-plugins/vp-proxy-directus.php on line 681
[06-Mar-2026 20:46:49 UTC] PHP Parse error:  Unmatched '}' in /var/www/html/wp-content/mu-plugins/vp-proxy-directus.php on line 681
[06-Mar-2026 20:46:49 UTC] PHP Parse error:  Unmatched '}' in /var/www/html/wp-content/mu-plugins/vp-proxy-directus.php on line 681
[06-Mar-2026 20:46:50 UTC] PHP Parse error:  Unmatched '}' in /var/www/html/wp-content/mu-plugins/vp-proxy-directus.php on line 681
[06-Mar-2026 20:46:50 UTC] PHP Parse error:  Unmatched '}' in /var/www/html/wp-content/mu-plugins/vp-proxy-directus.php on line 681
[06-Mar-2026 20:46:50 UTC] PHP Parse error:  Unmatched '}' in /var/www/html/wp-content/mu-plugins/vp-proxy-directus.php on line 681
[06-Mar-2026 20:46:51 UTC] PHP Parse error:  Unmatched '}' in /var/www/html/wp-content/mu-plugins/vp-proxy-directus.php on line 681
[06-Mar-2026 20:46:51 UTC] PHP Parse error:  Unmatched '}' in /var/www/html/wp-content/mu-plugins/vp-proxy-directus.php on line 681
[06-Mar-2026 20:46:51 UTC] PHP Parse error:  Unmatched '}' in /var/www/html/wp-content/mu-plugins/vp-proxy-directus.php on line 681
[06-Mar-2026 20:46:51 UTC] PHP Parse error:  Unmatched '}' in /var/www/html/wp-content/mu-plugins/vp-proxy-directus.php on line 681
[06-Mar-2026 20:46:52 UTC] PHP Parse error:  Unmatched '}' in /var/www/html/wp-content/mu-plugins/vp-proxy-directus.php on line 681
[06-Mar-2026 20:46:52 UTC] PHP Parse error:  Unmatched '}' in /var/www/html/wp-content/mu-plugins/vp-proxy-directus.php on line 681
[06-Mar-2026 20:46:53 UTC] PHP Parse error:  Unmatched '}' in /var/www/html/wp-content/mu-plugins/vp-proxy-directus.php on line 681
[06-Mar-2026 20:46:53 UTC] PHP Parse error:  Unmatched '}' in /var/www/html/wp-content/mu-plugins/vp-proxy-directus.php on line 681
[06-Mar-2026 20:46:53 UTC] PHP Parse error:  Unmatched '}' in /var/www/html/wp-content/mu-plugins/vp-proxy-directus.php on line 681
[06-Mar-2026 20:46:53 UTC] PHP Parse error:  Unmatched '}' in /var/www/html/wp-content/mu-plugins/vp-proxy-directus.php on line 681
[06-Mar-2026 20:46:53 UTC] PHP Parse error:  Unmatched '}' in /var/www/html/wp-content/mu-plugins/vp-proxy-directus.php on line 681
[06-Mar-2026 20:46:55 UTC] PHP Parse error:  Unmatched '}' in /var/www/html/wp-content/mu-plugins/vp-proxy-directus.php on line 681
[06-Mar-2026 20:46:56 UTC] PHP Parse error:  Unmatched '}' in /var/www/html/wp-content/mu-plugins/vp-proxy-directus.php on line 681
[06-Mar-2026 20:46:56 UTC] PHP Parse error:  Unmatched '}' in /var/www/html/wp-content/mu-plugins/vp-proxy-directus.php on line 681
[06-Mar-2026 20:46:57 UTC] PHP Parse error:  Unmatched '}' in /var/www/html/wp-content/mu-plugins/vp-proxy-directus.php on line 681
[06-Mar-2026 21:49:05 UTC] PHP Parse error:  Unmatched '}' in /var/www/html/wp-content/mu-plugins/vp-proxy-directus.php on line 681
[07-Mar-2026 01:13:01 UTC] PHP Parse error:  Unmatched '}' in /var/www/html/wp-content/mu-plugins/vp-proxy-directus.php on line 681
[07-Mar-2026 01:13:01 UTC] PHP Parse error:  Unmatched '}' in /var/www/html/wp-content/mu-plugins/vp-proxy-directus.php on line 681
[07-Mar-2026 01:13:01 UTC] PHP Parse error:  Unmatched '}' in /var/www/html/wp-content/mu-plugins/vp-proxy-directus.php on line 681
[07-Mar-2026 01:13:01 UTC] PHP Parse error:  Unmatched '}' in /var/www/html/wp-content/mu-plugins/vp-proxy-directus.php on line 681
[07-Mar-2026 01:13:02 UTC] PHP Parse error:  Unmatched '}' in /var/www/html/wp-content/mu-plugins/vp-proxy-directus.php on line 681
[07-Mar-2026 01:13:02 UTC] PHP Parse error:  Unmatched '}' in /var/www/html/wp-content/mu-plugins/vp-proxy-directus.php on line 681
[07-Mar-2026 01:13:02 UTC] PHP Parse error:  Unmatched '}' in /var/www/html/wp-content/mu-plugins/vp-proxy-directus.php on line 681
[07-Mar-2026 01:13:02 UTC] PHP Parse error:  Unmatched '}' in /var/www/html/wp-content/mu-plugins/vp-proxy-directus.php on line 681
[07-Mar-2026 01:13:02 UTC] PHP Parse error:  Unmatched '}' in /var/www/html/wp-content/mu-plugins/vp-proxy-directus.php on line 681
[07-Mar-2026 01:13:02 UTC] PHP Parse error:  Unmatched '}' in /var/www/html/wp-content/mu-plugins/vp-proxy-directus.php on line 681
[07-Mar-2026 01:13:03 UTC] PHP Parse error:  Unmatched '}' in /var/www/html/wp-content/mu-plugins/vp-proxy-directus.php on line 681
[07-Mar-2026 01:13:03 UTC] PHP Parse error:  Unmatched '}' in /var/www/html/wp-content/mu-plugins/vp-proxy-directus.php on line 681
[07-Mar-2026 01:13:03 UTC] PHP Parse error:  Unmatched '}' in /var/www/html/wp-content/mu-plugins/vp-proxy-directus.php on line 681
[07-Mar-2026 01:13:03 UTC] PHP Parse error:  Unmatched '}' in /var/www/html/wp-content/mu-plugins/vp-proxy-directus.php on line 681
[07-Mar-2026 01:13:03 UTC] PHP Parse error:  Unmatched '}' in /var/www/html/wp-content/mu-plugins/vp-proxy-directus.php on line 681
[07-Mar-2026 01:13:03 UTC] PHP Parse error:  Unmatched '}' in /var/www/html/wp-content/mu-plugins/vp-proxy-directus.php on line 681
[07-Mar-2026 01:13:04 UTC] PHP Parse error:  Unmatched '}' in /var/www/html/wp-content/mu-plugins/vp-proxy-directus.php on line 681
[07-Mar-2026 01:13:04 UTC] PHP Parse error:  Unmatched '}' in /var/www/html/wp-content/mu-plugins/vp-proxy-directus.php on line 681
[07-Mar-2026 01:13:04 UTC] PHP Parse error:  Unmatched '}' in /var/www/html/wp-content/mu-plugins/vp-proxy-directus.php on line 681
[07-Mar-2026 01:13:04 UTC] PHP Parse error:  Unmatched '}' in /var/www/html/wp-content/mu-plugins/vp-proxy-directus.php on line 681
[07-Mar-2026 01:13:04 UTC] PHP Parse error:  Unmatched '}' in /var/www/html/wp-content/mu-plugins/vp-proxy-directus.php on line 681
[07-Mar-2026 01:13:05 UTC] PHP Parse error:  Unmatched '}' in /var/www/html/wp-content/mu-plugins/vp-proxy-directus.php on line 681
[07-Mar-2026 01:13:05 UTC] PHP Parse error:  Unmatched '}' in /var/www/html/wp-content/mu-plugins/vp-proxy-directus.php on line 681
[07-Mar-2026 01:13:05 UTC] PHP Parse error:  Unmatched '}' in /var/www/html/wp-content/mu-plugins/vp-proxy-directus.php on line 681
[07-Mar-2026 01:13:05 UTC] PHP Parse error:  Unmatched '}' in /var/www/html/wp-content/mu-plugins/vp-proxy-directus.php on line 681
[07-Mar-2026 01:13:05 UTC] PHP Parse error:  Unmatched '}' in /var/www/html/wp-content/mu-plugins/vp-proxy-directus.php on line 681
[07-Mar-2026 01:13:06 UTC] PHP Parse error:  Unmatched '}' in /var/www/html/wp-content/mu-plugins/vp-proxy-directus.php on line 681
[07-Mar-2026 01:13:06 UTC] PHP Parse error:  Unmatched '}' in /var/www/html/wp-content/mu-plugins/vp-proxy-directus.php on line 681
[07-Mar-2026 01:13:06 UTC] PHP Parse error:  Unmatched '}' in /var/www/html/wp-content/mu-plugins/vp-proxy-directus.php on line 681
[07-Mar-2026 01:13:07 UTC] PHP Parse error:  Unmatched '}' in /var/www/html/wp-content/mu-plugins/vp-proxy-directus.php on line 681
[07-Mar-2026 01:13:07 UTC] PHP Parse error:  Unmatched '}' in /var/www/html/wp-content/mu-plugins/vp-proxy-directus.php on line 681
[07-Mar-2026 01:13:07 UTC] PHP Parse error:  Unmatched '}' in /var/www/html/wp-content/mu-plugins/vp-proxy-directus.php on line 681
[07-Mar-2026 01:13:07 UTC] PHP Parse error:  Unmatched '}' in /var/www/html/wp-content/mu-plugins/vp-proxy-directus.php on line 681
[07-Mar-2026 02:57:22 UTC] PHP Parse error:  Unmatched '}' in /var/www/html/wp-content/mu-plugins/vp-proxy-directus.php on line 681
[07-Mar-2026 03:30:29 UTC] PHP Parse error:  Unmatched '}' in /var/www/html/wp-content/mu-plugins/vp-proxy-directus.php on line 681
[07-Mar-2026 03:30:29 UTC] PHP Parse error:  Unmatched '}' in /var/www/html/wp-content/mu-plugins/vp-proxy-directus.php on line 681
[07-Mar-2026 03:30:29 UTC] PHP Parse error:  Unmatched '}' in /var/www/html/wp-content/mu-plugins/vp-proxy-directus.php on line 681
[07-Mar-2026 03:30:29 UTC] PHP Parse error:  Unmatched '}' in /var/www/html/wp-content/mu-plugins/vp-proxy-directus.php on line 681
[07-Mar-2026 03:30:30 UTC] PHP Parse error:  Unmatched '}' in /var/www/html/wp-content/mu-plugins/vp-proxy-directus.php on line 681
[07-Mar-2026 03:30:30 UTC] PHP Parse error:  Unmatched '}' in /var/www/html/wp-content/mu-plugins/vp-proxy-directus.php on line 681
[07-Mar-2026 03:30:30 UTC] PHP Parse error:  Unmatched '}' in /var/www/html/wp-content/mu-plugins/vp-proxy-directus.php on line 681
[07-Mar-2026 03:30:31 UTC] PHP Parse error:  Unmatched '}' in /var/www/html/wp-content/mu-plugins/vp-proxy-directus.php on line 681
[07-Mar-2026 03:30:31 UTC] PHP Parse error:  Unmatched '}' in /var/www/html/wp-content/mu-plugins/vp-proxy-directus.php on line 681
[07-Mar-2026 03:30:31 UTC] PHP Parse error:  Unmatched '}' in /var/www/html/wp-content/mu-plugins/vp-proxy-directus.php on line 681
[07-Mar-2026 03:30:32 UTC] PHP Parse error:  Unmatched '}' in /var/www/html/wp-content/mu-plugins/vp-proxy-directus.php on line 681
[07-Mar-2026 03:30:32 UTC] PHP Parse error:  Unmatched '}' in /var/www/html/wp-content/mu-plugins/vp-proxy-directus.php on line 681
[07-Mar-2026 03:30:32 UTC] PHP Parse error:  Unmatched '}' in /var/www/html/wp-content/mu-plugins/vp-proxy-directus.php on line 681
[07-Mar-2026 03:30:33 UTC] PHP Parse error:  Unmatched '}' in /var/www/html/wp-content/mu-plugins/vp-proxy-directus.php on line 681
[07-Mar-2026 03:30:33 UTC] PHP Parse error:  Unmatched '}' in /var/www/html/wp-content/mu-plugins/vp-proxy-directus.php on line 681
[07-Mar-2026 03:30:33 UTC] PHP Parse error:  Unmatched '}' in /var/www/html/wp-content/mu-plugins/vp-proxy-directus.php on line 681
[07-Mar-2026 03:30:33 UTC] PHP Parse error:  Unmatched '}' in /var/www/html/wp-content/mu-plugins/vp-proxy-directus.php on line 681
[07-Mar-2026 03:30:34 UTC] PHP Parse error:  Unmatched '}' in /var/www/html/wp-content/mu-plugins/vp-proxy-directus.php on line 681
[07-Mar-2026 03:30:34 UTC] PHP Parse error:  Unmatched '}' in /var/www/html/wp-content/mu-plugins/vp-proxy-directus.php on line 681
[07-Mar-2026 03:30:34 UTC] PHP Parse error:  Unmatched '}' in /var/www/html/wp-content/mu-plugins/vp-proxy-directus.php on line 681
[07-Mar-2026 03:30:35 UTC] PHP Parse error:  Unmatched '}' in /var/www/html/wp-content/mu-plugins/vp-proxy-directus.php on line 681
[07-Mar-2026 03:30:35 UTC] PHP Parse error:  Unmatched '}' in /var/www/html/wp-content/mu-plugins/vp-proxy-directus.php on line 681
[07-Mar-2026 03:30:35 UTC] PHP Parse error:  Unmatched '}' in /var/www/html/wp-content/mu-plugins/vp-proxy-directus.php on line 681
[07-Mar-2026 03:30:35 UTC] PHP Parse error:  Unmatched '}' in /var/www/html/wp-content/mu-plugins/vp-proxy-directus.php on line 681
[07-Mar-2026 03:30:36 UTC] PHP Parse error:  Unmatched '}' in /var/www/html/wp-content/mu-plugins/vp-proxy-directus.php on line 681
[07-Mar-2026 03:30:36 UTC] PHP Parse error:  Unmatched '}' in /var/www/html/wp-content/mu-plugins/vp-proxy-directus.php on line 681
[07-Mar-2026 03:30:36 UTC] PHP Parse error:  Unmatched '}' in /var/www/html/wp-content/mu-plugins/vp-proxy-directus.php on line 681
[07-Mar-2026 03:30:37 UTC] PHP Parse error:  Unmatched '}' in /var/www/html/wp-content/mu-plugins/vp-proxy-directus.php on line 681
[07-Mar-2026 03:30:37 UTC] PHP Parse error:  Unmatched '}' in /var/www/html/wp-content/mu-plugins/vp-proxy-directus.php on line 681
[07-Mar-2026 03:30:37 UTC] PHP Parse error:  Unmatched '}' in /var/www/html/wp-content/mu-plugins/vp-proxy-directus.php on line 681
[07-Mar-2026 03:30:37 UTC] PHP Parse error:  Unmatched '}' in /var/www/html/wp-content/mu-plugins/vp-proxy-directus.php on line 681
[07-Mar-2026 03:30:38 UTC] PHP Parse error:  Unmatched '}' in /var/www/html/wp-content/mu-plugins/vp-proxy-directus.php on line 681
[07-Mar-2026 03:30:38 UTC] PHP Parse error:  Unmatched '}' in /var/www/html/wp-content/mu-plugins/vp-proxy-directus.php on line 681
[07-Mar-2026 03:30:38 UTC] PHP Parse error:  Unmatched '}' in /var/www/html/wp-content/mu-plugins/vp-proxy-directus.php on line 681
[07-Mar-2026 03:30:38 UTC] PHP Parse error:  Unmatched '}' in /var/www/html/wp-content/mu-plugins/vp-proxy-directus.php on line 681
[07-Mar-2026 03:30:39 UTC] PHP Parse error:  Unmatched '}' in /var/www/html/wp-content/mu-plugins/vp-proxy-directus.php on line 681
[07-Mar-2026 03:30:39 UTC] PHP Parse error:  Unmatched '}' in /var/www/html/wp-content/mu-plugins/vp-proxy-directus.php on line 681
[07-Mar-2026 03:30:39 UTC] PHP Parse error:  Unmatched '}' in /var/www/html/wp-content/mu-plugins/vp-proxy-directus.php on line 681
[07-Mar-2026 03:30:40 UTC] PHP Parse error:  Unmatched '}' in /var/www/html/wp-content/mu-plugins/vp-proxy-directus.php on line 681
[07-Mar-2026 03:30:40 UTC] PHP Parse error:  Unmatched '}' in /var/www/html/wp-content/mu-plugins/vp-proxy-directus.php on line 681
[07-Mar-2026 03:30:40 UTC] PHP Parse error:  Unmatched '}' in /var/www/html/wp-content/mu-plugins/vp-proxy-directus.php on line 681
[07-Mar-2026 03:30:40 UTC] PHP Parse error:  Unmatched '}' in /var/www/html/wp-content/mu-plugins/vp-proxy-directus.php on line 681
[07-Mar-2026 03:30:41 UTC] PHP Parse error:  Unmatched '}' in /var/www/html/wp-content/mu-plugins/vp-proxy-directus.php on line 681
[07-Mar-2026 03:30:41 UTC] PHP Parse error:  Unmatched '}' in /var/www/html/wp-content/mu-plugins/vp-proxy-directus.php on line 681
[07-Mar-2026 03:30:41 UTC] PHP Parse error:  Unmatched '}' in /var/www/html/wp-content/mu-plugins/vp-proxy-directus.php on line 681
[07-Mar-2026 03:30:42 UTC] PHP Parse error:  Unmatched '}' in /var/www/html/wp-content/mu-plugins/vp-proxy-directus.php on line 681
[07-Mar-2026 03:30:42 UTC] PHP Parse error:  Unmatched '}' in /var/www/html/wp-content/mu-plugins/vp-proxy-directus.php on line 681
[07-Mar-2026 03:30:42 UTC] PHP Parse error:  Unmatched '}' in /var/www/html/wp-content/mu-plugins/vp-proxy-directus.php on line 681
[07-Mar-2026 04:25:12 UTC] PHP Parse error:  Unmatched '}' in /var/www/html/wp-content/mu-plugins/vp-proxy-directus.php on line 681
[07-Mar-2026 05:06:24 UTC] PHP Parse error:  Unmatched '}' in /var/www/html/wp-content/mu-plugins/vp-proxy-directus.php on line 681
[07-Mar-2026 05:06:25 UTC] PHP Parse error:  Unmatched '}' in /var/www/html/wp-content/mu-plugins/vp-proxy-directus.php on line 681
[07-Mar-2026 05:06:25 UTC] PHP Parse error:  Unmatched '}' in /var/www/html/wp-content/mu-plugins/vp-proxy-directus.php on line 681
[07-Mar-2026 05:06:26 UTC] PHP Parse error:  Unmatched '}' in /var/www/html/wp-content/mu-plugins/vp-proxy-directus.php on line 681
[07-Mar-2026 05:06:27 UTC] PHP Parse error:  Unmatched '}' in /var/www/html/wp-content/mu-plugins/vp-proxy-directus.php on line 681
[07-Mar-2026 05:06:27 UTC] PHP Parse error:  Unmatched '}' in /var/www/html/wp-content/mu-plugins/vp-proxy-directus.php on line 681
[07-Mar-2026 05:06:27 UTC] PHP Parse error:  Unmatched '}' in /var/www/html/wp-content/mu-plugins/vp-proxy-directus.php on line 681
[07-Mar-2026 05:06:27 UTC] PHP Parse error:  Unmatched '}' in /var/www/html/wp-content/mu-plugins/vp-proxy-directus.php on line 681
[07-Mar-2026 05:06:27 UTC] PHP Parse error:  Unmatched '}' in /var/www/html/wp-content/mu-plugins/vp-proxy-directus.php on line 681
[07-Mar-2026 05:06:28 UTC] PHP Parse error:  Unmatched '}' in /var/www/html/wp-content/mu-plugins/vp-proxy-directus.php on line 681
[07-Mar-2026 05:06:28 UTC] PHP Parse error:  Unmatched '}' in /var/www/html/wp-content/mu-plugins/vp-proxy-directus.php on line 681
[07-Mar-2026 05:06:29 UTC] PHP Parse error:  Unmatched '}' in /var/www/html/wp-content/mu-plugins/vp-proxy-directus.php on line 681
[07-Mar-2026 05:06:29 UTC] PHP Parse error:  Unmatched '}' in /var/www/html/wp-content/mu-plugins/vp-proxy-directus.php on line 681
[07-Mar-2026 05:06:29 UTC] PHP Parse error:  Unmatched '}' in /var/www/html/wp-content/mu-plugins/vp-proxy-directus.php on line 681
[07-Mar-2026 05:06:29 UTC] PHP Parse error:  Unmatched '}' in /var/www/html/wp-content/mu-plugins/vp-proxy-directus.php on line 681
[07-Mar-2026 05:06:29 UTC] PHP Parse error:  Unmatched '}' in /var/www/html/wp-content/mu-plugins/vp-proxy-directus.php on line 681
[07-Mar-2026 05:06:30 UTC] PHP Parse error:  Unmatched '}' in /var/www/html/wp-content/mu-plugins/vp-proxy-directus.php on line 681
[07-Mar-2026 05:06:30 UTC] PHP Parse error:  Unmatched '}' in /var/www/html/wp-content/mu-plugins/vp-proxy-directus.php on line 681
[07-Mar-2026 05:06:30 UTC] PHP Parse error:  Unmatched '}' in /var/www/html/wp-content/mu-plugins/vp-proxy-directus.php on line 681
[07-Mar-2026 05:06:30 UTC] PHP Parse error:  Unmatched '}' in /var/www/html/wp-content/mu-plugins/vp-proxy-directus.php on line 681
[07-Mar-2026 05:06:31 UTC] PHP Parse error:  Unmatched '}' in /var/www/html/wp-content/mu-plugins/vp-proxy-directus.php on line 681
[07-Mar-2026 05:06:31 UTC] PHP Parse error:  Unmatched '}' in /var/www/html/wp-content/mu-plugins/vp-proxy-directus.php on line 681
[07-Mar-2026 05:06:31 UTC] PHP Parse error:  Unmatched '}' in /var/www/html/wp-content/mu-plugins/vp-proxy-directus.php on line 681
[07-Mar-2026 05:06:31 UTC] PHP Parse error:  Unmatched '}' in /var/www/html/wp-content/mu-plugins/vp-proxy-directus.php on line 681
[07-Mar-2026 05:06:32 UTC] PHP Parse error:  Unmatched '}' in /var/www/html/wp-content/mu-plugins/vp-proxy-directus.php on line 681
[07-Mar-2026 05:06:32 UTC] PHP Parse error:  Unmatched '}' in /var/www/html/wp-content/mu-plugins/vp-proxy-directus.php on line 681
[07-Mar-2026 05:06:32 UTC] PHP Parse error:  Unmatched '}' in /var/www/html/wp-content/mu-plugins/vp-proxy-directus.php on line 681
[07-Mar-2026 05:06:33 UTC] PHP Parse error:  Unmatched '}' in /var/www/html/wp-content/mu-plugins/vp-proxy-directus.php on line 681
[07-Mar-2026 05:06:33 UTC] PHP Parse error:  Unmatched '}' in /var/www/html/wp-content/mu-plugins/vp-proxy-directus.php on line 681
[07-Mar-2026 05:06:33 UTC] PHP Parse error:  Unmatched '}' in /var/www/html/wp-content/mu-plugins/vp-proxy-directus.php on line 681
[07-Mar-2026 05:06:33 UTC] PHP Parse error:  Unmatched '}' in /var/www/html/wp-content/mu-plugins/vp-proxy-directus.php on line 681
[07-Mar-2026 05:06:33 UTC] PHP Parse error:  Unmatched '}' in /var/www/html/wp-content/mu-plugins/vp-proxy-directus.php on line 681
[07-Mar-2026 05:06:34 UTC] PHP Parse error:  Unmatched '}' in /var/www/html/wp-content/mu-plugins/vp-proxy-directus.php on line 681
[07-Mar-2026 05:06:34 UTC] PHP Parse error:  Unmatched '}' in /var/www/html/wp-content/mu-plugins/vp-proxy-directus.php on line 681
[07-Mar-2026 05:06:34 UTC] PHP Parse error:  Unmatched '}' in /var/www/html/wp-content/mu-plugins/vp-proxy-directus.php on line 681
[07-Mar-2026 05:06:35 UTC] PHP Parse error:  Unmatched '}' in /var/www/html/wp-content/mu-plugins/vp-proxy-directus.php on line 681
[07-Mar-2026 05:06:35 UTC] PHP Parse error:  Unmatched '}' in /var/www/html/wp-content/mu-plugins/vp-proxy-directus.php on line 681
[07-Mar-2026 05:06:35 UTC] PHP Parse error:  Unmatched '}' in /var/www/html/wp-content/mu-plugins/vp-proxy-directus.php on line 681
[07-Mar-2026 05:06:35 UTC] PHP Parse error:  Unmatched '}' in /var/www/html/wp-content/mu-plugins/vp-proxy-directus.php on line 681
[07-Mar-2026 05:06:36 UTC] PHP Parse error:  Unmatched '}' in /var/www/html/wp-content/mu-plugins/vp-proxy-directus.php on line 681
[07-Mar-2026 05:06:36 UTC] PHP Parse error:  Unmatched '}' in /var/www/html/wp-content/mu-plugins/vp-proxy-directus.php on line 681
[07-Mar-2026 05:06:36 UTC] PHP Parse error:  Unmatched '}' in /var/www/html/wp-content/mu-plugins/vp-proxy-directus.php on line 681
[07-Mar-2026 05:06:37 UTC] PHP Parse error:  Unmatched '}' in /var/www/html/wp-content/mu-plugins/vp-proxy-directus.php on line 681
[07-Mar-2026 05:23:04 UTC] PHP Parse error:  Unmatched '}' in /var/www/html/wp-content/mu-plugins/vp-proxy-directus.php on line 681
[07-Mar-2026 05:53:53 UTC] PHP Parse error:  Unmatched '}' in /var/www/html/wp-content/mu-plugins/vp-proxy-directus.php on line 681
[07-Mar-2026 06:12:05 UTC] PHP Parse error:  Unmatched '}' in /var/www/html/wp-content/mu-plugins/vp-proxy-directus.php on line 681
[07-Mar-2026 06:46:54 UTC] PHP Parse error:  Unmatched '}' in /var/www/html/wp-content/mu-plugins/vp-proxy-directus.php on line 681
[07-Mar-2026 06:47:06 UTC] PHP Parse error:  Unmatched '}' in /var/www/html/wp-content/mu-plugins/vp-proxy-directus.php on line 681
[07-Mar-2026 06:48:45 UTC] PHP Parse error:  Unmatched '}' in /var/www/html/wp-content/mu-plugins/vp-proxy-directus.php on line 681
[07-Mar-2026 06:53:12 UTC] PHP Parse error:  Unmatched '}' in /var/www/html/wp-content/mu-plugins/vp-proxy-directus.php on line 681
[07-Mar-2026 07:35:56 UTC] PHP Parse error:  Unmatched '}' in /var/www/html/wp-content/mu-plugins/vp-proxy-directus.php on line 681
[07-Mar-2026 07:59:10 UTC] PHP Parse error:  Unmatched '}' in /var/www/html/wp-content/mu-plugins/vp-proxy-directus.php on line 681
[07-Mar-2026 08:34:40 UTC] PHP Parse error:  Unmatched '}' in /var/www/html/wp-content/mu-plugins/vp-proxy-directus.php on line 681
[07-Mar-2026 08:45:09 UTC] PHP Parse error:  Unmatched '}' in /var/www/html/wp-content/mu-plugins/vp-proxy-directus.php on line 681
[07-Mar-2026 08:45:10 UTC] PHP Parse error:  Unmatched '}' in /var/www/html/wp-content/mu-plugins/vp-proxy-directus.php on line 681
[07-Mar-2026 08:45:10 UTC] PHP Parse error:  Unmatched '}' in /var/www/html/wp-content/mu-plugins/vp-proxy-directus.php on line 681
[07-Mar-2026 08:45:10 UTC] PHP Parse error:  Unmatched '}' in /var/www/html/wp-content/mu-plugins/vp-proxy-directus.php on line 681
[07-Mar-2026 09:02:46 UTC] PHP Parse error:  Unmatched '}' in /var/www/html/wp-content/mu-plugins/vp-proxy-directus.php on line 681
[07-Mar-2026 09:17:37 UTC] PHP Parse error:  Unmatched '}' in /var/www/html/wp-content/mu-plugins/vp-proxy-directus.php on line 681
[07-Mar-2026 09:17:48 UTC] PHP Parse error:  Unmatched '}' in /var/www/html/wp-content/mu-plugins/vp-proxy-directus.php on line 681
[07-Mar-2026 09:52:03 UTC] PHP Parse error:  Unmatched '}' in /var/www/html/wp-content/mu-plugins/vp-proxy-directus.php on line 681
[07-Mar-2026 09:52:03 UTC] PHP Parse error:  Unmatched '}' in /var/www/html/wp-content/mu-plugins/vp-proxy-directus.php on line 681
[07-Mar-2026 10:17:00 UTC] PHP Parse error:  Unmatched '}' in /var/www/html/wp-content/mu-plugins/vp-proxy-directus.php on line 681
[07-Mar-2026 10:17:00 UTC] PHP Parse error:  Unmatched '}' in /var/www/html/wp-content/mu-plugins/vp-proxy-directus.php on line 681
[07-Mar-2026 10:17:01 UTC] PHP Parse error:  Unmatched '}' in /var/www/html/wp-content/mu-plugins/vp-proxy-directus.php on line 681
[07-Mar-2026 10:17:01 UTC] PHP Parse error:  Unmatched '}' in /var/www/html/wp-content/mu-plugins/vp-proxy-directus.php on line 681
[07-Mar-2026 10:17:01 UTC] PHP Parse error:  Unmatched '}' in /var/www/html/wp-content/mu-plugins/vp-proxy-directus.php on line 681
[07-Mar-2026 10:17:01 UTC] PHP Parse error:  Unmatched '}' in /var/www/html/wp-content/mu-plugins/vp-proxy-directus.php on line 681
[07-Mar-2026 10:17:02 UTC] PHP Parse error:  Unmatched '}' in /var/www/html/wp-content/mu-plugins/vp-proxy-directus.php on line 681
[07-Mar-2026 10:17:02 UTC] PHP Parse error:  Unmatched '}' in /var/www/html/wp-content/mu-plugins/vp-proxy-directus.php on line 681
[07-Mar-2026 10:17:02 UTC] PHP Parse error:  Unmatched '}' in /var/www/html/wp-content/mu-plugins/vp-proxy-directus.php on line 681
[07-Mar-2026 10:17:02 UTC] PHP Parse error:  Unmatched '}' in /var/www/html/wp-content/mu-plugins/vp-proxy-directus.php on line 681
[07-Mar-2026 10:17:02 UTC] PHP Parse error:  Unmatched '}' in /var/www/html/wp-content/mu-plugins/vp-proxy-directus.php on line 681
[07-Mar-2026 10:17:03 UTC] PHP Parse error:  Unmatched '}' in /var/www/html/wp-content/mu-plugins/vp-proxy-directus.php on line 681
[07-Mar-2026 10:17:03 UTC] PHP Parse error:  Unmatched '}' in /var/www/html/wp-content/mu-plugins/vp-proxy-directus.php on line 681
[07-Mar-2026 10:17:03 UTC] PHP Parse error:  Unmatched '}' in /var/www/html/wp-content/mu-plugins/vp-proxy-directus.php on line 681
[07-Mar-2026 10:17:03 UTC] PHP Parse error:  Unmatched '}' in /var/www/html/wp-content/mu-plugins/vp-proxy-directus.php on line 681
[07-Mar-2026 10:17:03 UTC] PHP Parse error:  Unmatched '}' in /var/www/html/wp-content/mu-plugins/vp-proxy-directus.php on line 681
[07-Mar-2026 10:17:04 UTC] PHP Parse error:  Unmatched '}' in /var/www/html/wp-content/mu-plugins/vp-proxy-directus.php on line 681
[07-Mar-2026 10:17:04 UTC] PHP Parse error:  Unmatched '}' in /var/www/html/wp-content/mu-plugins/vp-proxy-directus.php on line 681
[07-Mar-2026 10:17:04 UTC] PHP Parse error:  Unmatched '}' in /var/www/html/wp-content/mu-plugins/vp-proxy-directus.php on line 681
[07-Mar-2026 10:17:04 UTC] PHP Parse error:  Unmatched '}' in /var/www/html/wp-content/mu-plugins/vp-proxy-directus.php on line 681
[07-Mar-2026 10:17:04 UTC] PHP Parse error:  Unmatched '}' in /var/www/html/wp-content/mu-plugins/vp-proxy-directus.php on line 681
[07-Mar-2026 10:17:05 UTC] PHP Parse error:  Unmatched '}' in /var/www/html/wp-content/mu-plugins/vp-proxy-directus.php on line 681
[07-Mar-2026 10:17:05 UTC] PHP Parse error:  Unmatched '}' in /var/www/html/wp-content/mu-plugins/vp-proxy-directus.php on line 681
[07-Mar-2026 10:17:05 UTC] PHP Parse error:  Unmatched '}' in /var/www/html/wp-content/mu-plugins/vp-proxy-directus.php on line 681
[07-Mar-2026 10:17:05 UTC] PHP Parse error:  Unmatched '}' in /var/www/html/wp-content/mu-plugins/vp-proxy-directus.php on line 681
[07-Mar-2026 10:17:06 UTC] PHP Parse error:  Unmatched '}' in /var/www/html/wp-content/mu-plugins/vp-proxy-directus.php on line 681
[07-Mar-2026 10:17:06 UTC] PHP Parse error:  Unmatched '}' in /var/www/html/wp-content/mu-plugins/vp-proxy-directus.php on line 681
[07-Mar-2026 10:17:07 UTC] PHP Parse error:  Unmatched '}' in /var/www/html/wp-content/mu-plugins/vp-proxy-directus.php on line 681
[07-Mar-2026 10:17:07 UTC] PHP Parse error:  Unmatched '}' in /var/www/html/wp-content/mu-plugins/vp-proxy-directus.php on line 681
[07-Mar-2026 10:17:08 UTC] PHP Parse error:  Unmatched '}' in /var/www/html/wp-content/mu-plugins/vp-proxy-directus.php on line 681
[07-Mar-2026 11:11:42 UTC] PHP Parse error:  Unmatched '}' in /var/www/html/wp-content/mu-plugins/vp-proxy-directus.php on line 681
[07-Mar-2026 11:33:22 UTC] PHP Parse error:  Unmatched '}' in /var/www/html/wp-content/mu-plugins/vp-proxy-directus.php on line 681
[07-Mar-2026 12:04:57 UTC] PHP Parse error:  Unmatched '}' in /var/www/html/wp-content/mu-plugins/vp-proxy-directus.php on line 681
[07-Mar-2026 12:04:58 UTC] PHP Parse error:  Unmatched '}' in /var/www/html/wp-content/mu-plugins/vp-proxy-directus.php on line 681
[07-Mar-2026 12:21:05 UTC] PHP Parse error:  Unmatched '}' in /var/www/html/wp-content/mu-plugins/vp-proxy-directus.php on line 681
[07-Mar-2026 12:21:07 UTC] PHP Parse error:  Unmatched '}' in /var/www/html/wp-content/mu-plugins/vp-proxy-directus.php on line 681
[07-Mar-2026 12:21:08 UTC] PHP Parse error:  Unmatched '}' in /var/www/html/wp-content/mu-plugins/vp-proxy-directus.php on line 681
[07-Mar-2026 14:09:29 UTC] PHP Parse error:  Unmatched '}' in /var/www/html/wp-content/mu-plugins/vp-proxy-directus.php on line 681
[07-Mar-2026 14:52:38 UTC] PHP Parse error:  Unmatched '}' in /var/www/html/wp-content/mu-plugins/vp-proxy-directus.php on line 681
[07-Mar-2026 14:52:38 UTC] PHP Parse error:  Unmatched '}' in /var/www/html/wp-content/mu-plugins/vp-proxy-directus.php on line 681
[07-Mar-2026 16:03:38 UTC] PHP Parse error:  Unmatched '}' in /var/www/html/wp-content/mu-plugins/vp-proxy-directus.php on line 681
[07-Mar-2026 17:41:51 UTC] PHP Parse error:  Unmatched '}' in /var/www/html/wp-content/mu-plugins/vp-proxy-directus.php on line 681
[07-Mar-2026 18:48:45 UTC] PHP Parse error:  Unmatched '}' in /var/www/html/wp-content/mu-plugins/vp-proxy-directus.php on line 681
[07-Mar-2026 20:32:20 UTC] PHP Parse error:  Unmatched '}' in /var/www/html/wp-content/mu-plugins/vp-proxy-directus.php on line 681
[07-Mar-2026 21:24:49 UTC] PHP Parse error:  Unmatched '}' in /var/www/html/wp-content/mu-plugins/vp-proxy-directus.php on line 681
[07-Mar-2026 21:24:50 UTC] PHP Parse error:  Unmatched '}' in /var/www/html/wp-content/mu-plugins/vp-proxy-directus.php on line 681
[07-Mar-2026 21:26:01 UTC] PHP Parse error:  Unmatched '}' in /var/www/html/wp-content/mu-plugins/vp-proxy-directus.php on line 681
[07-Mar-2026 22:29:12 UTC] PHP Parse error:  Unmatched '}' in /var/www/html/wp-content/mu-plugins/vp-proxy-directus.php on line 681
[07-Mar-2026 22:29:13 UTC] PHP Parse error:  Unmatched '}' in /var/www/html/wp-content/mu-plugins/vp-proxy-directus.php on line 681
[07-Mar-2026 22:29:13 UTC] PHP Parse error:  Unmatched '}' in /var/www/html/wp-content/mu-plugins/vp-proxy-directus.php on line 681
[07-Mar-2026 22:29:13 UTC] PHP Parse error:  Unmatched '}' in /var/www/html/wp-content/mu-plugins/vp-proxy-directus.php on line 681
[07-Mar-2026 22:29:13 UTC] PHP Parse error:  Unmatched '}' in /var/www/html/wp-content/mu-plugins/vp-proxy-directus.php on line 681
[07-Mar-2026 22:29:14 UTC] PHP Parse error:  Unmatched '}' in /var/www/html/wp-content/mu-plugins/vp-proxy-directus.php on line 681
[07-Mar-2026 22:29:14 UTC] PHP Parse error:  Unmatched '}' in /var/www/html/wp-content/mu-plugins/vp-proxy-directus.php on line 681
[07-Mar-2026 22:29:14 UTC] PHP Parse error:  Unmatched '}' in /var/www/html/wp-content/mu-plugins/vp-proxy-directus.php on line 681
[07-Mar-2026 22:29:15 UTC] PHP Parse error:  Unmatched '}' in /var/www/html/wp-content/mu-plugins/vp-proxy-directus.php on line 681
[07-Mar-2026 22:29:15 UTC] PHP Parse error:  Unmatched '}' in /var/www/html/wp-content/mu-plugins/vp-proxy-directus.php on line 681
[07-Mar-2026 22:29:15 UTC] PHP Parse error:  Unmatched '}' in /var/www/html/wp-content/mu-plugins/vp-proxy-directus.php on line 681
[07-Mar-2026 22:29:16 UTC] PHP Parse error:  Unmatched '}' in /var/www/html/wp-content/mu-plugins/vp-proxy-directus.php on line 681
[07-Mar-2026 22:29:16 UTC] PHP Parse error:  Unmatched '}' in /var/www/html/wp-content/mu-plugins/vp-proxy-directus.php on line 681
[07-Mar-2026 22:29:16 UTC] PHP Parse error:  Unmatched '}' in /var/www/html/wp-content/mu-plugins/vp-proxy-directus.php on line 681
[07-Mar-2026 22:29:16 UTC] PHP Parse error:  Unmatched '}' in /var/www/html/wp-content/mu-plugins/vp-proxy-directus.php on line 681
[07-Mar-2026 22:29:17 UTC] PHP Parse error:  Unmatched '}' in /var/www/html/wp-content/mu-plugins/vp-proxy-directus.php on line 681
[07-Mar-2026 22:29:17 UTC] PHP Parse error:  Unmatched '}' in /var/www/html/wp-content/mu-plugins/vp-proxy-directus.php on line 681
[07-Mar-2026 22:29:17 UTC] PHP Parse error:  Unmatched '}' in /var/www/html/wp-content/mu-plugins/vp-proxy-directus.php on line 681
[07-Mar-2026 22:29:18 UTC] PHP Parse error:  Unmatched '}' in /var/www/html/wp-content/mu-plugins/vp-proxy-directus.php on line 681
[07-Mar-2026 23:24:29 UTC] PHP Parse error:  Unmatched '}' in /var/www/html/wp-content/mu-plugins/vp-proxy-directus.php on line 681
[07-Mar-2026 23:33:41 UTC] PHP Parse error:  Unmatched '}' in /var/www/html/wp-content/mu-plugins/vp-proxy-directus.php on line 681
[07-Mar-2026 23:33:42 UTC] PHP Parse error:  Unmatched '}' in /var/www/html/wp-content/mu-plugins/vp-proxy-directus.php on line 681
[07-Mar-2026 23:33:44 UTC] PHP Parse error:  Unmatched '}' in /var/www/html/wp-content/mu-plugins/vp-proxy-directus.php on line 681
[07-Mar-2026 23:33:45 UTC] PHP Parse error:  Unmatched '}' in /var/www/html/wp-content/mu-plugins/vp-proxy-directus.php on line 681
[07-Mar-2026 23:33:46 UTC] PHP Parse error:  Unmatched '}' in /var/www/html/wp-content/mu-plugins/vp-proxy-directus.php on line 681
[07-Mar-2026 23:33:48 UTC] PHP Parse error:  Unmatched '}' in /var/www/html/wp-content/mu-plugins/vp-proxy-directus.php on line 681
[07-Mar-2026 23:33:49 UTC] PHP Parse error:  Unmatched '}' in /var/www/html/wp-content/mu-plugins/vp-proxy-directus.php on line 681
[07-Mar-2026 23:33:51 UTC] PHP Parse error:  Unmatched '}' in /var/www/html/wp-content/mu-plugins/vp-proxy-directus.php on line 681
[07-Mar-2026 23:33:53 UTC] PHP Parse error:  Unmatched '}' in /var/www/html/wp-content/mu-plugins/vp-proxy-directus.php on line 681
[08-Mar-2026 00:06:58 UTC] PHP Parse error:  Unmatched '}' in /var/www/html/wp-content/mu-plugins/vp-proxy-directus.php on line 681
[08-Mar-2026 00:33:23 UTC] PHP Parse error:  Unmatched '}' in /var/www/html/wp-content/mu-plugins/vp-proxy-directus.php on line 681
[08-Mar-2026 00:33:24 UTC] PHP Parse error:  Unmatched '}' in /var/www/html/wp-content/mu-plugins/vp-proxy-directus.php on line 681
[08-Mar-2026 00:33:24 UTC] PHP Parse error:  Unmatched '}' in /var/www/html/wp-content/mu-plugins/vp-proxy-directus.php on line 681
[08-Mar-2026 00:33:24 UTC] PHP Parse error:  Unmatched '}' in /var/www/html/wp-content/mu-plugins/vp-proxy-directus.php on line 681
[08-Mar-2026 00:33:25 UTC] PHP Parse error:  Unmatched '}' in /var/www/html/wp-content/mu-plugins/vp-proxy-directus.php on line 681
[08-Mar-2026 00:33:25 UTC] PHP Parse error:  Unmatched '}' in /var/www/html/wp-content/mu-plugins/vp-proxy-directus.php on line 681
[08-Mar-2026 00:33:25 UTC] PHP Parse error:  Unmatched '}' in /var/www/html/wp-content/mu-plugins/vp-proxy-directus.php on line 681
[08-Mar-2026 00:33:25 UTC] PHP Parse error:  Unmatched '}' in /var/www/html/wp-content/mu-plugins/vp-proxy-directus.php on line 681
[08-Mar-2026 00:33:26 UTC] PHP Parse error:  Unmatched '}' in /var/www/html/wp-content/mu-plugins/vp-proxy-directus.php on line 681
[08-Mar-2026 00:33:26 UTC] PHP Parse error:  Unmatched '}' in /var/www/html/wp-content/mu-plugins/vp-proxy-directus.php on line 681
[08-Mar-2026 00:33:26 UTC] PHP Parse error:  Unmatched '}' in /var/www/html/wp-content/mu-plugins/vp-proxy-directus.php on line 681
[08-Mar-2026 00:33:27 UTC] PHP Parse error:  Unmatched '}' in /var/www/html/wp-content/mu-plugins/vp-proxy-directus.php on line 681
[08-Mar-2026 00:33:27 UTC] PHP Parse error:  Unmatched '}' in /var/www/html/wp-content/mu-plugins/vp-proxy-directus.php on line 681
[08-Mar-2026 00:33:27 UTC] PHP Parse error:  Unmatched '}' in /var/www/html/wp-content/mu-plugins/vp-proxy-directus.php on line 681
[08-Mar-2026 00:33:28 UTC] PHP Parse error:  Unmatched '}' in /var/www/html/wp-content/mu-plugins/vp-proxy-directus.php on line 681
[08-Mar-2026 00:33:28 UTC] PHP Parse error:  Unmatched '}' in /var/www/html/wp-content/mu-plugins/vp-proxy-directus.php on line 681
[08-Mar-2026 00:33:28 UTC] PHP Parse error:  Unmatched '}' in /var/www/html/wp-content/mu-plugins/vp-proxy-directus.php on line 681
[08-Mar-2026 00:33:28 UTC] PHP Parse error:  Unmatched '}' in /var/www/html/wp-content/mu-plugins/vp-proxy-directus.php on line 681
[08-Mar-2026 00:33:29 UTC] PHP Parse error:  Unmatched '}' in /var/www/html/wp-content/mu-plugins/vp-proxy-directus.php on line 681
[08-Mar-2026 00:33:29 UTC] PHP Parse error:  Unmatched '}' in /var/www/html/wp-content/mu-plugins/vp-proxy-directus.php on line 681
[08-Mar-2026 00:33:29 UTC] PHP Parse error:  Unmatched '}' in /var/www/html/wp-content/mu-plugins/vp-proxy-directus.php on line 681
[08-Mar-2026 00:33:30 UTC] PHP Parse error:  Unmatched '}' in /var/www/html/wp-content/mu-plugins/vp-proxy-directus.php on line 681
[08-Mar-2026 00:33:30 UTC] PHP Parse error:  Unmatched '}' in /var/www/html/wp-content/mu-plugins/vp-proxy-directus.php on line 681
[08-Mar-2026 00:33:30 UTC] PHP Parse error:  Unmatched '}' in /var/www/html/wp-content/mu-plugins/vp-proxy-directus.php on line 681
[08-Mar-2026 00:33:31 UTC] PHP Parse error:  Unmatched '}' in /var/www/html/wp-content/mu-plugins/vp-proxy-directus.php on line 681
[08-Mar-2026 00:33:31 UTC] PHP Parse error:  Unmatched '}' in /var/www/html/wp-content/mu-plugins/vp-proxy-directus.php on line 681
[08-Mar-2026 00:33:32 UTC] PHP Parse error:  Unmatched '}' in /var/www/html/wp-content/mu-plugins/vp-proxy-directus.php on line 681
[08-Mar-2026 00:33:33 UTC] PHP Parse error:  Unmatched '}' in /var/www/html/wp-content/mu-plugins/vp-proxy-directus.php on line 681
[08-Mar-2026 00:33:33 UTC] PHP Parse error:  Unmatched '}' in /var/www/html/wp-content/mu-plugins/vp-proxy-directus.php on line 681
[08-Mar-2026 00:33:34 UTC] PHP Parse error:  Unmatched '}' in /var/www/html/wp-content/mu-plugins/vp-proxy-directus.php on line 681
[08-Mar-2026 05:09:39 UTC] PHP Parse error:  Unmatched '}' in /var/www/html/wp-content/mu-plugins/vp-proxy-directus.php on line 681
[08-Mar-2026 05:40:52 UTC] PHP Parse error:  Unmatched '}' in /var/www/html/wp-content/mu-plugins/vp-proxy-directus.php on line 681
[08-Mar-2026 05:40:57 UTC] PHP Parse error:  Unmatched '}' in /var/www/html/wp-content/mu-plugins/vp-proxy-directus.php on line 681
[08-Mar-2026 05:52:29 UTC] PHP Parse error:  Unmatched '}' in /var/www/html/wp-content/mu-plugins/vp-proxy-directus.php on line 681
[08-Mar-2026 05:54:29 UTC] PHP Parse error:  Unmatched '}' in /var/www/html/wp-content/mu-plugins/vp-proxy-directus.php on line 681
[08-Mar-2026 05:56:29 UTC] PHP Parse error:  Unmatched '}' in /var/www/html/wp-content/mu-plugins/vp-proxy-directus.php on line 681
[08-Mar-2026 05:58:29 UTC] PHP Parse error:  Unmatched '}' in /var/www/html/wp-content/mu-plugins/vp-proxy-directus.php on line 681
[08-Mar-2026 06:00:29 UTC] PHP Parse error:  Unmatched '}' in /var/www/html/wp-content/mu-plugins/vp-proxy-directus.php on line 681
[08-Mar-2026 06:02:29 UTC] PHP Parse error:  Unmatched '}' in /var/www/html/wp-content/mu-plugins/vp-proxy-directus.php on line 681
[08-Mar-2026 06:02:29 UTC] PHP Parse error:  Unmatched '}' in /var/www/html/wp-content/mu-plugins/vp-proxy-directus.php on line 681
[08-Mar-2026 06:04:29 UTC] PHP Parse error:  Unmatched '}' in /var/www/html/wp-content/mu-plugins/vp-proxy-directus.php on line 681
[08-Mar-2026 06:08:29 UTC] PHP Parse error:  Unmatched '}' in /var/www/html/wp-content/mu-plugins/vp-proxy-directus.php on line 681
[08-Mar-2026 06:35:56 UTC] PHP Parse error:  Unmatched '}' in /var/www/html/wp-content/mu-plugins/vp-proxy-directus.php on line 681
[08-Mar-2026 06:41:37 UTC] PHP Parse error:  Unmatched '}' in /var/www/html/wp-content/mu-plugins/vp-proxy-directus.php on line 681
[08-Mar-2026 07:30:52 UTC] PHP Parse error:  Unmatched '}' in /var/www/html/wp-content/mu-plugins/vp-proxy-directus.php on line 681
[08-Mar-2026 07:30:53 UTC] PHP Parse error:  Unmatched '}' in /var/www/html/wp-content/mu-plugins/vp-proxy-directus.php on line 681
[08-Mar-2026 07:30:56 UTC] PHP Parse error:  Unmatched '}' in /var/www/html/wp-content/mu-plugins/vp-proxy-directus.php on line 681
[08-Mar-2026 07:30:57 UTC] PHP Parse error:  Unmatched '}' in /var/www/html/wp-content/mu-plugins/vp-proxy-directus.php on line 681
[08-Mar-2026 07:30:59 UTC] PHP Parse error:  Unmatched '}' in /var/www/html/wp-content/mu-plugins/vp-proxy-directus.php on line 681
[08-Mar-2026 07:31:00 UTC] PHP Parse error:  Unmatched '}' in /var/www/html/wp-content/mu-plugins/vp-proxy-directus.php on line 681
[08-Mar-2026 07:31:01 UTC] PHP Parse error:  Unmatched '}' in /var/www/html/wp-content/mu-plugins/vp-proxy-directus.php on line 681
[08-Mar-2026 07:31:01 UTC] PHP Parse error:  Unmatched '}' in /var/www/html/wp-content/mu-plugins/vp-proxy-directus.php on line 681
[08-Mar-2026 07:31:02 UTC] PHP Parse error:  Unmatched '}' in /var/www/html/wp-content/mu-plugins/vp-proxy-directus.php on line 681
[08-Mar-2026 07:31:03 UTC] PHP Parse error:  Unmatched '}' in /var/www/html/wp-content/mu-plugins/vp-proxy-directus.php on line 681
[08-Mar-2026 07:31:04 UTC] PHP Parse error:  Unmatched '}' in /var/www/html/wp-content/mu-plugins/vp-proxy-directus.php on line 681
[08-Mar-2026 07:31:04 UTC] PHP Parse error:  Unmatched '}' in /var/www/html/wp-content/mu-plugins/vp-proxy-directus.php on line 681
[08-Mar-2026 07:31:05 UTC] PHP Parse error:  Unmatched '}' in /var/www/html/wp-content/mu-plugins/vp-proxy-directus.php on line 681
[08-Mar-2026 07:31:06 UTC] PHP Parse error:  Unmatched '}' in /var/www/html/wp-content/mu-plugins/vp-proxy-directus.php on line 681
[08-Mar-2026 07:31:07 UTC] PHP Parse error:  Unmatched '}' in /var/www/html/wp-content/mu-plugins/vp-proxy-directus.php on line 681
[08-Mar-2026 07:31:08 UTC] PHP Parse error:  Unmatched '}' in /var/www/html/wp-content/mu-plugins/vp-proxy-directus.php on line 681
[08-Mar-2026 07:31:10 UTC] PHP Parse error:  Unmatched '}' in /var/www/html/wp-content/mu-plugins/vp-proxy-directus.php on line 681
[08-Mar-2026 07:31:10 UTC] PHP Parse error:  Unmatched '}' in /var/www/html/wp-content/mu-plugins/vp-proxy-directus.php on line 681
[08-Mar-2026 07:31:15 UTC] PHP Parse error:  Unmatched '}' in /var/www/html/wp-content/mu-plugins/vp-proxy-directus.php on line 681
[08-Mar-2026 07:31:18 UTC] PHP Parse error:  Unmatched '}' in /var/www/html/wp-content/mu-plugins/vp-proxy-directus.php on line 681
[08-Mar-2026 07:31:19 UTC] PHP Parse error:  Unmatched '}' in /var/www/html/wp-content/mu-plugins/vp-proxy-directus.php on line 681
[08-Mar-2026 07:31:19 UTC] PHP Parse error:  Unmatched '}' in /var/www/html/wp-content/mu-plugins/vp-proxy-directus.php on line 681
[08-Mar-2026 07:31:21 UTC] PHP Parse error:  Unmatched '}' in /var/www/html/wp-content/mu-plugins/vp-proxy-directus.php on line 681
[08-Mar-2026 07:31:26 UTC] PHP Parse error:  Unmatched '}' in /var/www/html/wp-content/mu-plugins/vp-proxy-directus.php on line 681
[08-Mar-2026 07:31:29 UTC] PHP Parse error:  Unmatched '}' in /var/www/html/wp-content/mu-plugins/vp-proxy-directus.php on line 681
[08-Mar-2026 07:31:30 UTC] PHP Parse error:  Unmatched '}' in /var/www/html/wp-content/mu-plugins/vp-proxy-directus.php on line 681
[08-Mar-2026 07:31:31 UTC] PHP Parse error:  Unmatched '}' in /var/www/html/wp-content/mu-plugins/vp-proxy-directus.php on line 681
[08-Mar-2026 07:31:32 UTC] PHP Parse error:  Unmatched '}' in /var/www/html/wp-content/mu-plugins/vp-proxy-directus.php on line 681
[08-Mar-2026 07:31:33 UTC] PHP Parse error:  Unmatched '}' in /var/www/html/wp-content/mu-plugins/vp-proxy-directus.php on line 681
[08-Mar-2026 07:31:34 UTC] PHP Parse error:  Unmatched '}' in /var/www/html/wp-content/mu-plugins/vp-proxy-directus.php on line 681
[08-Mar-2026 07:31:38 UTC] PHP Parse error:  Unmatched '}' in /var/www/html/wp-content/mu-plugins/vp-proxy-directus.php on line 681
[08-Mar-2026 07:32:11 UTC] PHP Parse error:  Unmatched '}' in /var/www/html/wp-content/mu-plugins/vp-proxy-directus.php on line 681
[08-Mar-2026 07:32:12 UTC] PHP Parse error:  Unmatched '}' in /var/www/html/wp-content/mu-plugins/vp-proxy-directus.php on line 681
[08-Mar-2026 07:32:14 UTC] PHP Parse error:  Unmatched '}' in /var/www/html/wp-content/mu-plugins/vp-proxy-directus.php on line 681
[08-Mar-2026 07:32:14 UTC] PHP Parse error:  Unmatched '}' in /var/www/html/wp-content/mu-plugins/vp-proxy-directus.php on line 681
[08-Mar-2026 07:32:15 UTC] PHP Parse error:  Unmatched '}' in /var/www/html/wp-content/mu-plugins/vp-proxy-directus.php on line 681
[08-Mar-2026 07:32:16 UTC] PHP Parse error:  Unmatched '}' in /var/www/html/wp-content/mu-plugins/vp-proxy-directus.php on line 681
[08-Mar-2026 07:32:16 UTC] PHP Parse error:  Unmatched '}' in /var/www/html/wp-content/mu-plugins/vp-proxy-directus.php on line 681
[08-Mar-2026 07:32:16 UTC] PHP Parse error:  Unmatched '}' in /var/www/html/wp-content/mu-plugins/vp-proxy-directus.php on line 681
[08-Mar-2026 07:32:17 UTC] PHP Parse error:  Unmatched '}' in /var/www/html/wp-content/mu-plugins/vp-proxy-directus.php on line 681
[08-Mar-2026 07:32:18 UTC] PHP Parse error:  Unmatched '}' in /var/www/html/wp-content/mu-plugins/vp-proxy-directus.php on line 681
[08-Mar-2026 07:32:18 UTC] PHP Parse error:  Unmatched '}' in /var/www/html/wp-content/mu-plugins/vp-proxy-directus.php on line 681
[08-Mar-2026 07:32:19 UTC] PHP Parse error:  Unmatched '}' in /var/www/html/wp-content/mu-plugins/vp-proxy-directus.php on line 681
[08-Mar-2026 07:32:20 UTC] PHP Parse error:  Unmatched '}' in /var/www/html/wp-content/mu-plugins/vp-proxy-directus.php on line 681
[08-Mar-2026 07:32:22 UTC] PHP Parse error:  Unmatched '}' in /var/www/html/wp-content/mu-plugins/vp-proxy-directus.php on line 681
[08-Mar-2026 07:32:23 UTC] PHP Parse error:  Unmatched '}' in /var/www/html/wp-content/mu-plugins/vp-proxy-directus.php on line 681
[08-Mar-2026 07:32:23 UTC] PHP Parse error:  Unmatched '}' in /var/www/html/wp-content/mu-plugins/vp-proxy-directus.php on line 681
[08-Mar-2026 07:32:24 UTC] PHP Parse error:  Unmatched '}' in /var/www/html/wp-content/mu-plugins/vp-proxy-directus.php on line 681
[08-Mar-2026 07:32:24 UTC] PHP Parse error:  Unmatched '}' in /var/www/html/wp-content/mu-plugins/vp-proxy-directus.php on line 681
[08-Mar-2026 07:32:25 UTC] PHP Parse error:  Unmatched '}' in /var/www/html/wp-content/mu-plugins/vp-proxy-directus.php on line 681
[08-Mar-2026 07:32:26 UTC] PHP Parse error:  Unmatched '}' in /var/www/html/wp-content/mu-plugins/vp-proxy-directus.php on line 681
[08-Mar-2026 07:32:28 UTC] PHP Parse error:  Unmatched '}' in /var/www/html/wp-content/mu-plugins/vp-proxy-directus.php on line 681
[08-Mar-2026 07:32:29 UTC] PHP Parse error:  Unmatched '}' in /var/www/html/wp-content/mu-plugins/vp-proxy-directus.php on line 681
[08-Mar-2026 07:32:30 UTC] PHP Parse error:  Unmatched '}' in /var/www/html/wp-content/mu-plugins/vp-proxy-directus.php on line 681
[08-Mar-2026 07:32:31 UTC] PHP Parse error:  Unmatched '}' in /var/www/html/wp-content/mu-plugins/vp-proxy-directus.php on line 681
[08-Mar-2026 07:32:32 UTC] PHP Parse error:  Unmatched '}' in /var/www/html/wp-content/mu-plugins/vp-proxy-directus.php on line 681
[08-Mar-2026 07:32:33 UTC] PHP Parse error:  Unmatched '}' in /var/www/html/wp-content/mu-plugins/vp-proxy-directus.php on line 681
[08-Mar-2026 07:32:35 UTC] PHP Parse error:  Unmatched '}' in /var/www/html/wp-content/mu-plugins/vp-proxy-directus.php on line 681
[08-Mar-2026 07:32:36 UTC] PHP Parse error:  Unmatched '}' in /var/www/html/wp-content/mu-plugins/vp-proxy-directus.php on line 681
[08-Mar-2026 07:33:07 UTC] PHP Parse error:  Unmatched '}' in /var/www/html/wp-content/mu-plugins/vp-proxy-directus.php on line 681
[08-Mar-2026 07:33:07 UTC] PHP Parse error:  Unmatched '}' in /var/www/html/wp-content/mu-plugins/vp-proxy-directus.php on line 681
[08-Mar-2026 07:33:08 UTC] PHP Parse error:  Unmatched '}' in /var/www/html/wp-content/mu-plugins/vp-proxy-directus.php on line 681
[08-Mar-2026 07:33:09 UTC] PHP Parse error:  Unmatched '}' in /var/www/html/wp-content/mu-plugins/vp-proxy-directus.php on line 681
[08-Mar-2026 07:33:09 UTC] PHP Parse error:  Unmatched '}' in /var/www/html/wp-content/mu-plugins/vp-proxy-directus.php on line 681
[08-Mar-2026 07:33:11 UTC] PHP Parse error:  Unmatched '}' in /var/www/html/wp-content/mu-plugins/vp-proxy-directus.php on line 681
[08-Mar-2026 07:33:11 UTC] PHP Parse error:  Unmatched '}' in /var/www/html/wp-content/mu-plugins/vp-proxy-directus.php on line 681
[08-Mar-2026 07:33:13 UTC] PHP Parse error:  Unmatched '}' in /var/www/html/wp-content/mu-plugins/vp-proxy-directus.php on line 681
[08-Mar-2026 07:33:14 UTC] PHP Parse error:  Unmatched '}' in /var/www/html/wp-content/mu-plugins/vp-proxy-directus.php on line 681
[08-Mar-2026 07:33:14 UTC] PHP Parse error:  Unmatched '}' in /var/www/html/wp-content/mu-plugins/vp-proxy-directus.php on line 681
[08-Mar-2026 07:33:15 UTC] PHP Parse error:  Unmatched '}' in /var/www/html/wp-content/mu-plugins/vp-proxy-directus.php on line 681
[08-Mar-2026 07:33:16 UTC] PHP Parse error:  Unmatched '}' in /var/www/html/wp-content/mu-plugins/vp-proxy-directus.php on line 681
[08-Mar-2026 07:33:17 UTC] PHP Parse error:  Unmatched '}' in /var/www/html/wp-content/mu-plugins/vp-proxy-directus.php on line 681
[08-Mar-2026 07:33:19 UTC] PHP Parse error:  Unmatched '}' in /var/www/html/wp-content/mu-plugins/vp-proxy-directus.php on line 681
[08-Mar-2026 07:33:20 UTC] PHP Parse error:  Unmatched '}' in /var/www/html/wp-content/mu-plugins/vp-proxy-directus.php on line 681
[08-Mar-2026 07:33:48 UTC] PHP Parse error:  Unmatched '}' in /var/www/html/wp-content/mu-plugins/vp-proxy-directus.php on line 681
[08-Mar-2026 07:34:05 UTC] PHP Parse error:  Unmatched '}' in /var/www/html/wp-content/mu-plugins/vp-proxy-directus.php on line 681
[08-Mar-2026 07:34:06 UTC] PHP Parse error:  Unmatched '}' in /var/www/html/wp-content/mu-plugins/vp-proxy-directus.php on line 681
[08-Mar-2026 07:34:06 UTC] PHP Parse error:  Unmatched '}' in /var/www/html/wp-content/mu-plugins/vp-proxy-directus.php on line 681
[08-Mar-2026 07:34:07 UTC] PHP Parse error:  Unmatched '}' in /var/www/html/wp-content/mu-plugins/vp-proxy-directus.php on line 681
[08-Mar-2026 07:34:08 UTC] PHP Parse error:  Unmatched '}' in /var/www/html/wp-content/mu-plugins/vp-proxy-directus.php on line 681
[08-Mar-2026 07:34:08 UTC] PHP Parse error:  Unmatched '}' in /var/www/html/wp-content/mu-plugins/vp-proxy-directus.php on line 681
[08-Mar-2026 07:34:09 UTC] PHP Parse error:  Unmatched '}' in /var/www/html/wp-content/mu-plugins/vp-proxy-directus.php on line 681
[08-Mar-2026 07:34:09 UTC] PHP Parse error:  Unmatched '}' in /var/www/html/wp-content/mu-plugins/vp-proxy-directus.php on line 681
[08-Mar-2026 07:34:10 UTC] PHP Parse error:  Unmatched '}' in /var/www/html/wp-content/mu-plugins/vp-proxy-directus.php on line 681
[08-Mar-2026 07:34:14 UTC] PHP Parse error:  Unmatched '}' in /var/www/html/wp-content/mu-plugins/vp-proxy-directus.php on line 681
[08-Mar-2026 07:34:16 UTC] PHP Parse error:  Unmatched '}' in /var/www/html/wp-content/mu-plugins/vp-proxy-directus.php on line 681
[08-Mar-2026 07:34:35 UTC] PHP Parse error:  Unmatched '}' in /var/www/html/wp-content/mu-plugins/vp-proxy-directus.php on line 681
[08-Mar-2026 07:34:44 UTC] PHP Parse error:  Unmatched '}' in /var/www/html/wp-content/mu-plugins/vp-proxy-directus.php on line 681
[08-Mar-2026 07:34:45 UTC] PHP Parse error:  Unmatched '}' in /var/www/html/wp-content/mu-plugins/vp-proxy-directus.php on line 681
[08-Mar-2026 07:34:45 UTC] PHP Parse error:  Unmatched '}' in /var/www/html/wp-content/mu-plugins/vp-proxy-directus.php on line 681
[08-Mar-2026 07:34:47 UTC] PHP Parse error:  Unmatched '}' in /var/www/html/wp-content/mu-plugins/vp-proxy-directus.php on line 681
[08-Mar-2026 07:34:48 UTC] PHP Parse error:  Unmatched '}' in /var/www/html/wp-content/mu-plugins/vp-proxy-directus.php on line 681
[08-Mar-2026 07:34:49 UTC] PHP Parse error:  Unmatched '}' in /var/www/html/wp-content/mu-plugins/vp-proxy-directus.php on line 681
[08-Mar-2026 07:34:50 UTC] PHP Parse error:  Unmatched '}' in /var/www/html/wp-content/mu-plugins/vp-proxy-directus.php on line 681
[08-Mar-2026 07:34:51 UTC] PHP Parse error:  Unmatched '}' in /var/www/html/wp-content/mu-plugins/vp-proxy-directus.php on line 681
[08-Mar-2026 07:34:52 UTC] PHP Parse error:  Unmatched '}' in /var/www/html/wp-content/mu-plugins/vp-proxy-directus.php on line 681
[08-Mar-2026 07:34:57 UTC] PHP Parse error:  Unmatched '}' in /var/www/html/wp-content/mu-plugins/vp-proxy-directus.php on line 681
[08-Mar-2026 07:35:01 UTC] PHP Parse error:  Unmatched '}' in /var/www/html/wp-content/mu-plugins/vp-proxy-directus.php on line 681
[08-Mar-2026 07:35:02 UTC] PHP Parse error:  Unmatched '}' in /var/www/html/wp-content/mu-plugins/vp-proxy-directus.php on line 681
[08-Mar-2026 07:35:03 UTC] PHP Parse error:  Unmatched '}' in /var/www/html/wp-content/mu-plugins/vp-proxy-directus.php on line 681
[08-Mar-2026 07:35:04 UTC] PHP Parse error:  Unmatched '}' in /var/www/html/wp-content/mu-plugins/vp-proxy-directus.php on line 681
[08-Mar-2026 07:35:04 UTC] PHP Parse error:  Unmatched '}' in /var/www/html/wp-content/mu-plugins/vp-proxy-directus.php on line 681
[08-Mar-2026 07:35:04 UTC] PHP Parse error:  Unmatched '}' in /var/www/html/wp-content/mu-plugins/vp-proxy-directus.php on line 681
[08-Mar-2026 07:35:05 UTC] PHP Parse error:  Unmatched '}' in /var/www/html/wp-content/mu-plugins/vp-proxy-directus.php on line 681
[08-Mar-2026 07:35:06 UTC] PHP Parse error:  Unmatched '}' in /var/www/html/wp-content/mu-plugins/vp-proxy-directus.php on line 681
[08-Mar-2026 07:35:18 UTC] PHP Parse error:  Unmatched '}' in /var/www/html/wp-content/mu-plugins/vp-proxy-directus.php on line 681
[08-Mar-2026 07:35:19 UTC] PHP Parse error:  Unmatched '}' in /var/www/html/wp-content/mu-plugins/vp-proxy-directus.php on line 681
[08-Mar-2026 07:35:20 UTC] PHP Parse error:  Unmatched '}' in /var/www/html/wp-content/mu-plugins/vp-proxy-directus.php on line 681
[08-Mar-2026 07:35:20 UTC] PHP Parse error:  Unmatched '}' in /var/www/html/wp-content/mu-plugins/vp-proxy-directus.php on line 681
[08-Mar-2026 07:35:22 UTC] PHP Parse error:  Unmatched '}' in /var/www/html/wp-content/mu-plugins/vp-proxy-directus.php on line 681
[08-Mar-2026 07:35:23 UTC] PHP Parse error:  Unmatched '}' in /var/www/html/wp-content/mu-plugins/vp-proxy-directus.php on line 681
[08-Mar-2026 07:35:24 UTC] PHP Parse error:  Unmatched '}' in /var/www/html/wp-content/mu-plugins/vp-proxy-directus.php on line 681
[08-Mar-2026 07:35:26 UTC] PHP Parse error:  Unmatched '}' in /var/www/html/wp-content/mu-plugins/vp-proxy-directus.php on line 681
[08-Mar-2026 07:35:27 UTC] PHP Parse error:  Unmatched '}' in /var/www/html/wp-content/mu-plugins/vp-proxy-directus.php on line 681
[08-Mar-2026 07:35:28 UTC] PHP Parse error:  Unmatched '}' in /var/www/html/wp-content/mu-plugins/vp-proxy-directus.php on line 681
[08-Mar-2026 07:35:29 UTC] PHP Parse error:  Unmatched '}' in /var/www/html/wp-content/mu-plugins/vp-proxy-directus.php on line 681
[08-Mar-2026 07:35:31 UTC] PHP Parse error:  Unmatched '}' in /var/www/html/wp-content/mu-plugins/vp-proxy-directus.php on line 681
[08-Mar-2026 07:35:32 UTC] PHP Parse error:  Unmatched '}' in /var/www/html/wp-content/mu-plugins/vp-proxy-directus.php on line 681
[08-Mar-2026 07:35:33 UTC] PHP Parse error:  Unmatched '}' in /var/www/html/wp-content/mu-plugins/vp-proxy-directus.php on line 681
[08-Mar-2026 07:35:35 UTC] PHP Parse error:  Unmatched '}' in /var/www/html/wp-content/mu-plugins/vp-proxy-directus.php on line 681
[08-Mar-2026 07:35:35 UTC] PHP Parse error:  Unmatched '}' in /var/www/html/wp-content/mu-plugins/vp-proxy-directus.php on line 681
[08-Mar-2026 07:35:35 UTC] PHP Parse error:  Unmatched '}' in /var/www/html/wp-content/mu-plugins/vp-proxy-directus.php on line 681
[08-Mar-2026 07:35:36 UTC] PHP Parse error:  Unmatched '}' in /var/www/html/wp-content/mu-plugins/vp-proxy-directus.php on line 681
[08-Mar-2026 07:35:37 UTC] PHP Parse error:  Unmatched '}' in /var/www/html/wp-content/mu-plugins/vp-proxy-directus.php on line 681
[08-Mar-2026 07:35:38 UTC] PHP Parse error:  Unmatched '}' in /var/www/html/wp-content/mu-plugins/vp-proxy-directus.php on line 681
[08-Mar-2026 07:35:38 UTC] PHP Parse error:  Unmatched '}' in /var/www/html/wp-content/mu-plugins/vp-proxy-directus.php on line 681
[08-Mar-2026 07:35:39 UTC] PHP Parse error:  Unmatched '}' in /var/www/html/wp-content/mu-plugins/vp-proxy-directus.php on line 681
[08-Mar-2026 07:35:40 UTC] PHP Parse error:  Unmatched '}' in /var/www/html/wp-content/mu-plugins/vp-proxy-directus.php on line 681
[08-Mar-2026 07:35:40 UTC] PHP Parse error:  Unmatched '}' in /var/www/html/wp-content/mu-plugins/vp-proxy-directus.php on line 681
[08-Mar-2026 07:35:42 UTC] PHP Parse error:  Unmatched '}' in /var/www/html/wp-content/mu-plugins/vp-proxy-directus.php on line 681
[08-Mar-2026 07:35:44 UTC] PHP Parse error:  Unmatched '}' in /var/www/html/wp-content/mu-plugins/vp-proxy-directus.php on line 681
[08-Mar-2026 07:35:45 UTC] PHP Parse error:  Unmatched '}' in /var/www/html/wp-content/mu-plugins/vp-proxy-directus.php on line 681
[08-Mar-2026 07:35:50 UTC] PHP Parse error:  Unmatched '}' in /var/www/html/wp-content/mu-plugins/vp-proxy-directus.php on line 681
[08-Mar-2026 07:35:53 UTC] PHP Parse error:  Unmatched '}' in /var/www/html/wp-content/mu-plugins/vp-proxy-directus.php on line 681
[08-Mar-2026 07:35:55 UTC] PHP Parse error:  Unmatched '}' in /var/www/html/wp-content/mu-plugins/vp-proxy-directus.php on line 681
[08-Mar-2026 07:35:57 UTC] PHP Parse error:  Unmatched '}' in /var/www/html/wp-content/mu-plugins/vp-proxy-directus.php on line 681
[08-Mar-2026 07:35:58 UTC] PHP Parse error:  Unmatched '}' in /var/www/html/wp-content/mu-plugins/vp-proxy-directus.php on line 681
[08-Mar-2026 07:35:59 UTC] PHP Parse error:  Unmatched '}' in /var/www/html/wp-content/mu-plugins/vp-proxy-directus.php on line 681
[08-Mar-2026 07:36:00 UTC] PHP Parse error:  Unmatched '}' in /var/www/html/wp-content/mu-plugins/vp-proxy-directus.php on line 681
[08-Mar-2026 07:36:00 UTC] PHP Parse error:  Unmatched '}' in /var/www/html/wp-content/mu-plugins/vp-proxy-directus.php on line 681
[08-Mar-2026 07:36:01 UTC] PHP Parse error:  Unmatched '}' in /var/www/html/wp-content/mu-plugins/vp-proxy-directus.php on line 681
[08-Mar-2026 07:36:04 UTC] PHP Parse error:  Unmatched '}' in /var/www/html/wp-content/mu-plugins/vp-proxy-directus.php on line 681
[08-Mar-2026 07:36:06 UTC] PHP Parse error:  Unmatched '}' in /var/www/html/wp-content/mu-plugins/vp-proxy-directus.php on line 681
[08-Mar-2026 07:36:36 UTC] PHP Parse error:  Unmatched '}' in /var/www/html/wp-content/mu-plugins/vp-proxy-directus.php on line 681
[08-Mar-2026 07:36:37 UTC] PHP Parse error:  Unmatched '}' in /var/www/html/wp-content/mu-plugins/vp-proxy-directus.php on line 681
[08-Mar-2026 07:37:10 UTC] PHP Parse error:  Unmatched '}' in /var/www/html/wp-content/mu-plugins/vp-proxy-directus.php on line 681
[08-Mar-2026 07:37:11 UTC] PHP Parse error:  Unmatched '}' in /var/www/html/wp-content/mu-plugins/vp-proxy-directus.php on line 681
[08-Mar-2026 07:37:11 UTC] PHP Parse error:  Unmatched '}' in /var/www/html/wp-content/mu-plugins/vp-proxy-directus.php on line 681
[08-Mar-2026 07:37:12 UTC] PHP Parse error:  Unmatched '}' in /var/www/html/wp-content/mu-plugins/vp-proxy-directus.php on line 681
[08-Mar-2026 07:37:14 UTC] PHP Parse error:  Unmatched '}' in /var/www/html/wp-content/mu-plugins/vp-proxy-directus.php on line 681
[08-Mar-2026 07:37:15 UTC] PHP Parse error:  Unmatched '}' in /var/www/html/wp-content/mu-plugins/vp-proxy-directus.php on line 681
[08-Mar-2026 07:37:47 UTC] PHP Parse error:  Unmatched '}' in /var/www/html/wp-content/mu-plugins/vp-proxy-directus.php on line 681
[08-Mar-2026 07:37:47 UTC] PHP Parse error:  Unmatched '}' in /var/www/html/wp-content/mu-plugins/vp-proxy-directus.php on line 681
[08-Mar-2026 07:37:48 UTC] PHP Parse error:  Unmatched '}' in /var/www/html/wp-content/mu-plugins/vp-proxy-directus.php on line 681
[08-Mar-2026 07:37:58 UTC] PHP Parse error:  Unmatched '}' in /var/www/html/wp-content/mu-plugins/vp-proxy-directus.php on line 681
[08-Mar-2026 07:38:01 UTC] PHP Parse error:  Unmatched '}' in /var/www/html/wp-content/mu-plugins/vp-proxy-directus.php on line 681
[08-Mar-2026 07:38:03 UTC] PHP Parse error:  Unmatched '}' in /var/www/html/wp-content/mu-plugins/vp-proxy-directus.php on line 681
[08-Mar-2026 07:38:03 UTC] PHP Parse error:  Unmatched '}' in /var/www/html/wp-content/mu-plugins/vp-proxy-directus.php on line 681
[08-Mar-2026 07:38:19 UTC] PHP Parse error:  Unmatched '}' in /var/www/html/wp-content/mu-plugins/vp-proxy-directus.php on line 681
[08-Mar-2026 07:38:27 UTC] PHP Parse error:  Unmatched '}' in /var/www/html/wp-content/mu-plugins/vp-proxy-directus.php on line 681
[08-Mar-2026 07:38:33 UTC] PHP Parse error:  Unmatched '}' in /var/www/html/wp-content/mu-plugins/vp-proxy-directus.php on line 681
[08-Mar-2026 07:38:35 UTC] PHP Parse error:  Unmatched '}' in /var/www/html/wp-content/mu-plugins/vp-proxy-directus.php on line 681
[08-Mar-2026 07:38:35 UTC] PHP Parse error:  Unmatched '}' in /var/www/html/wp-content/mu-plugins/vp-proxy-directus.php on line 681
[08-Mar-2026 07:38:36 UTC] PHP Parse error:  Unmatched '}' in /var/www/html/wp-content/mu-plugins/vp-proxy-directus.php on line 681
[08-Mar-2026 07:38:37 UTC] PHP Parse error:  Unmatched '}' in /var/www/html/wp-content/mu-plugins/vp-proxy-directus.php on line 681
[08-Mar-2026 07:38:37 UTC] PHP Parse error:  Unmatched '}' in /var/www/html/wp-content/mu-plugins/vp-proxy-directus.php on line 681
[08-Mar-2026 07:38:38 UTC] PHP Parse error:  Unmatched '}' in /var/www/html/wp-content/mu-plugins/vp-proxy-directus.php on line 681
[08-Mar-2026 07:38:39 UTC] PHP Parse error:  Unmatched '}' in /var/www/html/wp-content/mu-plugins/vp-proxy-directus.php on line 681
[08-Mar-2026 07:38:39 UTC] PHP Parse error:  Unmatched '}' in /var/www/html/wp-content/mu-plugins/vp-proxy-directus.php on line 681
[08-Mar-2026 07:38:41 UTC] PHP Parse error:  Unmatched '}' in /var/www/html/wp-content/mu-plugins/vp-proxy-directus.php on line 681
[08-Mar-2026 07:38:42 UTC] PHP Parse error:  Unmatched '}' in /var/www/html/wp-content/mu-plugins/vp-proxy-directus.php on line 681
[08-Mar-2026 07:38:44 UTC] PHP Parse error:  Unmatched '}' in /var/www/html/wp-content/mu-plugins/vp-proxy-directus.php on line 681
[08-Mar-2026 07:38:44 UTC] PHP Parse error:  Unmatched '}' in /var/www/html/wp-content/mu-plugins/vp-proxy-directus.php on line 681
[08-Mar-2026 07:38:51 UTC] PHP Parse error:  Unmatched '}' in /var/www/html/wp-content/mu-plugins/vp-proxy-directus.php on line 681
[08-Mar-2026 07:38:57 UTC] PHP Parse error:  Unmatched '}' in /var/www/html/wp-content/mu-plugins/vp-proxy-directus.php on line 681
[08-Mar-2026 07:38:57 UTC] PHP Parse error:  Unmatched '}' in /var/www/html/wp-content/mu-plugins/vp-proxy-directus.php on line 681
[08-Mar-2026 07:38:58 UTC] PHP Parse error:  Unmatched '}' in /var/www/html/wp-content/mu-plugins/vp-proxy-directus.php on line 681
[08-Mar-2026 07:38:59 UTC] PHP Parse error:  Unmatched '}' in /var/www/html/wp-content/mu-plugins/vp-proxy-directus.php on line 681
[08-Mar-2026 07:39:00 UTC] PHP Parse error:  Unmatched '}' in /var/www/html/wp-content/mu-plugins/vp-proxy-directus.php on line 681
[08-Mar-2026 07:39:05 UTC] PHP Parse error:  Unmatched '}' in /var/www/html/wp-content/mu-plugins/vp-proxy-directus.php on line 681
[08-Mar-2026 07:39:06 UTC] PHP Parse error:  Unmatched '}' in /var/www/html/wp-content/mu-plugins/vp-proxy-directus.php on line 681
[08-Mar-2026 07:39:06 UTC] PHP Parse error:  Unmatched '}' in /var/www/html/wp-content/mu-plugins/vp-proxy-directus.php on line 681
[08-Mar-2026 07:39:09 UTC] PHP Parse error:  Unmatched '}' in /var/www/html/wp-content/mu-plugins/vp-proxy-directus.php on line 681
[08-Mar-2026 07:39:10 UTC] PHP Parse error:  Unmatched '}' in /var/www/html/wp-content/mu-plugins/vp-proxy-directus.php on line 681
[08-Mar-2026 07:39:11 UTC] PHP Parse error:  Unmatched '}' in /var/www/html/wp-content/mu-plugins/vp-proxy-directus.php on line 681
[08-Mar-2026 07:39:12 UTC] PHP Parse error:  Unmatched '}' in /var/www/html/wp-content/mu-plugins/vp-proxy-directus.php on line 681
[08-Mar-2026 07:39:13 UTC] PHP Parse error:  Unmatched '}' in /var/www/html/wp-content/mu-plugins/vp-proxy-directus.php on line 681
[08-Mar-2026 07:39:15 UTC] PHP Parse error:  Unmatched '}' in /var/www/html/wp-content/mu-plugins/vp-proxy-directus.php on line 681
[08-Mar-2026 07:39:16 UTC] PHP Parse error:  Unmatched '}' in /var/www/html/wp-content/mu-plugins/vp-proxy-directus.php on line 681
[08-Mar-2026 07:39:27 UTC] PHP Parse error:  Unmatched '}' in /var/www/html/wp-content/mu-plugins/vp-proxy-directus.php on line 681
[08-Mar-2026 07:39:41 UTC] PHP Parse error:  Unmatched '}' in /var/www/html/wp-content/mu-plugins/vp-proxy-directus.php on line 681
[08-Mar-2026 07:39:42 UTC] PHP Parse error:  Unmatched '}' in /var/www/html/wp-content/mu-plugins/vp-proxy-directus.php on line 681
[08-Mar-2026 07:39:43 UTC] PHP Parse error:  Unmatched '}' in /var/www/html/wp-content/mu-plugins/vp-proxy-directus.php on line 681
[08-Mar-2026 07:39:45 UTC] PHP Parse error:  Unmatched '}' in /var/www/html/wp-content/mu-plugins/vp-proxy-directus.php on line 681
[08-Mar-2026 07:39:46 UTC] PHP Parse error:  Unmatched '}' in /var/www/html/wp-content/mu-plugins/vp-proxy-directus.php on line 681
[08-Mar-2026 07:39:47 UTC] PHP Parse error:  Unmatched '}' in /var/www/html/wp-content/mu-plugins/vp-proxy-directus.php on line 681
[08-Mar-2026 07:39:47 UTC] PHP Parse error:  Unmatched '}' in /var/www/html/wp-content/mu-plugins/vp-proxy-directus.php on line 681
[08-Mar-2026 07:39:48 UTC] PHP Parse error:  Unmatched '}' in /var/www/html/wp-content/mu-plugins/vp-proxy-directus.php on line 681
[08-Mar-2026 07:39:49 UTC] PHP Parse error:  Unmatched '}' in /var/www/html/wp-content/mu-plugins/vp-proxy-directus.php on line 681
[08-Mar-2026 07:39:50 UTC] PHP Parse error:  Unmatched '}' in /var/www/html/wp-content/mu-plugins/vp-proxy-directus.php on line 681
[08-Mar-2026 07:39:51 UTC] PHP Parse error:  Unmatched '}' in /var/www/html/wp-content/mu-plugins/vp-proxy-directus.php on line 681
[08-Mar-2026 07:39:51 UTC] PHP Parse error:  Unmatched '}' in /var/www/html/wp-content/mu-plugins/vp-proxy-directus.php on line 681
[08-Mar-2026 07:39:52 UTC] PHP Parse error:  Unmatched '}' in /var/www/html/wp-content/mu-plugins/vp-proxy-directus.php on line 681
[08-Mar-2026 07:39:53 UTC] PHP Parse error:  Unmatched '}' in /var/www/html/wp-content/mu-plugins/vp-proxy-directus.php on line 681
[08-Mar-2026 07:39:54 UTC] PHP Parse error:  Unmatched '}' in /var/www/html/wp-content/mu-plugins/vp-proxy-directus.php on line 681
[08-Mar-2026 07:39:55 UTC] PHP Parse error:  Unmatched '}' in /var/www/html/wp-content/mu-plugins/vp-proxy-directus.php on line 681
[08-Mar-2026 07:39:58 UTC] PHP Parse error:  Unmatched '}' in /var/www/html/wp-content/mu-plugins/vp-proxy-directus.php on line 681
[08-Mar-2026 07:40:00 UTC] PHP Parse error:  Unmatched '}' in /var/www/html/wp-content/mu-plugins/vp-proxy-directus.php on line 681
[08-Mar-2026 07:40:01 UTC] PHP Parse error:  Unmatched '}' in /var/www/html/wp-content/mu-plugins/vp-proxy-directus.php on line 681
[08-Mar-2026 07:40:02 UTC] PHP Parse error:  Unmatched '}' in /var/www/html/wp-content/mu-plugins/vp-proxy-directus.php on line 681
[08-Mar-2026 07:40:02 UTC] PHP Parse error:  Unmatched '}' in /var/www/html/wp-content/mu-plugins/vp-proxy-directus.php on line 681
[08-Mar-2026 07:40:05 UTC] PHP Parse error:  Unmatched '}' in /var/www/html/wp-content/mu-plugins/vp-proxy-directus.php on line 681
[08-Mar-2026 07:40:06 UTC] PHP Parse error:  Unmatched '}' in /var/www/html/wp-content/mu-plugins/vp-proxy-directus.php on line 681
[08-Mar-2026 07:40:06 UTC] PHP Parse error:  Unmatched '}' in /var/www/html/wp-content/mu-plugins/vp-proxy-directus.php on line 681
[08-Mar-2026 07:40:07 UTC] PHP Parse error:  Unmatched '}' in /var/www/html/wp-content/mu-plugins/vp-proxy-directus.php on line 681
[08-Mar-2026 07:40:08 UTC] PHP Parse error:  Unmatched '}' in /var/www/html/wp-content/mu-plugins/vp-proxy-directus.php on line 681
[08-Mar-2026 07:40:09 UTC] PHP Parse error:  Unmatched '}' in /var/www/html/wp-content/mu-plugins/vp-proxy-directus.php on line 681
[08-Mar-2026 07:40:09 UTC] PHP Parse error:  Unmatched '}' in /var/www/html/wp-content/mu-plugins/vp-proxy-directus.php on line 681
[08-Mar-2026 07:40:10 UTC] PHP Parse error:  Unmatched '}' in /var/www/html/wp-content/mu-plugins/vp-proxy-directus.php on line 681
[08-Mar-2026 07:40:12 UTC] PHP Parse error:  Unmatched '}' in /var/www/html/wp-content/mu-plugins/vp-proxy-directus.php on line 681
[08-Mar-2026 07:40:22 UTC] PHP Parse error:  Unmatched '}' in /var/www/html/wp-content/mu-plugins/vp-proxy-directus.php on line 681
[08-Mar-2026 07:40:24 UTC] PHP Parse error:  Unmatched '}' in /var/www/html/wp-content/mu-plugins/vp-proxy-directus.php on line 681
[08-Mar-2026 07:40:25 UTC] PHP Parse error:  Unmatched '}' in /var/www/html/wp-content/mu-plugins/vp-proxy-directus.php on line 681
[08-Mar-2026 07:40:26 UTC] PHP Parse error:  Unmatched '}' in /var/www/html/wp-content/mu-plugins/vp-proxy-directus.php on line 681
[08-Mar-2026 07:40:26 UTC] PHP Parse error:  Unmatched '}' in /var/www/html/wp-content/mu-plugins/vp-proxy-directus.php on line 681
[08-Mar-2026 07:40:28 UTC] PHP Parse error:  Unmatched '}' in /var/www/html/wp-content/mu-plugins/vp-proxy-directus.php on line 681
[08-Mar-2026 07:40:29 UTC] PHP Parse error:  Unmatched '}' in /var/www/html/wp-content/mu-plugins/vp-proxy-directus.php on line 681
[08-Mar-2026 07:40:29 UTC] PHP Parse error:  Unmatched '}' in /var/www/html/wp-content/mu-plugins/vp-proxy-directus.php on line 681
[08-Mar-2026 07:40:30 UTC] PHP Parse error:  Unmatched '}' in /var/www/html/wp-content/mu-plugins/vp-proxy-directus.php on line 681
[08-Mar-2026 07:40:48 UTC] PHP Parse error:  Unmatched '}' in /var/www/html/wp-content/mu-plugins/vp-proxy-directus.php on line 681
[08-Mar-2026 07:40:50 UTC] PHP Parse error:  Unmatched '}' in /var/www/html/wp-content/mu-plugins/vp-proxy-directus.php on line 681
[08-Mar-2026 07:40:54 UTC] PHP Parse error:  Unmatched '}' in /var/www/html/wp-content/mu-plugins/vp-proxy-directus.php on line 681
[08-Mar-2026 07:40:55 UTC] PHP Parse error:  Unmatched '}' in /var/www/html/wp-content/mu-plugins/vp-proxy-directus.php on line 681
[08-Mar-2026 07:40:56 UTC] PHP Parse error:  Unmatched '}' in /var/www/html/wp-content/mu-plugins/vp-proxy-directus.php on line 681
[08-Mar-2026 07:40:56 UTC] PHP Parse error:  Unmatched '}' in /var/www/html/wp-content/mu-plugins/vp-proxy-directus.php on line 681
[08-Mar-2026 07:41:28 UTC] PHP Parse error:  Unmatched '}' in /var/www/html/wp-content/mu-plugins/vp-proxy-directus.php on line 681
[08-Mar-2026 07:41:29 UTC] PHP Parse error:  Unmatched '}' in /var/www/html/wp-content/mu-plugins/vp-proxy-directus.php on line 681
[08-Mar-2026 07:41:30 UTC] PHP Parse error:  Unmatched '}' in /var/www/html/wp-content/mu-plugins/vp-proxy-directus.php on line 681
[08-Mar-2026 07:41:31 UTC] PHP Parse error:  Unmatched '}' in /var/www/html/wp-content/mu-plugins/vp-proxy-directus.php on line 681
[08-Mar-2026 07:41:32 UTC] PHP Parse error:  Unmatched '}' in /var/www/html/wp-content/mu-plugins/vp-proxy-directus.php on line 681
[08-Mar-2026 07:41:33 UTC] PHP Parse error:  Unmatched '}' in /var/www/html/wp-content/mu-plugins/vp-proxy-directus.php on line 681
[08-Mar-2026 07:41:34 UTC] PHP Parse error:  Unmatched '}' in /var/www/html/wp-content/mu-plugins/vp-proxy-directus.php on line 681
[08-Mar-2026 07:42:05 UTC] PHP Parse error:  Unmatched '}' in /var/www/html/wp-content/mu-plugins/vp-proxy-directus.php on line 681
[08-Mar-2026 07:42:05 UTC] PHP Parse error:  Unmatched '}' in /var/www/html/wp-content/mu-plugins/vp-proxy-directus.php on line 681
[08-Mar-2026 07:42:06 UTC] PHP Parse error:  Unmatched '}' in /var/www/html/wp-content/mu-plugins/vp-proxy-directus.php on line 681
[08-Mar-2026 07:42:07 UTC] PHP Parse error:  Unmatched '}' in /var/www/html/wp-content/mu-plugins/vp-proxy-directus.php on line 681
[08-Mar-2026 07:42:15 UTC] PHP Parse error:  Unmatched '}' in /var/www/html/wp-content/mu-plugins/vp-proxy-directus.php on line 681
[08-Mar-2026 07:42:16 UTC] PHP Parse error:  Unmatched '}' in /var/www/html/wp-content/mu-plugins/vp-proxy-directus.php on line 681
[08-Mar-2026 07:42:17 UTC] PHP Parse error:  Unmatched '}' in /var/www/html/wp-content/mu-plugins/vp-proxy-directus.php on line 681
[08-Mar-2026 07:42:48 UTC] PHP Parse error:  Unmatched '}' in /var/www/html/wp-content/mu-plugins/vp-proxy-directus.php on line 681
[08-Mar-2026 07:42:49 UTC] PHP Parse error:  Unmatched '}' in /var/www/html/wp-content/mu-plugins/vp-proxy-directus.php on line 681
[08-Mar-2026 07:42:50 UTC] PHP Parse error:  Unmatched '}' in /var/www/html/wp-content/mu-plugins/vp-proxy-directus.php on line 681
[08-Mar-2026 07:42:51 UTC] PHP Parse error:  Unmatched '}' in /var/www/html/wp-content/mu-plugins/vp-proxy-directus.php on line 681
[08-Mar-2026 07:42:52 UTC] PHP Parse error:  Unmatched '}' in /var/www/html/wp-content/mu-plugins/vp-proxy-directus.php on line 681
[08-Mar-2026 07:42:53 UTC] PHP Parse error:  Unmatched '}' in /var/www/html/wp-content/mu-plugins/vp-proxy-directus.php on line 681
[08-Mar-2026 07:42:54 UTC] PHP Parse error:  Unmatched '}' in /var/www/html/wp-content/mu-plugins/vp-proxy-directus.php on line 681
[08-Mar-2026 07:42:54 UTC] PHP Parse error:  Unmatched '}' in /var/www/html/wp-content/mu-plugins/vp-proxy-directus.php on line 681
[08-Mar-2026 07:42:55 UTC] PHP Parse error:  Unmatched '}' in /var/www/html/wp-content/mu-plugins/vp-proxy-directus.php on line 681
[08-Mar-2026 07:42:55 UTC] PHP Parse error:  Unmatched '}' in /var/www/html/wp-content/mu-plugins/vp-proxy-directus.php on line 681
[08-Mar-2026 07:42:56 UTC] PHP Parse error:  Unmatched '}' in /var/www/html/wp-content/mu-plugins/vp-proxy-directus.php on line 681
[08-Mar-2026 07:42:58 UTC] PHP Parse error:  Unmatched '}' in /var/www/html/wp-content/mu-plugins/vp-proxy-directus.php on line 681
[08-Mar-2026 07:42:59 UTC] PHP Parse error:  Unmatched '}' in /var/www/html/wp-content/mu-plugins/vp-proxy-directus.php on line 681
[08-Mar-2026 07:43:00 UTC] PHP Parse error:  Unmatched '}' in /var/www/html/wp-content/mu-plugins/vp-proxy-directus.php on line 681
[08-Mar-2026 07:43:01 UTC] PHP Parse error:  Unmatched '}' in /var/www/html/wp-content/mu-plugins/vp-proxy-directus.php on line 681
[08-Mar-2026 07:43:03 UTC] PHP Parse error:  Unmatched '}' in /var/www/html/wp-content/mu-plugins/vp-proxy-directus.php on line 681
[08-Mar-2026 07:43:04 UTC] PHP Parse error:  Unmatched '}' in /var/www/html/wp-content/mu-plugins/vp-proxy-directus.php on line 681
[08-Mar-2026 07:43:05 UTC] PHP Parse error:  Unmatched '}' in /var/www/html/wp-content/mu-plugins/vp-proxy-directus.php on line 681
[08-Mar-2026 07:43:05 UTC] PHP Parse error:  Unmatched '}' in /var/www/html/wp-content/mu-plugins/vp-proxy-directus.php on line 681
[08-Mar-2026 07:43:07 UTC] PHP Parse error:  Unmatched '}' in /var/www/html/wp-content/mu-plugins/vp-proxy-directus.php on line 681
[08-Mar-2026 07:43:09 UTC] PHP Parse error:  Unmatched '}' in /var/www/html/wp-content/mu-plugins/vp-proxy-directus.php on line 681
[08-Mar-2026 07:43:09 UTC] PHP Parse error:  Unmatched '}' in /var/www/html/wp-content/mu-plugins/vp-proxy-directus.php on line 681
[08-Mar-2026 07:43:11 UTC] PHP Parse error:  Unmatched '}' in /var/www/html/wp-content/mu-plugins/vp-proxy-directus.php on line 681
[08-Mar-2026 07:43:12 UTC] PHP Parse error:  Unmatched '}' in /var/www/html/wp-content/mu-plugins/vp-proxy-directus.php on line 681
[08-Mar-2026 07:43:12 UTC] PHP Parse error:  Unmatched '}' in /var/www/html/wp-content/mu-plugins/vp-proxy-directus.php on line 681
[08-Mar-2026 07:43:13 UTC] PHP Parse error:  Unmatched '}' in /var/www/html/wp-content/mu-plugins/vp-proxy-directus.php on line 681
[08-Mar-2026 07:43:14 UTC] PHP Parse error:  Unmatched '}' in /var/www/html/wp-content/mu-plugins/vp-proxy-directus.php on line 681
[08-Mar-2026 07:43:15 UTC] PHP Parse error:  Unmatched '}' in /var/www/html/wp-content/mu-plugins/vp-proxy-directus.php on line 681
[08-Mar-2026 07:43:16 UTC] PHP Parse error:  Unmatched '}' in /var/www/html/wp-content/mu-plugins/vp-proxy-directus.php on line 681
[08-Mar-2026 07:43:17 UTC] PHP Parse error:  Unmatched '}' in /var/www/html/wp-content/mu-plugins/vp-proxy-directus.php on line 681
[08-Mar-2026 07:43:19 UTC] PHP Parse error:  Unmatched '}' in /var/www/html/wp-content/mu-plugins/vp-proxy-directus.php on line 681
[08-Mar-2026 07:43:21 UTC] PHP Parse error:  Unmatched '}' in /var/www/html/wp-content/mu-plugins/vp-proxy-directus.php on line 681
[08-Mar-2026 07:43:22 UTC] PHP Parse error:  Unmatched '}' in /var/www/html/wp-content/mu-plugins/vp-proxy-directus.php on line 681
[08-Mar-2026 07:43:24 UTC] PHP Parse error:  Unmatched '}' in /var/www/html/wp-content/mu-plugins/vp-proxy-directus.php on line 681
[08-Mar-2026 07:43:44 UTC] PHP Parse error:  Unmatched '}' in /var/www/html/wp-content/mu-plugins/vp-proxy-directus.php on line 681
[08-Mar-2026 07:43:46 UTC] PHP Parse error:  Unmatched '}' in /var/www/html/wp-content/mu-plugins/vp-proxy-directus.php on line 681
[08-Mar-2026 07:43:47 UTC] PHP Parse error:  Unmatched '}' in /var/www/html/wp-content/mu-plugins/vp-proxy-directus.php on line 681
[08-Mar-2026 07:43:48 UTC] PHP Parse error:  Unmatched '}' in /var/www/html/wp-content/mu-plugins/vp-proxy-directus.php on line 681
[08-Mar-2026 07:43:49 UTC] PHP Parse error:  Unmatched '}' in /var/www/html/wp-content/mu-plugins/vp-proxy-directus.php on line 681
[08-Mar-2026 07:43:50 UTC] PHP Parse error:  Unmatched '}' in /var/www/html/wp-content/mu-plugins/vp-proxy-directus.php on line 681
[08-Mar-2026 07:43:51 UTC] PHP Parse error:  Unmatched '}' in /var/www/html/wp-content/mu-plugins/vp-proxy-directus.php on line 681
[08-Mar-2026 07:43:55 UTC] PHP Parse error:  Unmatched '}' in /var/www/html/wp-content/mu-plugins/vp-proxy-directus.php on line 681
[08-Mar-2026 07:43:59 UTC] PHP Parse error:  Unmatched '}' in /var/www/html/wp-content/mu-plugins/vp-proxy-directus.php on line 681
[08-Mar-2026 07:44:30 UTC] PHP Parse error:  Unmatched '}' in /var/www/html/wp-content/mu-plugins/vp-proxy-directus.php on line 681
[08-Mar-2026 07:44:30 UTC] PHP Parse error:  Unmatched '}' in /var/www/html/wp-content/mu-plugins/vp-proxy-directus.php on line 681
[08-Mar-2026 07:44:31 UTC] PHP Parse error:  Unmatched '}' in /var/www/html/wp-content/mu-plugins/vp-proxy-directus.php on line 681
[08-Mar-2026 07:44:32 UTC] PHP Parse error:  Unmatched '}' in /var/www/html/wp-content/mu-plugins/vp-proxy-directus.php on line 681
[08-Mar-2026 07:44:32 UTC] PHP Parse error:  Unmatched '}' in /var/www/html/wp-content/mu-plugins/vp-proxy-directus.php on line 681
[08-Mar-2026 07:44:33 UTC] PHP Parse error:  Unmatched '}' in /var/www/html/wp-content/mu-plugins/vp-proxy-directus.php on line 681
[08-Mar-2026 07:44:38 UTC] PHP Parse error:  Unmatched '}' in /var/www/html/wp-content/mu-plugins/vp-proxy-directus.php on line 681
[08-Mar-2026 07:44:39 UTC] PHP Parse error:  Unmatched '}' in /var/www/html/wp-content/mu-plugins/vp-proxy-directus.php on line 681
[08-Mar-2026 07:44:40 UTC] PHP Parse error:  Unmatched '}' in /var/www/html/wp-content/mu-plugins/vp-proxy-directus.php on line 681
[08-Mar-2026 07:44:41 UTC] PHP Parse error:  Unmatched '}' in /var/www/html/wp-content/mu-plugins/vp-proxy-directus.php on line 681
[08-Mar-2026 07:44:42 UTC] PHP Parse error:  Unmatched '}' in /var/www/html/wp-content/mu-plugins/vp-proxy-directus.php on line 681
[08-Mar-2026 07:44:43 UTC] PHP Parse error:  Unmatched '}' in /var/www/html/wp-content/mu-plugins/vp-proxy-directus.php on line 681
[08-Mar-2026 07:44:47 UTC] PHP Parse error:  Unmatched '}' in /var/www/html/wp-content/mu-plugins/vp-proxy-directus.php on line 681
[08-Mar-2026 07:44:47 UTC] PHP Parse error:  Unmatched '}' in /var/www/html/wp-content/mu-plugins/vp-proxy-directus.php on line 681
[08-Mar-2026 07:44:48 UTC] PHP Parse error:  Unmatched '}' in /var/www/html/wp-content/mu-plugins/vp-proxy-directus.php on line 681
[08-Mar-2026 07:44:51 UTC] PHP Parse error:  Unmatched '}' in /var/www/html/wp-content/mu-plugins/vp-proxy-directus.php on line 681
[08-Mar-2026 07:44:53 UTC] PHP Parse error:  Unmatched '}' in /var/www/html/wp-content/mu-plugins/vp-proxy-directus.php on line 681
[08-Mar-2026 07:44:54 UTC] PHP Parse error:  Unmatched '}' in /var/www/html/wp-content/mu-plugins/vp-proxy-directus.php on line 681
[08-Mar-2026 07:45:01 UTC] PHP Parse error:  Unmatched '}' in /var/www/html/wp-content/mu-plugins/vp-proxy-directus.php on line 681
[08-Mar-2026 07:45:07 UTC] PHP Parse error:  Unmatched '}' in /var/www/html/wp-content/mu-plugins/vp-proxy-directus.php on line 681
[08-Mar-2026 07:45:07 UTC] PHP Parse error:  Unmatched '}' in /var/www/html/wp-content/mu-plugins/vp-proxy-directus.php on line 681
[08-Mar-2026 07:45:08 UTC] PHP Parse error:  Unmatched '}' in /var/www/html/wp-content/mu-plugins/vp-proxy-directus.php on line 681
[08-Mar-2026 07:45:10 UTC] PHP Parse error:  Unmatched '}' in /var/www/html/wp-content/mu-plugins/vp-proxy-directus.php on line 681
[08-Mar-2026 07:45:23 UTC] PHP Parse error:  Unmatched '}' in /var/www/html/wp-content/mu-plugins/vp-proxy-directus.php on line 681
[08-Mar-2026 07:45:30 UTC] PHP Parse error:  Unmatched '}' in /var/www/html/wp-content/mu-plugins/vp-proxy-directus.php on line 681
[08-Mar-2026 07:45:31 UTC] PHP Parse error:  Unmatched '}' in /var/www/html/wp-content/mu-plugins/vp-proxy-directus.php on line 681
[08-Mar-2026 07:45:32 UTC] PHP Parse error:  Unmatched '}' in /var/www/html/wp-content/mu-plugins/vp-proxy-directus.php on line 681
[08-Mar-2026 07:45:38 UTC] PHP Parse error:  Unmatched '}' in /var/www/html/wp-content/mu-plugins/vp-proxy-directus.php on line 681
[08-Mar-2026 07:45:39 UTC] PHP Parse error:  Unmatched '}' in /var/www/html/wp-content/mu-plugins/vp-proxy-directus.php on line 681
[08-Mar-2026 07:45:39 UTC] PHP Parse error:  Unmatched '}' in /var/www/html/wp-content/mu-plugins/vp-proxy-directus.php on line 681
[08-Mar-2026 07:45:40 UTC] PHP Parse error:  Unmatched '}' in /var/www/html/wp-content/mu-plugins/vp-proxy-directus.php on line 681
[08-Mar-2026 07:45:41 UTC] PHP Parse error:  Unmatched '}' in /var/www/html/wp-content/mu-plugins/vp-proxy-directus.php on line 681
[08-Mar-2026 07:45:41 UTC] PHP Parse error:  Unmatched '}' in /var/www/html/wp-content/mu-plugins/vp-proxy-directus.php on line 681
[08-Mar-2026 07:45:46 UTC] PHP Parse error:  Unmatched '}' in /var/www/html/wp-content/mu-plugins/vp-proxy-directus.php on line 681
[08-Mar-2026 07:45:46 UTC] PHP Parse error:  Unmatched '}' in /var/www/html/wp-content/mu-plugins/vp-proxy-directus.php on line 681
[08-Mar-2026 07:45:48 UTC] PHP Parse error:  Unmatched '}' in /var/www/html/wp-content/mu-plugins/vp-proxy-directus.php on line 681
[08-Mar-2026 07:45:49 UTC] PHP Parse error:  Unmatched '}' in /var/www/html/wp-content/mu-plugins/vp-proxy-directus.php on line 681
[08-Mar-2026 07:45:50 UTC] PHP Parse error:  Unmatched '}' in /var/www/html/wp-content/mu-plugins/vp-proxy-directus.php on line 681
[08-Mar-2026 07:45:51 UTC] PHP Parse error:  Unmatched '}' in /var/www/html/wp-content/mu-plugins/vp-proxy-directus.php on line 681
[08-Mar-2026 07:45:52 UTC] PHP Parse error:  Unmatched '}' in /var/www/html/wp-content/mu-plugins/vp-proxy-directus.php on line 681
[08-Mar-2026 07:45:53 UTC] PHP Parse error:  Unmatched '}' in /var/www/html/wp-content/mu-plugins/vp-proxy-directus.php on line 681
[08-Mar-2026 07:45:53 UTC] PHP Parse error:  Unmatched '}' in /var/www/html/wp-content/mu-plugins/vp-proxy-directus.php on line 681
[08-Mar-2026 07:45:55 UTC] PHP Parse error:  Unmatched '}' in /var/www/html/wp-content/mu-plugins/vp-proxy-directus.php on line 681
[08-Mar-2026 07:45:57 UTC] PHP Parse error:  Unmatched '}' in /var/www/html/wp-content/mu-plugins/vp-proxy-directus.php on line 681
[08-Mar-2026 07:45:58 UTC] PHP Parse error:  Unmatched '}' in /var/www/html/wp-content/mu-plugins/vp-proxy-directus.php on line 681
[08-Mar-2026 07:46:00 UTC] PHP Parse error:  Unmatched '}' in /var/www/html/wp-content/mu-plugins/vp-proxy-directus.php on line 681
[08-Mar-2026 07:46:00 UTC] PHP Parse error:  Unmatched '}' in /var/www/html/wp-content/mu-plugins/vp-proxy-directus.php on line 681
[08-Mar-2026 07:46:02 UTC] PHP Parse error:  Unmatched '}' in /var/www/html/wp-content/mu-plugins/vp-proxy-directus.php on line 681
[08-Mar-2026 07:46:03 UTC] PHP Parse error:  Unmatched '}' in /var/www/html/wp-content/mu-plugins/vp-proxy-directus.php on line 681
[08-Mar-2026 07:46:03 UTC] PHP Parse error:  Unmatched '}' in /var/www/html/wp-content/mu-plugins/vp-proxy-directus.php on line 681
[08-Mar-2026 07:46:06 UTC] PHP Parse error:  Unmatched '}' in /var/www/html/wp-content/mu-plugins/vp-proxy-directus.php on line 681
[08-Mar-2026 07:46:07 UTC] PHP Parse error:  Unmatched '}' in /var/www/html/wp-content/mu-plugins/vp-proxy-directus.php on line 681
[08-Mar-2026 07:46:37 UTC] PHP Parse error:  Unmatched '}' in /var/www/html/wp-content/mu-plugins/vp-proxy-directus.php on line 681
[08-Mar-2026 07:47:17 UTC] PHP Parse error:  Unmatched '}' in /var/www/html/wp-content/mu-plugins/vp-proxy-directus.php on line 681
[08-Mar-2026 07:47:24 UTC] PHP Parse error:  Unmatched '}' in /var/www/html/wp-content/mu-plugins/vp-proxy-directus.php on line 681
[08-Mar-2026 07:47:24 UTC] PHP Parse error:  Unmatched '}' in /var/www/html/wp-content/mu-plugins/vp-proxy-directus.php on line 681
[08-Mar-2026 07:47:26 UTC] PHP Parse error:  Unmatched '}' in /var/www/html/wp-content/mu-plugins/vp-proxy-directus.php on line 681
[08-Mar-2026 07:47:29 UTC] PHP Parse error:  Unmatched '}' in /var/www/html/wp-content/mu-plugins/vp-proxy-directus.php on line 681
[08-Mar-2026 07:47:32 UTC] PHP Parse error:  Unmatched '}' in /var/www/html/wp-content/mu-plugins/vp-proxy-directus.php on line 681
[08-Mar-2026 07:47:34 UTC] PHP Parse error:  Unmatched '}' in /var/www/html/wp-content/mu-plugins/vp-proxy-directus.php on line 681
[08-Mar-2026 07:47:35 UTC] PHP Parse error:  Unmatched '}' in /var/www/html/wp-content/mu-plugins/vp-proxy-directus.php on line 681
[08-Mar-2026 07:47:37 UTC] PHP Parse error:  Unmatched '}' in /var/www/html/wp-content/mu-plugins/vp-proxy-directus.php on line 681
[08-Mar-2026 07:47:37 UTC] PHP Parse error:  Unmatched '}' in /var/www/html/wp-content/mu-plugins/vp-proxy-directus.php on line 681
[08-Mar-2026 07:47:39 UTC] PHP Parse error:  Unmatched '}' in /var/www/html/wp-content/mu-plugins/vp-proxy-directus.php on line 681
[08-Mar-2026 07:47:40 UTC] PHP Parse error:  Unmatched '}' in /var/www/html/wp-content/mu-plugins/vp-proxy-directus.php on line 681
[08-Mar-2026 07:47:41 UTC] PHP Parse error:  Unmatched '}' in /var/www/html/wp-content/mu-plugins/vp-proxy-directus.php on line 681
[08-Mar-2026 07:47:42 UTC] PHP Parse error:  Unmatched '}' in /var/www/html/wp-content/mu-plugins/vp-proxy-directus.php on line 681
[08-Mar-2026 07:47:43 UTC] PHP Parse error:  Unmatched '}' in /var/www/html/wp-content/mu-plugins/vp-proxy-directus.php on line 681
[08-Mar-2026 07:47:48 UTC] PHP Parse error:  Unmatched '}' in /var/www/html/wp-content/mu-plugins/vp-proxy-directus.php on line 681
[08-Mar-2026 07:47:49 UTC] PHP Parse error:  Unmatched '}' in /var/www/html/wp-content/mu-plugins/vp-proxy-directus.php on line 681
[08-Mar-2026 07:47:50 UTC] PHP Parse error:  Unmatched '}' in /var/www/html/wp-content/mu-plugins/vp-proxy-directus.php on line 681
[08-Mar-2026 07:47:52 UTC] PHP Parse error:  Unmatched '}' in /var/www/html/wp-content/mu-plugins/vp-proxy-directus.php on line 681
[08-Mar-2026 07:47:53 UTC] PHP Parse error:  Unmatched '}' in /var/www/html/wp-content/mu-plugins/vp-proxy-directus.php on line 681
[08-Mar-2026 07:47:55 UTC] PHP Parse error:  Unmatched '}' in /var/www/html/wp-content/mu-plugins/vp-proxy-directus.php on line 681
[08-Mar-2026 07:47:56 UTC] PHP Parse error:  Unmatched '}' in /var/www/html/wp-content/mu-plugins/vp-proxy-directus.php on line 681
[08-Mar-2026 07:47:56 UTC] PHP Parse error:  Unmatched '}' in /var/www/html/wp-content/mu-plugins/vp-proxy-directus.php on line 681
[08-Mar-2026 07:47:57 UTC] PHP Parse error:  Unmatched '}' in /var/www/html/wp-content/mu-plugins/vp-proxy-directus.php on line 681
[08-Mar-2026 07:47:58 UTC] PHP Parse error:  Unmatched '}' in /var/www/html/wp-content/mu-plugins/vp-proxy-directus.php on line 681
[08-Mar-2026 07:48:00 UTC] PHP Parse error:  Unmatched '}' in /var/www/html/wp-content/mu-plugins/vp-proxy-directus.php on line 681
[08-Mar-2026 07:48:01 UTC] PHP Parse error:  Unmatched '}' in /var/www/html/wp-content/mu-plugins/vp-proxy-directus.php on line 681
[08-Mar-2026 07:48:03 UTC] PHP Parse error:  Unmatched '}' in /var/www/html/wp-content/mu-plugins/vp-proxy-directus.php on line 681
[08-Mar-2026 07:48:03 UTC] PHP Parse error:  Unmatched '}' in /var/www/html/wp-content/mu-plugins/vp-proxy-directus.php on line 681
[08-Mar-2026 07:48:14 UTC] PHP Parse error:  Unmatched '}' in /var/www/html/wp-content/mu-plugins/vp-proxy-directus.php on line 681
[08-Mar-2026 07:48:15 UTC] PHP Parse error:  Unmatched '}' in /var/www/html/wp-content/mu-plugins/vp-proxy-directus.php on line 681
[08-Mar-2026 07:48:15 UTC] PHP Parse error:  Unmatched '}' in /var/www/html/wp-content/mu-plugins/vp-proxy-directus.php on line 681
[08-Mar-2026 07:48:16 UTC] PHP Parse error:  Unmatched '}' in /var/www/html/wp-content/mu-plugins/vp-proxy-directus.php on line 681
[08-Mar-2026 07:48:18 UTC] PHP Parse error:  Unmatched '}' in /var/www/html/wp-content/mu-plugins/vp-proxy-directus.php on line 681
[08-Mar-2026 07:48:19 UTC] PHP Parse error:  Unmatched '}' in /var/www/html/wp-content/mu-plugins/vp-proxy-directus.php on line 681
[08-Mar-2026 07:48:23 UTC] PHP Parse error:  Unmatched '}' in /var/www/html/wp-content/mu-plugins/vp-proxy-directus.php on line 681
[08-Mar-2026 07:48:24 UTC] PHP Parse error:  Unmatched '}' in /var/www/html/wp-content/mu-plugins/vp-proxy-directus.php on line 681
[08-Mar-2026 07:48:25 UTC] PHP Parse error:  Unmatched '}' in /var/www/html/wp-content/mu-plugins/vp-proxy-directus.php on line 681
[08-Mar-2026 07:48:32 UTC] PHP Parse error:  Unmatched '}' in /var/www/html/wp-content/mu-plugins/vp-proxy-directus.php on line 681
[08-Mar-2026 07:48:43 UTC] PHP Parse error:  Unmatched '}' in /var/www/html/wp-content/mu-plugins/vp-proxy-directus.php on line 681
[08-Mar-2026 07:48:50 UTC] PHP Parse error:  Unmatched '}' in /var/www/html/wp-content/mu-plugins/vp-proxy-directus.php on line 681
[08-Mar-2026 07:48:51 UTC] PHP Parse error:  Unmatched '}' in /var/www/html/wp-content/mu-plugins/vp-proxy-directus.php on line 681
[08-Mar-2026 07:48:52 UTC] PHP Parse error:  Unmatched '}' in /var/www/html/wp-content/mu-plugins/vp-proxy-directus.php on line 681
[08-Mar-2026 07:48:53 UTC] PHP Parse error:  Unmatched '}' in /var/www/html/wp-content/mu-plugins/vp-proxy-directus.php on line 681
[08-Mar-2026 07:48:53 UTC] PHP Parse error:  Unmatched '}' in /var/www/html/wp-content/mu-plugins/vp-proxy-directus.php on line 681
[08-Mar-2026 07:48:54 UTC] PHP Parse error:  Unmatched '}' in /var/www/html/wp-content/mu-plugins/vp-proxy-directus.php on line 681
[08-Mar-2026 07:48:55 UTC] PHP Parse error:  Unmatched '}' in /var/www/html/wp-content/mu-plugins/vp-proxy-directus.php on line 681
[08-Mar-2026 07:48:56 UTC] PHP Parse error:  Unmatched '}' in /var/www/html/wp-content/mu-plugins/vp-proxy-directus.php on line 681
[08-Mar-2026 07:48:57 UTC] PHP Parse error:  Unmatched '}' in /var/www/html/wp-content/mu-plugins/vp-proxy-directus.php on line 681
[08-Mar-2026 07:48:58 UTC] PHP Parse error:  Unmatched '}' in /var/www/html/wp-content/mu-plugins/vp-proxy-directus.php on line 681
[08-Mar-2026 07:48:59 UTC] PHP Parse error:  Unmatched '}' in /var/www/html/wp-content/mu-plugins/vp-proxy-directus.php on line 681
[08-Mar-2026 07:49:19 UTC] PHP Parse error:  Unmatched '}' in /var/www/html/wp-content/mu-plugins/vp-proxy-directus.php on line 681
[08-Mar-2026 07:49:22 UTC] PHP Parse error:  Unmatched '}' in /var/www/html/wp-content/mu-plugins/vp-proxy-directus.php on line 681
[08-Mar-2026 07:49:23 UTC] PHP Parse error:  Unmatched '}' in /var/www/html/wp-content/mu-plugins/vp-proxy-directus.php on line 681
[08-Mar-2026 07:49:24 UTC] PHP Parse error:  Unmatched '}' in /var/www/html/wp-content/mu-plugins/vp-proxy-directus.php on line 681
[08-Mar-2026 07:49:25 UTC] PHP Parse error:  Unmatched '}' in /var/www/html/wp-content/mu-plugins/vp-proxy-directus.php on line 681
[08-Mar-2026 07:49:37 UTC] PHP Parse error:  Unmatched '}' in /var/www/html/wp-content/mu-plugins/vp-proxy-directus.php on line 681
[08-Mar-2026 07:49:43 UTC] PHP Parse error:  Unmatched '}' in /var/www/html/wp-content/mu-plugins/vp-proxy-directus.php on line 681
[08-Mar-2026 07:49:45 UTC] PHP Parse error:  Unmatched '}' in /var/www/html/wp-content/mu-plugins/vp-proxy-directus.php on line 681
[08-Mar-2026 07:49:47 UTC] PHP Parse error:  Unmatched '}' in /var/www/html/wp-content/mu-plugins/vp-proxy-directus.php on line 681
[08-Mar-2026 07:49:47 UTC] PHP Parse error:  Unmatched '}' in /var/www/html/wp-content/mu-plugins/vp-proxy-directus.php on line 681
[08-Mar-2026 07:49:48 UTC] PHP Parse error:  Unmatched '}' in /var/www/html/wp-content/mu-plugins/vp-proxy-directus.php on line 681
[08-Mar-2026 07:49:48 UTC] PHP Parse error:  Unmatched '}' in /var/www/html/wp-content/mu-plugins/vp-proxy-directus.php on line 681
[08-Mar-2026 07:49:49 UTC] PHP Parse error:  Unmatched '}' in /var/www/html/wp-content/mu-plugins/vp-proxy-directus.php on line 681
[08-Mar-2026 07:49:50 UTC] PHP Parse error:  Unmatched '}' in /var/www/html/wp-content/mu-plugins/vp-proxy-directus.php on line 681
[08-Mar-2026 07:49:50 UTC] PHP Parse error:  Unmatched '}' in /var/www/html/wp-content/mu-plugins/vp-proxy-directus.php on line 681
[08-Mar-2026 07:49:52 UTC] PHP Parse error:  Unmatched '}' in /var/www/html/wp-content/mu-plugins/vp-proxy-directus.php on line 681
[08-Mar-2026 07:49:53 UTC] PHP Parse error:  Unmatched '}' in /var/www/html/wp-content/mu-plugins/vp-proxy-directus.php on line 681
[08-Mar-2026 07:49:54 UTC] PHP Parse error:  Unmatched '}' in /var/www/html/wp-content/mu-plugins/vp-proxy-directus.php on line 681
[08-Mar-2026 07:49:56 UTC] PHP Parse error:  Unmatched '}' in /var/www/html/wp-content/mu-plugins/vp-proxy-directus.php on line 681
[08-Mar-2026 07:49:56 UTC] PHP Parse error:  Unmatched '}' in /var/www/html/wp-content/mu-plugins/vp-proxy-directus.php on line 681
[08-Mar-2026 07:49:59 UTC] PHP Parse error:  Unmatched '}' in /var/www/html/wp-content/mu-plugins/vp-proxy-directus.php on line 681
[08-Mar-2026 07:50:00 UTC] PHP Parse error:  Unmatched '}' in /var/www/html/wp-content/mu-plugins/vp-proxy-directus.php on line 681
[08-Mar-2026 07:50:02 UTC] PHP Parse error:  Unmatched '}' in /var/www/html/wp-content/mu-plugins/vp-proxy-directus.php on line 681
[08-Mar-2026 07:50:02 UTC] PHP Parse error:  Unmatched '}' in /var/www/html/wp-content/mu-plugins/vp-proxy-directus.php on line 681
[08-Mar-2026 07:50:03 UTC] PHP Parse error:  Unmatched '}' in /var/www/html/wp-content/mu-plugins/vp-proxy-directus.php on line 681
[08-Mar-2026 07:50:03 UTC] PHP Parse error:  Unmatched '}' in /var/www/html/wp-content/mu-plugins/vp-proxy-directus.php on line 681
[08-Mar-2026 07:50:04 UTC] PHP Parse error:  Unmatched '}' in /var/www/html/wp-content/mu-plugins/vp-proxy-directus.php on line 681
[08-Mar-2026 07:50:04 UTC] PHP Parse error:  Unmatched '}' in /var/www/html/wp-content/mu-plugins/vp-proxy-directus.php on line 681
[08-Mar-2026 07:50:06 UTC] PHP Parse error:  Unmatched '}' in /var/www/html/wp-content/mu-plugins/vp-proxy-directus.php on line 681
[08-Mar-2026 07:50:07 UTC] PHP Parse error:  Unmatched '}' in /var/www/html/wp-content/mu-plugins/vp-proxy-directus.php on line 681
[08-Mar-2026 07:50:08 UTC] PHP Parse error:  Unmatched '}' in /var/www/html/wp-content/mu-plugins/vp-proxy-directus.php on line 681
[08-Mar-2026 07:50:08 UTC] PHP Parse error:  Unmatched '}' in /var/www/html/wp-content/mu-plugins/vp-proxy-directus.php on line 681
[08-Mar-2026 07:50:10 UTC] PHP Parse error:  Unmatched '}' in /var/www/html/wp-content/mu-plugins/vp-proxy-directus.php on line 681
[08-Mar-2026 07:50:11 UTC] PHP Parse error:  Unmatched '}' in /var/www/html/wp-content/mu-plugins/vp-proxy-directus.php on line 681
[08-Mar-2026 07:50:11 UTC] PHP Parse error:  Unmatched '}' in /var/www/html/wp-content/mu-plugins/vp-proxy-directus.php on line 681
[08-Mar-2026 07:50:14 UTC] PHP Parse error:  Unmatched '}' in /var/www/html/wp-content/mu-plugins/vp-proxy-directus.php on line 681
[08-Mar-2026 07:50:15 UTC] PHP Parse error:  Unmatched '}' in /var/www/html/wp-content/mu-plugins/vp-proxy-directus.php on line 681
[08-Mar-2026 07:50:16 UTC] PHP Parse error:  Unmatched '}' in /var/www/html/wp-content/mu-plugins/vp-proxy-directus.php on line 681
[08-Mar-2026 07:50:17 UTC] PHP Parse error:  Unmatched '}' in /var/www/html/wp-content/mu-plugins/vp-proxy-directus.php on line 681
[08-Mar-2026 07:50:18 UTC] PHP Parse error:  Unmatched '}' in /var/www/html/wp-content/mu-plugins/vp-proxy-directus.php on line 681
[08-Mar-2026 07:50:19 UTC] PHP Parse error:  Unmatched '}' in /var/www/html/wp-content/mu-plugins/vp-proxy-directus.php on line 681
[08-Mar-2026 07:50:20 UTC] PHP Parse error:  Unmatched '}' in /var/www/html/wp-content/mu-plugins/vp-proxy-directus.php on line 681
[08-Mar-2026 07:50:22 UTC] PHP Parse error:  Unmatched '}' in /var/www/html/wp-content/mu-plugins/vp-proxy-directus.php on line 681
[08-Mar-2026 07:50:23 UTC] PHP Parse error:  Unmatched '}' in /var/www/html/wp-content/mu-plugins/vp-proxy-directus.php on line 681
[08-Mar-2026 07:50:24 UTC] PHP Parse error:  Unmatched '}' in /var/www/html/wp-content/mu-plugins/vp-proxy-directus.php on line 681
[08-Mar-2026 07:50:24 UTC] PHP Parse error:  Unmatched '}' in /var/www/html/wp-content/mu-plugins/vp-proxy-directus.php on line 681
[08-Mar-2026 07:50:25 UTC] PHP Parse error:  Unmatched '}' in /var/www/html/wp-content/mu-plugins/vp-proxy-directus.php on line 681
[08-Mar-2026 07:50:26 UTC] PHP Parse error:  Unmatched '}' in /var/www/html/wp-content/mu-plugins/vp-proxy-directus.php on line 681
[08-Mar-2026 07:50:26 UTC] PHP Parse error:  Unmatched '}' in /var/www/html/wp-content/mu-plugins/vp-proxy-directus.php on line 681
[08-Mar-2026 07:50:27 UTC] PHP Parse error:  Unmatched '}' in /var/www/html/wp-content/mu-plugins/vp-proxy-directus.php on line 681
[08-Mar-2026 07:50:27 UTC] PHP Parse error:  Unmatched '}' in /var/www/html/wp-content/mu-plugins/vp-proxy-directus.php on line 681
[08-Mar-2026 07:50:28 UTC] PHP Parse error:  Unmatched '}' in /var/www/html/wp-content/mu-plugins/vp-proxy-directus.php on line 681
[08-Mar-2026 07:50:29 UTC] PHP Parse error:  Unmatched '}' in /var/www/html/wp-content/mu-plugins/vp-proxy-directus.php on line 681
[08-Mar-2026 07:50:30 UTC] PHP Parse error:  Unmatched '}' in /var/www/html/wp-content/mu-plugins/vp-proxy-directus.php on line 681
[08-Mar-2026 07:50:30 UTC] PHP Parse error:  Unmatched '}' in /var/www/html/wp-content/mu-plugins/vp-proxy-directus.php on line 681
[08-Mar-2026 07:50:31 UTC] PHP Parse error:  Unmatched '}' in /var/www/html/wp-content/mu-plugins/vp-proxy-directus.php on line 681
[08-Mar-2026 07:50:33 UTC] PHP Parse error:  Unmatched '}' in /var/www/html/wp-content/mu-plugins/vp-proxy-directus.php on line 681
[08-Mar-2026 07:50:33 UTC] PHP Parse error:  Unmatched '}' in /var/www/html/wp-content/mu-plugins/vp-proxy-directus.php on line 681
[08-Mar-2026 07:50:34 UTC] PHP Parse error:  Unmatched '}' in /var/www/html/wp-content/mu-plugins/vp-proxy-directus.php on line 681
[08-Mar-2026 07:50:36 UTC] PHP Parse error:  Unmatched '}' in /var/www/html/wp-content/mu-plugins/vp-proxy-directus.php on line 681
[08-Mar-2026 07:50:36 UTC] PHP Parse error:  Unmatched '}' in /var/www/html/wp-content/mu-plugins/vp-proxy-directus.php on line 681
[08-Mar-2026 07:50:38 UTC] PHP Parse error:  Unmatched '}' in /var/www/html/wp-content/mu-plugins/vp-proxy-directus.php on line 681
[08-Mar-2026 07:50:39 UTC] PHP Parse error:  Unmatched '}' in /var/www/html/wp-content/mu-plugins/vp-proxy-directus.php on line 681
[08-Mar-2026 07:50:40 UTC] PHP Parse error:  Unmatched '}' in /var/www/html/wp-content/mu-plugins/vp-proxy-directus.php on line 681
[08-Mar-2026 07:50:41 UTC] PHP Parse error:  Unmatched '}' in /var/www/html/wp-content/mu-plugins/vp-proxy-directus.php on line 681
[08-Mar-2026 07:50:41 UTC] PHP Parse error:  Unmatched '}' in /var/www/html/wp-content/mu-plugins/vp-proxy-directus.php on line 681
[08-Mar-2026 07:50:42 UTC] PHP Parse error:  Unmatched '}' in /var/www/html/wp-content/mu-plugins/vp-proxy-directus.php on line 681
[08-Mar-2026 07:51:02 UTC] PHP Parse error:  Unmatched '}' in /var/www/html/wp-content/mu-plugins/vp-proxy-directus.php on line 681
[08-Mar-2026 07:51:02 UTC] PHP Parse error:  Unmatched '}' in /var/www/html/wp-content/mu-plugins/vp-proxy-directus.php on line 681
[08-Mar-2026 07:51:04 UTC] PHP Parse error:  Unmatched '}' in /var/www/html/wp-content/mu-plugins/vp-proxy-directus.php on line 681
[08-Mar-2026 07:51:04 UTC] PHP Parse error:  Unmatched '}' in /var/www/html/wp-content/mu-plugins/vp-proxy-directus.php on line 681
[08-Mar-2026 07:51:05 UTC] PHP Parse error:  Unmatched '}' in /var/www/html/wp-content/mu-plugins/vp-proxy-directus.php on line 681
[08-Mar-2026 07:51:15 UTC] PHP Parse error:  Unmatched '}' in /var/www/html/wp-content/mu-plugins/vp-proxy-directus.php on line 681
[08-Mar-2026 07:51:18 UTC] PHP Parse error:  Unmatched '}' in /var/www/html/wp-content/mu-plugins/vp-proxy-directus.php on line 681
[08-Mar-2026 07:51:19 UTC] PHP Parse error:  Unmatched '}' in /var/www/html/wp-content/mu-plugins/vp-proxy-directus.php on line 681
[08-Mar-2026 07:51:20 UTC] PHP Parse error:  Unmatched '}' in /var/www/html/wp-content/mu-plugins/vp-proxy-directus.php on line 681
[08-Mar-2026 07:51:21 UTC] PHP Parse error:  Unmatched '}' in /var/www/html/wp-content/mu-plugins/vp-proxy-directus.php on line 681
[08-Mar-2026 07:51:22 UTC] PHP Parse error:  Unmatched '}' in /var/www/html/wp-content/mu-plugins/vp-proxy-directus.php on line 681
[08-Mar-2026 07:51:23 UTC] PHP Parse error:  Unmatched '}' in /var/www/html/wp-content/mu-plugins/vp-proxy-directus.php on line 681
[08-Mar-2026 07:51:25 UTC] PHP Parse error:  Unmatched '}' in /var/www/html/wp-content/mu-plugins/vp-proxy-directus.php on line 681
[08-Mar-2026 07:51:34 UTC] PHP Parse error:  Unmatched '}' in /var/www/html/wp-content/mu-plugins/vp-proxy-directus.php on line 681
[08-Mar-2026 07:51:37 UTC] PHP Parse error:  Unmatched '}' in /var/www/html/wp-content/mu-plugins/vp-proxy-directus.php on line 681
[08-Mar-2026 07:51:37 UTC] PHP Parse error:  Unmatched '}' in /var/www/html/wp-content/mu-plugins/vp-proxy-directus.php on line 681
[08-Mar-2026 07:51:37 UTC] PHP Parse error:  Unmatched '}' in /var/www/html/wp-content/mu-plugins/vp-proxy-directus.php on line 681
[08-Mar-2026 07:51:40 UTC] PHP Parse error:  Unmatched '}' in /var/www/html/wp-content/mu-plugins/vp-proxy-directus.php on line 681
[08-Mar-2026 07:51:41 UTC] PHP Parse error:  Unmatched '}' in /var/www/html/wp-content/mu-plugins/vp-proxy-directus.php on line 681
[08-Mar-2026 07:51:42 UTC] PHP Parse error:  Unmatched '}' in /var/www/html/wp-content/mu-plugins/vp-proxy-directus.php on line 681
[08-Mar-2026 07:51:49 UTC] PHP Parse error:  Unmatched '}' in /var/www/html/wp-content/mu-plugins/vp-proxy-directus.php on line 681
[08-Mar-2026 07:51:55 UTC] PHP Parse error:  Unmatched '}' in /var/www/html/wp-content/mu-plugins/vp-proxy-directus.php on line 681
[08-Mar-2026 07:51:56 UTC] PHP Parse error:  Unmatched '}' in /var/www/html/wp-content/mu-plugins/vp-proxy-directus.php on line 681
[08-Mar-2026 07:51:58 UTC] PHP Parse error:  Unmatched '}' in /var/www/html/wp-content/mu-plugins/vp-proxy-directus.php on line 681
[08-Mar-2026 07:51:58 UTC] PHP Parse error:  Unmatched '}' in /var/www/html/wp-content/mu-plugins/vp-proxy-directus.php on line 681
[08-Mar-2026 07:51:59 UTC] PHP Parse error:  Unmatched '}' in /var/www/html/wp-content/mu-plugins/vp-proxy-directus.php on line 681
[08-Mar-2026 07:51:59 UTC] PHP Parse error:  Unmatched '}' in /var/www/html/wp-content/mu-plugins/vp-proxy-directus.php on line 681
[08-Mar-2026 07:52:00 UTC] PHP Parse error:  Unmatched '}' in /var/www/html/wp-content/mu-plugins/vp-proxy-directus.php on line 681
[08-Mar-2026 07:52:01 UTC] PHP Parse error:  Unmatched '}' in /var/www/html/wp-content/mu-plugins/vp-proxy-directus.php on line 681
[08-Mar-2026 07:52:02 UTC] PHP Parse error:  Unmatched '}' in /var/www/html/wp-content/mu-plugins/vp-proxy-directus.php on line 681
[08-Mar-2026 07:52:03 UTC] PHP Parse error:  Unmatched '}' in /var/www/html/wp-content/mu-plugins/vp-proxy-directus.php on line 681
[08-Mar-2026 07:52:04 UTC] PHP Parse error:  Unmatched '}' in /var/www/html/wp-content/mu-plugins/vp-proxy-directus.php on line 681
[08-Mar-2026 07:52:06 UTC] PHP Parse error:  Unmatched '}' in /var/www/html/wp-content/mu-plugins/vp-proxy-directus.php on line 681
[08-Mar-2026 07:52:06 UTC] PHP Parse error:  Unmatched '}' in /var/www/html/wp-content/mu-plugins/vp-proxy-directus.php on line 681
[08-Mar-2026 07:52:06 UTC] PHP Parse error:  Unmatched '}' in /var/www/html/wp-content/mu-plugins/vp-proxy-directus.php on line 681
[08-Mar-2026 07:52:07 UTC] PHP Parse error:  Unmatched '}' in /var/www/html/wp-content/mu-plugins/vp-proxy-directus.php on line 681
[08-Mar-2026 07:52:09 UTC] PHP Parse error:  Unmatched '}' in /var/www/html/wp-content/mu-plugins/vp-proxy-directus.php on line 681
[08-Mar-2026 07:52:09 UTC] PHP Parse error:  Unmatched '}' in /var/www/html/wp-content/mu-plugins/vp-proxy-directus.php on line 681
[08-Mar-2026 07:52:11 UTC] PHP Parse error:  Unmatched '}' in /var/www/html/wp-content/mu-plugins/vp-proxy-directus.php on line 681
[08-Mar-2026 07:52:13 UTC] PHP Parse error:  Unmatched '}' in /var/www/html/wp-content/mu-plugins/vp-proxy-directus.php on line 681
[08-Mar-2026 07:52:15 UTC] PHP Parse error:  Unmatched '}' in /var/www/html/wp-content/mu-plugins/vp-proxy-directus.php on line 681
[08-Mar-2026 07:52:16 UTC] PHP Parse error:  Unmatched '}' in /var/www/html/wp-content/mu-plugins/vp-proxy-directus.php on line 681
[08-Mar-2026 07:52:17 UTC] PHP Parse error:  Unmatched '}' in /var/www/html/wp-content/mu-plugins/vp-proxy-directus.php on line 681
[08-Mar-2026 07:52:18 UTC] PHP Parse error:  Unmatched '}' in /var/www/html/wp-content/mu-plugins/vp-proxy-directus.php on line 681
[08-Mar-2026 07:52:19 UTC] PHP Parse error:  Unmatched '}' in /var/www/html/wp-content/mu-plugins/vp-proxy-directus.php on line 681
[08-Mar-2026 07:52:20 UTC] PHP Parse error:  Unmatched '}' in /var/www/html/wp-content/mu-plugins/vp-proxy-directus.php on line 681
[08-Mar-2026 07:52:20 UTC] PHP Parse error:  Unmatched '}' in /var/www/html/wp-content/mu-plugins/vp-proxy-directus.php on line 681
[08-Mar-2026 07:52:21 UTC] PHP Parse error:  Unmatched '}' in /var/www/html/wp-content/mu-plugins/vp-proxy-directus.php on line 681
[08-Mar-2026 07:52:22 UTC] PHP Parse error:  Unmatched '}' in /var/www/html/wp-content/mu-plugins/vp-proxy-directus.php on line 681
[08-Mar-2026 07:52:22 UTC] PHP Parse error:  Unmatched '}' in /var/www/html/wp-content/mu-plugins/vp-proxy-directus.php on line 681
[08-Mar-2026 07:52:23 UTC] PHP Parse error:  Unmatched '}' in /var/www/html/wp-content/mu-plugins/vp-proxy-directus.php on line 681
[08-Mar-2026 07:52:24 UTC] PHP Parse error:  Unmatched '}' in /var/www/html/wp-content/mu-plugins/vp-proxy-directus.php on line 681
[08-Mar-2026 07:52:25 UTC] PHP Parse error:  Unmatched '}' in /var/www/html/wp-content/mu-plugins/vp-proxy-directus.php on line 681
[08-Mar-2026 07:52:36 UTC] PHP Parse error:  Unmatched '}' in /var/www/html/wp-content/mu-plugins/vp-proxy-directus.php on line 681
[08-Mar-2026 07:52:40 UTC] PHP Parse error:  Unmatched '}' in /var/www/html/wp-content/mu-plugins/vp-proxy-directus.php on line 681
[08-Mar-2026 07:52:41 UTC] PHP Parse error:  Unmatched '}' in /var/www/html/wp-content/mu-plugins/vp-proxy-directus.php on line 681
[08-Mar-2026 07:52:41 UTC] PHP Parse error:  Unmatched '}' in /var/www/html/wp-content/mu-plugins/vp-proxy-directus.php on line 681
[08-Mar-2026 07:52:42 UTC] PHP Parse error:  Unmatched '}' in /var/www/html/wp-content/mu-plugins/vp-proxy-directus.php on line 681
[08-Mar-2026 07:52:43 UTC] PHP Parse error:  Unmatched '}' in /var/www/html/wp-content/mu-plugins/vp-proxy-directus.php on line 681
[08-Mar-2026 07:52:43 UTC] PHP Parse error:  Unmatched '}' in /var/www/html/wp-content/mu-plugins/vp-proxy-directus.php on line 681
[08-Mar-2026 07:52:44 UTC] PHP Parse error:  Unmatched '}' in /var/www/html/wp-content/mu-plugins/vp-proxy-directus.php on line 681
[08-Mar-2026 07:52:45 UTC] PHP Parse error:  Unmatched '}' in /var/www/html/wp-content/mu-plugins/vp-proxy-directus.php on line 681
[08-Mar-2026 07:52:45 UTC] PHP Parse error:  Unmatched '}' in /var/www/html/wp-content/mu-plugins/vp-proxy-directus.php on line 681
[08-Mar-2026 07:52:49 UTC] PHP Parse error:  Unmatched '}' in /var/www/html/wp-content/mu-plugins/vp-proxy-directus.php on line 681
[08-Mar-2026 07:52:53 UTC] PHP Parse error:  Unmatched '}' in /var/www/html/wp-content/mu-plugins/vp-proxy-directus.php on line 681
[08-Mar-2026 07:52:54 UTC] PHP Parse error:  Unmatched '}' in /var/www/html/wp-content/mu-plugins/vp-proxy-directus.php on line 681
[08-Mar-2026 07:52:55 UTC] PHP Parse error:  Unmatched '}' in /var/www/html/wp-content/mu-plugins/vp-proxy-directus.php on line 681
[08-Mar-2026 07:52:56 UTC] PHP Parse error:  Unmatched '}' in /var/www/html/wp-content/mu-plugins/vp-proxy-directus.php on line 681
[08-Mar-2026 07:52:59 UTC] PHP Parse error:  Unmatched '}' in /var/www/html/wp-content/mu-plugins/vp-proxy-directus.php on line 681
[08-Mar-2026 07:53:01 UTC] PHP Parse error:  Unmatched '}' in /var/www/html/wp-content/mu-plugins/vp-proxy-directus.php on line 681
[08-Mar-2026 07:53:02 UTC] PHP Parse error:  Unmatched '}' in /var/www/html/wp-content/mu-plugins/vp-proxy-directus.php on line 681
[08-Mar-2026 07:53:04 UTC] PHP Parse error:  Unmatched '}' in /var/www/html/wp-content/mu-plugins/vp-proxy-directus.php on line 681
[08-Mar-2026 07:53:07 UTC] PHP Parse error:  Unmatched '}' in /var/www/html/wp-content/mu-plugins/vp-proxy-directus.php on line 681
[08-Mar-2026 07:53:09 UTC] PHP Parse error:  Unmatched '}' in /var/www/html/wp-content/mu-plugins/vp-proxy-directus.php on line 681
[08-Mar-2026 07:53:10 UTC] PHP Parse error:  Unmatched '}' in /var/www/html/wp-content/mu-plugins/vp-proxy-directus.php on line 681
[08-Mar-2026 07:53:11 UTC] PHP Parse error:  Unmatched '}' in /var/www/html/wp-content/mu-plugins/vp-proxy-directus.php on line 681
[08-Mar-2026 07:53:12 UTC] PHP Parse error:  Unmatched '}' in /var/www/html/wp-content/mu-plugins/vp-proxy-directus.php on line 681
[08-Mar-2026 07:53:17 UTC] PHP Parse error:  Unmatched '}' in /var/www/html/wp-content/mu-plugins/vp-proxy-directus.php on line 681
[08-Mar-2026 07:53:18 UTC] PHP Parse error:  Unmatched '}' in /var/www/html/wp-content/mu-plugins/vp-proxy-directus.php on line 681
[08-Mar-2026 07:53:20 UTC] PHP Parse error:  Unmatched '}' in /var/www/html/wp-content/mu-plugins/vp-proxy-directus.php on line 681
[08-Mar-2026 07:53:20 UTC] PHP Parse error:  Unmatched '}' in /var/www/html/wp-content/mu-plugins/vp-proxy-directus.php on line 681
[08-Mar-2026 07:53:21 UTC] PHP Parse error:  Unmatched '}' in /var/www/html/wp-content/mu-plugins/vp-proxy-directus.php on line 681
[08-Mar-2026 07:53:23 UTC] PHP Parse error:  Unmatched '}' in /var/www/html/wp-content/mu-plugins/vp-proxy-directus.php on line 681
[08-Mar-2026 07:53:24 UTC] PHP Parse error:  Unmatched '}' in /var/www/html/wp-content/mu-plugins/vp-proxy-directus.php on line 681
[08-Mar-2026 07:53:25 UTC] PHP Parse error:  Unmatched '}' in /var/www/html/wp-content/mu-plugins/vp-proxy-directus.php on line 681
[08-Mar-2026 07:53:26 UTC] PHP Parse error:  Unmatched '}' in /var/www/html/wp-content/mu-plugins/vp-proxy-directus.php on line 681
[08-Mar-2026 07:53:37 UTC] PHP Parse error:  Unmatched '}' in /var/www/html/wp-content/mu-plugins/vp-proxy-directus.php on line 681
[08-Mar-2026 07:53:37 UTC] PHP Parse error:  Unmatched '}' in /var/www/html/wp-content/mu-plugins/vp-proxy-directus.php on line 681
[08-Mar-2026 07:53:39 UTC] PHP Parse error:  Unmatched '}' in /var/www/html/wp-content/mu-plugins/vp-proxy-directus.php on line 681
[08-Mar-2026 07:53:43 UTC] PHP Parse error:  Unmatched '}' in /var/www/html/wp-content/mu-plugins/vp-proxy-directus.php on line 681
[08-Mar-2026 07:53:45 UTC] PHP Parse error:  Unmatched '}' in /var/www/html/wp-content/mu-plugins/vp-proxy-directus.php on line 681
[08-Mar-2026 07:53:49 UTC] PHP Parse error:  Unmatched '}' in /var/www/html/wp-content/mu-plugins/vp-proxy-directus.php on line 681
[08-Mar-2026 07:54:20 UTC] PHP Parse error:  Unmatched '}' in /var/www/html/wp-content/mu-plugins/vp-proxy-directus.php on line 681
[08-Mar-2026 07:54:22 UTC] PHP Parse error:  Unmatched '}' in /var/www/html/wp-content/mu-plugins/vp-proxy-directus.php on line 681
[08-Mar-2026 07:54:24 UTC] PHP Parse error:  Unmatched '}' in /var/www/html/wp-content/mu-plugins/vp-proxy-directus.php on line 681
[08-Mar-2026 07:54:25 UTC] PHP Parse error:  Unmatched '}' in /var/www/html/wp-content/mu-plugins/vp-proxy-directus.php on line 681
[08-Mar-2026 07:54:25 UTC] PHP Parse error:  Unmatched '}' in /var/www/html/wp-content/mu-plugins/vp-proxy-directus.php on line 681
[08-Mar-2026 07:54:27 UTC] PHP Parse error:  Unmatched '}' in /var/www/html/wp-content/mu-plugins/vp-proxy-directus.php on line 681
[08-Mar-2026 07:54:28 UTC] PHP Parse error:  Unmatched '}' in /var/www/html/wp-content/mu-plugins/vp-proxy-directus.php on line 681
[08-Mar-2026 07:54:29 UTC] PHP Parse error:  Unmatched '}' in /var/www/html/wp-content/mu-plugins/vp-proxy-directus.php on line 681
[08-Mar-2026 07:54:43 UTC] PHP Parse error:  Unmatched '}' in /var/www/html/wp-content/mu-plugins/vp-proxy-directus.php on line 681
[08-Mar-2026 07:55:15 UTC] PHP Parse error:  Unmatched '}' in /var/www/html/wp-content/mu-plugins/vp-proxy-directus.php on line 681
[08-Mar-2026 07:55:16 UTC] PHP Parse error:  Unmatched '}' in /var/www/html/wp-content/mu-plugins/vp-proxy-directus.php on line 681
[08-Mar-2026 07:55:17 UTC] PHP Parse error:  Unmatched '}' in /var/www/html/wp-content/mu-plugins/vp-proxy-directus.php on line 681
[08-Mar-2026 07:55:29 UTC] PHP Parse error:  Unmatched '}' in /var/www/html/wp-content/mu-plugins/vp-proxy-directus.php on line 681
[08-Mar-2026 07:55:37 UTC] PHP Parse error:  Unmatched '}' in /var/www/html/wp-content/mu-plugins/vp-proxy-directus.php on line 681
[08-Mar-2026 07:55:38 UTC] PHP Parse error:  Unmatched '}' in /var/www/html/wp-content/mu-plugins/vp-proxy-directus.php on line 681
[08-Mar-2026 07:55:40 UTC] PHP Parse error:  Unmatched '}' in /var/www/html/wp-content/mu-plugins/vp-proxy-directus.php on line 681
[08-Mar-2026 07:55:41 UTC] PHP Parse error:  Unmatched '}' in /var/www/html/wp-content/mu-plugins/vp-proxy-directus.php on line 681
[08-Mar-2026 07:55:42 UTC] PHP Parse error:  Unmatched '}' in /var/www/html/wp-content/mu-plugins/vp-proxy-directus.php on line 681
[08-Mar-2026 07:55:47 UTC] PHP Parse error:  Unmatched '}' in /var/www/html/wp-content/mu-plugins/vp-proxy-directus.php on line 681
[08-Mar-2026 07:55:48 UTC] PHP Parse error:  Unmatched '}' in /var/www/html/wp-content/mu-plugins/vp-proxy-directus.php on line 681
[08-Mar-2026 07:56:15 UTC] PHP Parse error:  Unmatched '}' in /var/www/html/wp-content/mu-plugins/vp-proxy-directus.php on line 681
[08-Mar-2026 07:56:16 UTC] PHP Parse error:  Unmatched '}' in /var/www/html/wp-content/mu-plugins/vp-proxy-directus.php on line 681
[08-Mar-2026 07:56:16 UTC] PHP Parse error:  Unmatched '}' in /var/www/html/wp-content/mu-plugins/vp-proxy-directus.php on line 681
[08-Mar-2026 07:56:17 UTC] PHP Parse error:  Unmatched '}' in /var/www/html/wp-content/mu-plugins/vp-proxy-directus.php on line 681
[08-Mar-2026 07:56:19 UTC] PHP Parse error:  Unmatched '}' in /var/www/html/wp-content/mu-plugins/vp-proxy-directus.php on line 681
[08-Mar-2026 07:56:19 UTC] PHP Parse error:  Unmatched '}' in /var/www/html/wp-content/mu-plugins/vp-proxy-directus.php on line 681
[08-Mar-2026 07:56:20 UTC] PHP Parse error:  Unmatched '}' in /var/www/html/wp-content/mu-plugins/vp-proxy-directus.php on line 681
[08-Mar-2026 07:56:22 UTC] PHP Parse error:  Unmatched '}' in /var/www/html/wp-content/mu-plugins/vp-proxy-directus.php on line 681
[08-Mar-2026 07:56:24 UTC] PHP Parse error:  Unmatched '}' in /var/www/html/wp-content/mu-plugins/vp-proxy-directus.php on line 681
[08-Mar-2026 07:56:35 UTC] PHP Parse error:  Unmatched '}' in /var/www/html/wp-content/mu-plugins/vp-proxy-directus.php on line 681
[08-Mar-2026 07:56:35 UTC] PHP Parse error:  Unmatched '}' in /var/www/html/wp-content/mu-plugins/vp-proxy-directus.php on line 681
[08-Mar-2026 07:56:37 UTC] PHP Parse error:  Unmatched '}' in /var/www/html/wp-content/mu-plugins/vp-proxy-directus.php on line 681
[08-Mar-2026 07:56:41 UTC] PHP Parse error:  Unmatched '}' in /var/www/html/wp-content/mu-plugins/vp-proxy-directus.php on line 681
[08-Mar-2026 07:56:43 UTC] PHP Parse error:  Unmatched '}' in /var/www/html/wp-content/mu-plugins/vp-proxy-directus.php on line 681
[08-Mar-2026 07:56:43 UTC] PHP Parse error:  Unmatched '}' in /var/www/html/wp-content/mu-plugins/vp-proxy-directus.php on line 681
[08-Mar-2026 07:56:54 UTC] PHP Parse error:  Unmatched '}' in /var/www/html/wp-content/mu-plugins/vp-proxy-directus.php on line 681
[08-Mar-2026 07:57:00 UTC] PHP Parse error:  Unmatched '}' in /var/www/html/wp-content/mu-plugins/vp-proxy-directus.php on line 681
[08-Mar-2026 07:57:01 UTC] PHP Parse error:  Unmatched '}' in /var/www/html/wp-content/mu-plugins/vp-proxy-directus.php on line 681
[08-Mar-2026 07:57:03 UTC] PHP Parse error:  Unmatched '}' in /var/www/html/wp-content/mu-plugins/vp-proxy-directus.php on line 681
[08-Mar-2026 07:57:04 UTC] PHP Parse error:  Unmatched '}' in /var/www/html/wp-content/mu-plugins/vp-proxy-directus.php on line 681
[08-Mar-2026 07:57:05 UTC] PHP Parse error:  Unmatched '}' in /var/www/html/wp-content/mu-plugins/vp-proxy-directus.php on line 681
[08-Mar-2026 07:57:06 UTC] PHP Parse error:  Unmatched '}' in /var/www/html/wp-content/mu-plugins/vp-proxy-directus.php on line 681
[08-Mar-2026 07:57:06 UTC] PHP Parse error:  Unmatched '}' in /var/www/html/wp-content/mu-plugins/vp-proxy-directus.php on line 681
[08-Mar-2026 07:57:12 UTC] PHP Parse error:  Unmatched '}' in /var/www/html/wp-content/mu-plugins/vp-proxy-directus.php on line 681
[08-Mar-2026 07:57:17 UTC] PHP Parse error:  Unmatched '}' in /var/www/html/wp-content/mu-plugins/vp-proxy-directus.php on line 681
[08-Mar-2026 07:57:39 UTC] PHP Parse error:  Unmatched '}' in /var/www/html/wp-content/mu-plugins/vp-proxy-directus.php on line 681
[08-Mar-2026 07:57:42 UTC] PHP Parse error:  Unmatched '}' in /var/www/html/wp-content/mu-plugins/vp-proxy-directus.php on line 681
[08-Mar-2026 07:57:44 UTC] PHP Parse error:  Unmatched '}' in /var/www/html/wp-content/mu-plugins/vp-proxy-directus.php on line 681
[08-Mar-2026 07:57:45 UTC] PHP Parse error:  Unmatched '}' in /var/www/html/wp-content/mu-plugins/vp-proxy-directus.php on line 681
[08-Mar-2026 07:57:46 UTC] PHP Parse error:  Unmatched '}' in /var/www/html/wp-content/mu-plugins/vp-proxy-directus.php on line 681
[08-Mar-2026 07:57:47 UTC] PHP Parse error:  Unmatched '}' in /var/www/html/wp-content/mu-plugins/vp-proxy-directus.php on line 681
[08-Mar-2026 07:57:48 UTC] PHP Parse error:  Unmatched '}' in /var/www/html/wp-content/mu-plugins/vp-proxy-directus.php on line 681
[08-Mar-2026 07:57:48 UTC] PHP Parse error:  Unmatched '}' in /var/www/html/wp-content/mu-plugins/vp-proxy-directus.php on line 681
[08-Mar-2026 07:57:49 UTC] PHP Parse error:  Unmatched '}' in /var/www/html/wp-content/mu-plugins/vp-proxy-directus.php on line 681
[08-Mar-2026 07:57:49 UTC] PHP Parse error:  Unmatched '}' in /var/www/html/wp-content/mu-plugins/vp-proxy-directus.php on line 681
[08-Mar-2026 07:57:50 UTC] PHP Parse error:  Unmatched '}' in /var/www/html/wp-content/mu-plugins/vp-proxy-directus.php on line 681
[08-Mar-2026 07:58:04 UTC] PHP Parse error:  Unmatched '}' in /var/www/html/wp-content/mu-plugins/vp-proxy-directus.php on line 681
[08-Mar-2026 07:58:07 UTC] PHP Parse error:  Unmatched '}' in /var/www/html/wp-content/mu-plugins/vp-proxy-directus.php on line 681
[08-Mar-2026 07:58:07 UTC] PHP Parse error:  Unmatched '}' in /var/www/html/wp-content/mu-plugins/vp-proxy-directus.php on line 681
[08-Mar-2026 07:58:08 UTC] PHP Parse error:  Unmatched '}' in /var/www/html/wp-content/mu-plugins/vp-proxy-directus.php on line 681
[08-Mar-2026 07:58:08 UTC] PHP Parse error:  Unmatched '}' in /var/www/html/wp-content/mu-plugins/vp-proxy-directus.php on line 681
[08-Mar-2026 07:58:09 UTC] PHP Parse error:  Unmatched '}' in /var/www/html/wp-content/mu-plugins/vp-proxy-directus.php on line 681
[08-Mar-2026 07:58:10 UTC] PHP Parse error:  Unmatched '}' in /var/www/html/wp-content/mu-plugins/vp-proxy-directus.php on line 681
[08-Mar-2026 07:58:11 UTC] PHP Parse error:  Unmatched '}' in /var/www/html/wp-content/mu-plugins/vp-proxy-directus.php on line 681
[08-Mar-2026 07:58:12 UTC] PHP Parse error:  Unmatched '}' in /var/www/html/wp-content/mu-plugins/vp-proxy-directus.php on line 681
[08-Mar-2026 07:58:12 UTC] PHP Parse error:  Unmatched '}' in /var/www/html/wp-content/mu-plugins/vp-proxy-directus.php on line 681
[08-Mar-2026 07:58:13 UTC] PHP Parse error:  Unmatched '}' in /var/www/html/wp-content/mu-plugins/vp-proxy-directus.php on line 681
[08-Mar-2026 07:58:14 UTC] PHP Parse error:  Unmatched '}' in /var/www/html/wp-content/mu-plugins/vp-proxy-directus.php on line 681
[08-Mar-2026 07:58:14 UTC] PHP Parse error:  Unmatched '}' in /var/www/html/wp-content/mu-plugins/vp-proxy-directus.php on line 681
[08-Mar-2026 07:58:15 UTC] PHP Parse error:  Unmatched '}' in /var/www/html/wp-content/mu-plugins/vp-proxy-directus.php on line 681
[08-Mar-2026 07:58:17 UTC] PHP Parse error:  Unmatched '}' in /var/www/html/wp-content/mu-plugins/vp-proxy-directus.php on line 681
[08-Mar-2026 07:58:23 UTC] PHP Parse error:  Unmatched '}' in /var/www/html/wp-content/mu-plugins/vp-proxy-directus.php on line 681
[08-Mar-2026 07:58:43 UTC] PHP Parse error:  Unmatched '}' in /var/www/html/wp-content/mu-plugins/vp-proxy-directus.php on line 681
[08-Mar-2026 07:58:44 UTC] PHP Parse error:  Unmatched '}' in /var/www/html/wp-content/mu-plugins/vp-proxy-directus.php on line 681
[08-Mar-2026 07:58:45 UTC] PHP Parse error:  Unmatched '}' in /var/www/html/wp-content/mu-plugins/vp-proxy-directus.php on line 681
[08-Mar-2026 07:58:45 UTC] PHP Parse error:  Unmatched '}' in /var/www/html/wp-content/mu-plugins/vp-proxy-directus.php on line 681
[08-Mar-2026 07:58:46 UTC] PHP Parse error:  Unmatched '}' in /var/www/html/wp-content/mu-plugins/vp-proxy-directus.php on line 681
[08-Mar-2026 07:58:48 UTC] PHP Parse error:  Unmatched '}' in /var/www/html/wp-content/mu-plugins/vp-proxy-directus.php on line 681
[08-Mar-2026 07:58:53 UTC] PHP Parse error:  Unmatched '}' in /var/www/html/wp-content/mu-plugins/vp-proxy-directus.php on line 681
[08-Mar-2026 07:58:57 UTC] PHP Parse error:  Unmatched '}' in /var/www/html/wp-content/mu-plugins/vp-proxy-directus.php on line 681
[08-Mar-2026 07:58:57 UTC] PHP Parse error:  Unmatched '}' in /var/www/html/wp-content/mu-plugins/vp-proxy-directus.php on line 681
[08-Mar-2026 07:59:01 UTC] PHP Parse error:  Unmatched '}' in /var/www/html/wp-content/mu-plugins/vp-proxy-directus.php on line 681
[08-Mar-2026 07:59:02 UTC] PHP Parse error:  Unmatched '}' in /var/www/html/wp-content/mu-plugins/vp-proxy-directus.php on line 681
[08-Mar-2026 07:59:04 UTC] PHP Parse error:  Unmatched '}' in /var/www/html/wp-content/mu-plugins/vp-proxy-directus.php on line 681
[08-Mar-2026 07:59:06 UTC] PHP Parse error:  Unmatched '}' in /var/www/html/wp-content/mu-plugins/vp-proxy-directus.php on line 681
[08-Mar-2026 07:59:18 UTC] PHP Parse error:  Unmatched '}' in /var/www/html/wp-content/mu-plugins/vp-proxy-directus.php on line 681
[08-Mar-2026 07:59:19 UTC] PHP Parse error:  Unmatched '}' in /var/www/html/wp-content/mu-plugins/vp-proxy-directus.php on line 681
[08-Mar-2026 07:59:30 UTC] PHP Parse error:  Unmatched '}' in /var/www/html/wp-content/mu-plugins/vp-proxy-directus.php on line 681
[08-Mar-2026 07:59:31 UTC] PHP Parse error:  Unmatched '}' in /var/www/html/wp-content/mu-plugins/vp-proxy-directus.php on line 681
[08-Mar-2026 07:59:31 UTC] PHP Parse error:  Unmatched '}' in /var/www/html/wp-content/mu-plugins/vp-proxy-directus.php on line 681
[08-Mar-2026 07:59:36 UTC] PHP Parse error:  Unmatched '}' in /var/www/html/wp-content/mu-plugins/vp-proxy-directus.php on line 681
[08-Mar-2026 07:59:39 UTC] PHP Parse error:  Unmatched '}' in /var/www/html/wp-content/mu-plugins/vp-proxy-directus.php on line 681
[08-Mar-2026 07:59:41 UTC] PHP Parse error:  Unmatched '}' in /var/www/html/wp-content/mu-plugins/vp-proxy-directus.php on line 681
[08-Mar-2026 07:59:42 UTC] PHP Parse error:  Unmatched '}' in /var/www/html/wp-content/mu-plugins/vp-proxy-directus.php on line 681
[08-Mar-2026 07:59:44 UTC] PHP Parse error:  Unmatched '}' in /var/www/html/wp-content/mu-plugins/vp-proxy-directus.php on line 681
[08-Mar-2026 07:59:45 UTC] PHP Parse error:  Unmatched '}' in /var/www/html/wp-content/mu-plugins/vp-proxy-directus.php on line 681
[08-Mar-2026 07:59:46 UTC] PHP Parse error:  Unmatched '}' in /var/www/html/wp-content/mu-plugins/vp-proxy-directus.php on line 681
[08-Mar-2026 07:59:48 UTC] PHP Parse error:  Unmatched '}' in /var/www/html/wp-content/mu-plugins/vp-proxy-directus.php on line 681
[08-Mar-2026 07:59:48 UTC] PHP Parse error:  Unmatched '}' in /var/www/html/wp-content/mu-plugins/vp-proxy-directus.php on line 681
[08-Mar-2026 07:59:51 UTC] PHP Parse error:  Unmatched '}' in /var/www/html/wp-content/mu-plugins/vp-proxy-directus.php on line 681
[08-Mar-2026 07:59:53 UTC] PHP Parse error:  Unmatched '}' in /var/www/html/wp-content/mu-plugins/vp-proxy-directus.php on line 681
[08-Mar-2026 07:59:54 UTC] PHP Parse error:  Unmatched '}' in /var/www/html/wp-content/mu-plugins/vp-proxy-directus.php on line 681
[08-Mar-2026 07:59:54 UTC] PHP Parse error:  Unmatched '}' in /var/www/html/wp-content/mu-plugins/vp-proxy-directus.php on line 681
[08-Mar-2026 07:59:55 UTC] PHP Parse error:  Unmatched '}' in /var/www/html/wp-content/mu-plugins/vp-proxy-directus.php on line 681
[08-Mar-2026 08:00:01 UTC] PHP Parse error:  Unmatched '}' in /var/www/html/wp-content/mu-plugins/vp-proxy-directus.php on line 681
[08-Mar-2026 08:00:04 UTC] PHP Parse error:  Unmatched '}' in /var/www/html/wp-content/mu-plugins/vp-proxy-directus.php on line 681
[08-Mar-2026 08:00:05 UTC] PHP Parse error:  Unmatched '}' in /var/www/html/wp-content/mu-plugins/vp-proxy-directus.php on line 681
[08-Mar-2026 08:00:06 UTC] PHP Parse error:  Unmatched '}' in /var/www/html/wp-content/mu-plugins/vp-proxy-directus.php on line 681
[08-Mar-2026 08:00:06 UTC] PHP Parse error:  Unmatched '}' in /var/www/html/wp-content/mu-plugins/vp-proxy-directus.php on line 681
[08-Mar-2026 08:00:08 UTC] PHP Parse error:  Unmatched '}' in /var/www/html/wp-content/mu-plugins/vp-proxy-directus.php on line 681
[08-Mar-2026 08:01:39 UTC] PHP Parse error:  Unmatched '}' in /var/www/html/wp-content/mu-plugins/vp-proxy-directus.php on line 681
[08-Mar-2026 08:01:40 UTC] PHP Parse error:  Unmatched '}' in /var/www/html/wp-content/mu-plugins/vp-proxy-directus.php on line 681
[08-Mar-2026 08:01:41 UTC] PHP Parse error:  Unmatched '}' in /var/www/html/wp-content/mu-plugins/vp-proxy-directus.php on line 681
[08-Mar-2026 08:02:11 UTC] PHP Parse error:  Unmatched '}' in /var/www/html/wp-content/mu-plugins/vp-proxy-directus.php on line 681
[08-Mar-2026 08:02:13 UTC] PHP Parse error:  Unmatched '}' in /var/www/html/wp-content/mu-plugins/vp-proxy-directus.php on line 681
[08-Mar-2026 08:02:17 UTC] PHP Parse error:  Unmatched '}' in /var/www/html/wp-content/mu-plugins/vp-proxy-directus.php on line 681
[08-Mar-2026 08:02:18 UTC] PHP Parse error:  Unmatched '}' in /var/www/html/wp-content/mu-plugins/vp-proxy-directus.php on line 681
[08-Mar-2026 08:03:00 UTC] PHP Parse error:  Unmatched '}' in /var/www/html/wp-content/mu-plugins/vp-proxy-directus.php on line 681
[08-Mar-2026 08:03:00 UTC] PHP Parse error:  Unmatched '}' in /var/www/html/wp-content/mu-plugins/vp-proxy-directus.php on line 681
[08-Mar-2026 08:03:01 UTC] PHP Parse error:  Unmatched '}' in /var/www/html/wp-content/mu-plugins/vp-proxy-directus.php on line 681
[08-Mar-2026 08:03:01 UTC] PHP Parse error:  Unmatched '}' in /var/www/html/wp-content/mu-plugins/vp-proxy-directus.php on line 681
[08-Mar-2026 08:03:02 UTC] PHP Parse error:  Unmatched '}' in /var/www/html/wp-content/mu-plugins/vp-proxy-directus.php on line 681
[08-Mar-2026 08:03:06 UTC] PHP Parse error:  Unmatched '}' in /var/www/html/wp-content/mu-plugins/vp-proxy-directus.php on line 681
[08-Mar-2026 08:03:08 UTC] PHP Parse error:  Unmatched '}' in /var/www/html/wp-content/mu-plugins/vp-proxy-directus.php on line 681
[08-Mar-2026 08:03:08 UTC] PHP Parse error:  Unmatched '}' in /var/www/html/wp-content/mu-plugins/vp-proxy-directus.php on line 681
[08-Mar-2026 08:03:15 UTC] PHP Parse error:  Unmatched '}' in /var/www/html/wp-content/mu-plugins/vp-proxy-directus.php on line 681
[08-Mar-2026 08:03:18 UTC] PHP Parse error:  Unmatched '}' in /var/www/html/wp-content/mu-plugins/vp-proxy-directus.php on line 681
[08-Mar-2026 08:03:19 UTC] PHP Parse error:  Unmatched '}' in /var/www/html/wp-content/mu-plugins/vp-proxy-directus.php on line 681
[08-Mar-2026 08:03:20 UTC] PHP Parse error:  Unmatched '}' in /var/www/html/wp-content/mu-plugins/vp-proxy-directus.php on line 681
[08-Mar-2026 08:03:21 UTC] PHP Parse error:  Unmatched '}' in /var/www/html/wp-content/mu-plugins/vp-proxy-directus.php on line 681
[08-Mar-2026 08:03:22 UTC] PHP Parse error:  Unmatched '}' in /var/www/html/wp-content/mu-plugins/vp-proxy-directus.php on line 681
[08-Mar-2026 08:03:23 UTC] PHP Parse error:  Unmatched '}' in /var/www/html/wp-content/mu-plugins/vp-proxy-directus.php on line 681
[08-Mar-2026 08:03:24 UTC] PHP Parse error:  Unmatched '}' in /var/www/html/wp-content/mu-plugins/vp-proxy-directus.php on line 681
[08-Mar-2026 08:03:25 UTC] PHP Parse error:  Unmatched '}' in /var/www/html/wp-content/mu-plugins/vp-proxy-directus.php on line 681
[08-Mar-2026 08:03:26 UTC] PHP Parse error:  Unmatched '}' in /var/www/html/wp-content/mu-plugins/vp-proxy-directus.php on line 681
[08-Mar-2026 08:03:31 UTC] PHP Parse error:  Unmatched '}' in /var/www/html/wp-content/mu-plugins/vp-proxy-directus.php on line 681
[08-Mar-2026 08:03:33 UTC] PHP Parse error:  Unmatched '}' in /var/www/html/wp-content/mu-plugins/vp-proxy-directus.php on line 681
[08-Mar-2026 08:03:34 UTC] PHP Parse error:  Unmatched '}' in /var/www/html/wp-content/mu-plugins/vp-proxy-directus.php on line 681
[08-Mar-2026 08:03:34 UTC] PHP Parse error:  Unmatched '}' in /var/www/html/wp-content/mu-plugins/vp-proxy-directus.php on line 681
[08-Mar-2026 08:03:35 UTC] PHP Parse error:  Unmatched '}' in /var/www/html/wp-content/mu-plugins/vp-proxy-directus.php on line 681
[08-Mar-2026 08:03:35 UTC] PHP Parse error:  Unmatched '}' in /var/www/html/wp-content/mu-plugins/vp-proxy-directus.php on line 681
[08-Mar-2026 08:03:36 UTC] PHP Parse error:  Unmatched '}' in /var/www/html/wp-content/mu-plugins/vp-proxy-directus.php on line 681
[08-Mar-2026 08:03:36 UTC] PHP Parse error:  Unmatched '}' in /var/www/html/wp-content/mu-plugins/vp-proxy-directus.php on line 681
[08-Mar-2026 08:03:38 UTC] PHP Parse error:  Unmatched '}' in /var/www/html/wp-content/mu-plugins/vp-proxy-directus.php on line 681
[08-Mar-2026 08:03:39 UTC] PHP Parse error:  Unmatched '}' in /var/www/html/wp-content/mu-plugins/vp-proxy-directus.php on line 681
[08-Mar-2026 08:03:41 UTC] PHP Parse error:  Unmatched '}' in /var/www/html/wp-content/mu-plugins/vp-proxy-directus.php on line 681
[08-Mar-2026 08:03:44 UTC] PHP Parse error:  Unmatched '}' in /var/www/html/wp-content/mu-plugins/vp-proxy-directus.php on line 681
[08-Mar-2026 08:03:45 UTC] PHP Parse error:  Unmatched '}' in /var/www/html/wp-content/mu-plugins/vp-proxy-directus.php on line 681
[08-Mar-2026 08:03:48 UTC] PHP Parse error:  Unmatched '}' in /var/www/html/wp-content/mu-plugins/vp-proxy-directus.php on line 681
[08-Mar-2026 08:03:48 UTC] PHP Parse error:  Unmatched '}' in /var/www/html/wp-content/mu-plugins/vp-proxy-directus.php on line 681
[08-Mar-2026 08:03:49 UTC] PHP Parse error:  Unmatched '}' in /var/www/html/wp-content/mu-plugins/vp-proxy-directus.php on line 681
[08-Mar-2026 08:03:49 UTC] PHP Parse error:  Unmatched '}' in /var/www/html/wp-content/mu-plugins/vp-proxy-directus.php on line 681
[08-Mar-2026 08:03:53 UTC] PHP Parse error:  Unmatched '}' in /var/www/html/wp-content/mu-plugins/vp-proxy-directus.php on line 681
[08-Mar-2026 08:03:54 UTC] PHP Parse error:  Unmatched '}' in /var/www/html/wp-content/mu-plugins/vp-proxy-directus.php on line 681
[08-Mar-2026 08:04:02 UTC] PHP Parse error:  Unmatched '}' in /var/www/html/wp-content/mu-plugins/vp-proxy-directus.php on line 681
[08-Mar-2026 08:04:08 UTC] PHP Parse error:  Unmatched '}' in /var/www/html/wp-content/mu-plugins/vp-proxy-directus.php on line 681
[08-Mar-2026 08:04:09 UTC] PHP Parse error:  Unmatched '}' in /var/www/html/wp-content/mu-plugins/vp-proxy-directus.php on line 681
[08-Mar-2026 08:04:10 UTC] PHP Parse error:  Unmatched '}' in /var/www/html/wp-content/mu-plugins/vp-proxy-directus.php on line 681
[08-Mar-2026 08:04:11 UTC] PHP Parse error:  Unmatched '}' in /var/www/html/wp-content/mu-plugins/vp-proxy-directus.php on line 681
[08-Mar-2026 08:04:12 UTC] PHP Parse error:  Unmatched '}' in /var/www/html/wp-content/mu-plugins/vp-proxy-directus.php on line 681
[08-Mar-2026 08:04:13 UTC] PHP Parse error:  Unmatched '}' in /var/www/html/wp-content/mu-plugins/vp-proxy-directus.php on line 681
[08-Mar-2026 08:04:14 UTC] PHP Parse error:  Unmatched '}' in /var/www/html/wp-content/mu-plugins/vp-proxy-directus.php on line 681
[08-Mar-2026 08:04:15 UTC] PHP Parse error:  Unmatched '}' in /var/www/html/wp-content/mu-plugins/vp-proxy-directus.php on line 681
[08-Mar-2026 08:04:16 UTC] PHP Parse error:  Unmatched '}' in /var/www/html/wp-content/mu-plugins/vp-proxy-directus.php on line 681
[08-Mar-2026 08:04:16 UTC] PHP Parse error:  Unmatched '}' in /var/www/html/wp-content/mu-plugins/vp-proxy-directus.php on line 681
[08-Mar-2026 08:04:17 UTC] PHP Parse error:  Unmatched '}' in /var/www/html/wp-content/mu-plugins/vp-proxy-directus.php on line 681
[08-Mar-2026 08:04:18 UTC] PHP Parse error:  Unmatched '}' in /var/www/html/wp-content/mu-plugins/vp-proxy-directus.php on line 681
[08-Mar-2026 08:04:19 UTC] PHP Parse error:  Unmatched '}' in /var/www/html/wp-content/mu-plugins/vp-proxy-directus.php on line 681
[08-Mar-2026 08:04:27 UTC] PHP Parse error:  Unmatched '}' in /var/www/html/wp-content/mu-plugins/vp-proxy-directus.php on line 681
[08-Mar-2026 08:04:27 UTC] PHP Parse error:  Unmatched '}' in /var/www/html/wp-content/mu-plugins/vp-proxy-directus.php on line 681
[08-Mar-2026 08:04:28 UTC] PHP Parse error:  Unmatched '}' in /var/www/html/wp-content/mu-plugins/vp-proxy-directus.php on line 681
[08-Mar-2026 08:05:10 UTC] PHP Parse error:  Unmatched '}' in /var/www/html/wp-content/mu-plugins/vp-proxy-directus.php on line 681
[08-Mar-2026 08:05:11 UTC] PHP Parse error:  Unmatched '}' in /var/www/html/wp-content/mu-plugins/vp-proxy-directus.php on line 681
[08-Mar-2026 08:05:12 UTC] PHP Parse error:  Unmatched '}' in /var/www/html/wp-content/mu-plugins/vp-proxy-directus.php on line 681
[08-Mar-2026 08:05:13 UTC] PHP Parse error:  Unmatched '}' in /var/www/html/wp-content/mu-plugins/vp-proxy-directus.php on line 681
[08-Mar-2026 08:05:17 UTC] PHP Parse error:  Unmatched '}' in /var/www/html/wp-content/mu-plugins/vp-proxy-directus.php on line 681
[08-Mar-2026 08:05:20 UTC] PHP Parse error:  Unmatched '}' in /var/www/html/wp-content/mu-plugins/vp-proxy-directus.php on line 681
[08-Mar-2026 08:05:22 UTC] PHP Parse error:  Unmatched '}' in /var/www/html/wp-content/mu-plugins/vp-proxy-directus.php on line 681
[08-Mar-2026 08:05:23 UTC] PHP Parse error:  Unmatched '}' in /var/www/html/wp-content/mu-plugins/vp-proxy-directus.php on line 681
[08-Mar-2026 08:05:24 UTC] PHP Parse error:  Unmatched '}' in /var/www/html/wp-content/mu-plugins/vp-proxy-directus.php on line 681
[08-Mar-2026 08:05:27 UTC] PHP Parse error:  Unmatched '}' in /var/www/html/wp-content/mu-plugins/vp-proxy-directus.php on line 681
[08-Mar-2026 08:05:28 UTC] PHP Parse error:  Unmatched '}' in /var/www/html/wp-content/mu-plugins/vp-proxy-directus.php on line 681
[08-Mar-2026 08:05:30 UTC] PHP Parse error:  Unmatched '}' in /var/www/html/wp-content/mu-plugins/vp-proxy-directus.php on line 681
[08-Mar-2026 08:05:31 UTC] PHP Parse error:  Unmatched '}' in /var/www/html/wp-content/mu-plugins/vp-proxy-directus.php on line 681
[08-Mar-2026 08:05:32 UTC] PHP Parse error:  Unmatched '}' in /var/www/html/wp-content/mu-plugins/vp-proxy-directus.php on line 681
[08-Mar-2026 08:05:32 UTC] PHP Parse error:  Unmatched '}' in /var/www/html/wp-content/mu-plugins/vp-proxy-directus.php on line 681
[08-Mar-2026 08:05:33 UTC] PHP Parse error:  Unmatched '}' in /var/www/html/wp-content/mu-plugins/vp-proxy-directus.php on line 681
[08-Mar-2026 08:05:34 UTC] PHP Parse error:  Unmatched '}' in /var/www/html/wp-content/mu-plugins/vp-proxy-directus.php on line 681
[08-Mar-2026 08:05:35 UTC] PHP Parse error:  Unmatched '}' in /var/www/html/wp-content/mu-plugins/vp-proxy-directus.php on line 681
[08-Mar-2026 08:05:36 UTC] PHP Parse error:  Unmatched '}' in /var/www/html/wp-content/mu-plugins/vp-proxy-directus.php on line 681
[08-Mar-2026 08:05:37 UTC] PHP Parse error:  Unmatched '}' in /var/www/html/wp-content/mu-plugins/vp-proxy-directus.php on line 681
[08-Mar-2026 08:05:39 UTC] PHP Parse error:  Unmatched '}' in /var/www/html/wp-content/mu-plugins/vp-proxy-directus.php on line 681
[08-Mar-2026 08:05:42 UTC] PHP Parse error:  Unmatched '}' in /var/www/html/wp-content/mu-plugins/vp-proxy-directus.php on line 681
[08-Mar-2026 08:05:44 UTC] PHP Parse error:  Unmatched '}' in /var/www/html/wp-content/mu-plugins/vp-proxy-directus.php on line 681
[08-Mar-2026 08:05:44 UTC] PHP Parse error:  Unmatched '}' in /var/www/html/wp-content/mu-plugins/vp-proxy-directus.php on line 681
[08-Mar-2026 08:05:58 UTC] PHP Parse error:  Unmatched '}' in /var/www/html/wp-content/mu-plugins/vp-proxy-directus.php on line 681
[08-Mar-2026 08:06:01 UTC] PHP Parse error:  Unmatched '}' in /var/www/html/wp-content/mu-plugins/vp-proxy-directus.php on line 681
[08-Mar-2026 08:06:02 UTC] PHP Parse error:  Unmatched '}' in /var/www/html/wp-content/mu-plugins/vp-proxy-directus.php on line 681
[08-Mar-2026 08:06:03 UTC] PHP Parse error:  Unmatched '}' in /var/www/html/wp-content/mu-plugins/vp-proxy-directus.php on line 681
[08-Mar-2026 08:06:05 UTC] PHP Parse error:  Unmatched '}' in /var/www/html/wp-content/mu-plugins/vp-proxy-directus.php on line 681
[08-Mar-2026 08:06:06 UTC] PHP Parse error:  Unmatched '}' in /var/www/html/wp-content/mu-plugins/vp-proxy-directus.php on line 681
[08-Mar-2026 08:06:07 UTC] PHP Parse error:  Unmatched '}' in /var/www/html/wp-content/mu-plugins/vp-proxy-directus.php on line 681
[08-Mar-2026 08:06:07 UTC] PHP Parse error:  Unmatched '}' in /var/www/html/wp-content/mu-plugins/vp-proxy-directus.php on line 681
[08-Mar-2026 08:06:09 UTC] PHP Parse error:  Unmatched '}' in /var/www/html/wp-content/mu-plugins/vp-proxy-directus.php on line 681
[08-Mar-2026 08:06:10 UTC] PHP Parse error:  Unmatched '}' in /var/www/html/wp-content/mu-plugins/vp-proxy-directus.php on line 681
[08-Mar-2026 08:06:11 UTC] PHP Parse error:  Unmatched '}' in /var/www/html/wp-content/mu-plugins/vp-proxy-directus.php on line 681
[08-Mar-2026 08:06:17 UTC] PHP Parse error:  Unmatched '}' in /var/www/html/wp-content/mu-plugins/vp-proxy-directus.php on line 681
[08-Mar-2026 08:06:18 UTC] PHP Parse error:  Unmatched '}' in /var/www/html/wp-content/mu-plugins/vp-proxy-directus.php on line 681
[08-Mar-2026 08:06:19 UTC] PHP Parse error:  Unmatched '}' in /var/www/html/wp-content/mu-plugins/vp-proxy-directus.php on line 681
[08-Mar-2026 08:06:20 UTC] PHP Parse error:  Unmatched '}' in /var/www/html/wp-content/mu-plugins/vp-proxy-directus.php on line 681
[08-Mar-2026 08:06:21 UTC] PHP Parse error:  Unmatched '}' in /var/www/html/wp-content/mu-plugins/vp-proxy-directus.php on line 681
[08-Mar-2026 08:06:21 UTC] PHP Parse error:  Unmatched '}' in /var/www/html/wp-content/mu-plugins/vp-proxy-directus.php on line 681
[08-Mar-2026 08:06:24 UTC] PHP Parse error:  Unmatched '}' in /var/www/html/wp-content/mu-plugins/vp-proxy-directus.php on line 681
[08-Mar-2026 08:06:25 UTC] PHP Parse error:  Unmatched '}' in /var/www/html/wp-content/mu-plugins/vp-proxy-directus.php on line 681
[08-Mar-2026 08:06:26 UTC] PHP Parse error:  Unmatched '}' in /var/www/html/wp-content/mu-plugins/vp-proxy-directus.php on line 681
[08-Mar-2026 08:06:30 UTC] PHP Parse error:  Unmatched '}' in /var/www/html/wp-content/mu-plugins/vp-proxy-directus.php on line 681
[08-Mar-2026 08:06:30 UTC] PHP Parse error:  Unmatched '}' in /var/www/html/wp-content/mu-plugins/vp-proxy-directus.php on line 681
[08-Mar-2026 08:06:31 UTC] PHP Parse error:  Unmatched '}' in /var/www/html/wp-content/mu-plugins/vp-proxy-directus.php on line 681
[08-Mar-2026 08:06:32 UTC] PHP Parse error:  Unmatched '}' in /var/www/html/wp-content/mu-plugins/vp-proxy-directus.php on line 681
[08-Mar-2026 08:06:38 UTC] PHP Parse error:  Unmatched '}' in /var/www/html/wp-content/mu-plugins/vp-proxy-directus.php on line 681
[08-Mar-2026 08:06:42 UTC] PHP Parse error:  Unmatched '}' in /var/www/html/wp-content/mu-plugins/vp-proxy-directus.php on line 681
[08-Mar-2026 08:06:42 UTC] PHP Parse error:  Unmatched '}' in /var/www/html/wp-content/mu-plugins/vp-proxy-directus.php on line 681
[08-Mar-2026 08:06:43 UTC] PHP Parse error:  Unmatched '}' in /var/www/html/wp-content/mu-plugins/vp-proxy-directus.php on line 681
[08-Mar-2026 08:06:44 UTC] PHP Parse error:  Unmatched '}' in /var/www/html/wp-content/mu-plugins/vp-proxy-directus.php on line 681
[08-Mar-2026 08:06:45 UTC] PHP Parse error:  Unmatched '}' in /var/www/html/wp-content/mu-plugins/vp-proxy-directus.php on line 681
[08-Mar-2026 08:06:46 UTC] PHP Parse error:  Unmatched '}' in /var/www/html/wp-content/mu-plugins/vp-proxy-directus.php on line 681
[08-Mar-2026 08:06:46 UTC] PHP Parse error:  Unmatched '}' in /var/www/html/wp-content/mu-plugins/vp-proxy-directus.php on line 681
[08-Mar-2026 08:06:48 UTC] PHP Parse error:  Unmatched '}' in /var/www/html/wp-content/mu-plugins/vp-proxy-directus.php on line 681
[08-Mar-2026 08:06:49 UTC] PHP Parse error:  Unmatched '}' in /var/www/html/wp-content/mu-plugins/vp-proxy-directus.php on line 681
[08-Mar-2026 08:06:50 UTC] PHP Parse error:  Unmatched '}' in /var/www/html/wp-content/mu-plugins/vp-proxy-directus.php on line 681
[08-Mar-2026 08:06:51 UTC] PHP Parse error:  Unmatched '}' in /var/www/html/wp-content/mu-plugins/vp-proxy-directus.php on line 681
[08-Mar-2026 08:06:52 UTC] PHP Parse error:  Unmatched '}' in /var/www/html/wp-content/mu-plugins/vp-proxy-directus.php on line 681
[08-Mar-2026 08:06:53 UTC] PHP Parse error:  Unmatched '}' in /var/www/html/wp-content/mu-plugins/vp-proxy-directus.php on line 681
[08-Mar-2026 08:06:54 UTC] PHP Parse error:  Unmatched '}' in /var/www/html/wp-content/mu-plugins/vp-proxy-directus.php on line 681
[08-Mar-2026 08:06:55 UTC] PHP Parse error:  Unmatched '}' in /var/www/html/wp-content/mu-plugins/vp-proxy-directus.php on line 681
[08-Mar-2026 08:06:56 UTC] PHP Parse error:  Unmatched '}' in /var/www/html/wp-content/mu-plugins/vp-proxy-directus.php on line 681
[08-Mar-2026 08:07:05 UTC] PHP Parse error:  Unmatched '}' in /var/www/html/wp-content/mu-plugins/vp-proxy-directus.php on line 681
[08-Mar-2026 08:07:08 UTC] PHP Parse error:  Unmatched '}' in /var/www/html/wp-content/mu-plugins/vp-proxy-directus.php on line 681
[08-Mar-2026 08:07:39 UTC] PHP Parse error:  Unmatched '}' in /var/www/html/wp-content/mu-plugins/vp-proxy-directus.php on line 681
[08-Mar-2026 08:07:40 UTC] PHP Parse error:  Unmatched '}' in /var/www/html/wp-content/mu-plugins/vp-proxy-directus.php on line 681
[08-Mar-2026 08:07:42 UTC] PHP Parse error:  Unmatched '}' in /var/www/html/wp-content/mu-plugins/vp-proxy-directus.php on line 681
[08-Mar-2026 08:07:42 UTC] PHP Parse error:  Unmatched '}' in /var/www/html/wp-content/mu-plugins/vp-proxy-directus.php on line 681
[08-Mar-2026 08:07:43 UTC] PHP Parse error:  Unmatched '}' in /var/www/html/wp-content/mu-plugins/vp-proxy-directus.php on line 681
[08-Mar-2026 08:07:44 UTC] PHP Parse error:  Unmatched '}' in /var/www/html/wp-content/mu-plugins/vp-proxy-directus.php on line 681
[08-Mar-2026 08:07:44 UTC] PHP Parse error:  Unmatched '}' in /var/www/html/wp-content/mu-plugins/vp-proxy-directus.php on line 681
[08-Mar-2026 08:07:45 UTC] PHP Parse error:  Unmatched '}' in /var/www/html/wp-content/mu-plugins/vp-proxy-directus.php on line 681
[08-Mar-2026 08:07:46 UTC] PHP Parse error:  Unmatched '}' in /var/www/html/wp-content/mu-plugins/vp-proxy-directus.php on line 681
[08-Mar-2026 08:07:47 UTC] PHP Parse error:  Unmatched '}' in /var/www/html/wp-content/mu-plugins/vp-proxy-directus.php on line 681
[08-Mar-2026 08:07:48 UTC] PHP Parse error:  Unmatched '}' in /var/www/html/wp-content/mu-plugins/vp-proxy-directus.php on line 681
[08-Mar-2026 08:07:49 UTC] PHP Parse error:  Unmatched '}' in /var/www/html/wp-content/mu-plugins/vp-proxy-directus.php on line 681
[08-Mar-2026 08:07:49 UTC] PHP Parse error:  Unmatched '}' in /var/www/html/wp-content/mu-plugins/vp-proxy-directus.php on line 681
[08-Mar-2026 08:07:52 UTC] PHP Parse error:  Unmatched '}' in /var/www/html/wp-content/mu-plugins/vp-proxy-directus.php on line 681
[08-Mar-2026 08:07:55 UTC] PHP Parse error:  Unmatched '}' in /var/www/html/wp-content/mu-plugins/vp-proxy-directus.php on line 681
[08-Mar-2026 08:07:56 UTC] PHP Parse error:  Unmatched '}' in /var/www/html/wp-content/mu-plugins/vp-proxy-directus.php on line 681
[08-Mar-2026 08:07:57 UTC] PHP Parse error:  Unmatched '}' in /var/www/html/wp-content/mu-plugins/vp-proxy-directus.php on line 681
[08-Mar-2026 08:07:58 UTC] PHP Parse error:  Unmatched '}' in /var/www/html/wp-content/mu-plugins/vp-proxy-directus.php on line 681
[08-Mar-2026 08:07:59 UTC] PHP Parse error:  Unmatched '}' in /var/www/html/wp-content/mu-plugins/vp-proxy-directus.php on line 681
[08-Mar-2026 08:08:01 UTC] PHP Parse error:  Unmatched '}' in /var/www/html/wp-content/mu-plugins/vp-proxy-directus.php on line 681
[08-Mar-2026 08:08:02 UTC] PHP Parse error:  Unmatched '}' in /var/www/html/wp-content/mu-plugins/vp-proxy-directus.php on line 681
[08-Mar-2026 08:08:03 UTC] PHP Parse error:  Unmatched '}' in /var/www/html/wp-content/mu-plugins/vp-proxy-directus.php on line 681
[08-Mar-2026 08:08:05 UTC] PHP Parse error:  Unmatched '}' in /var/www/html/wp-content/mu-plugins/vp-proxy-directus.php on line 681
[08-Mar-2026 08:08:06 UTC] PHP Parse error:  Unmatched '}' in /var/www/html/wp-content/mu-plugins/vp-proxy-directus.php on line 681
[08-Mar-2026 08:08:06 UTC] PHP Parse error:  Unmatched '}' in /var/www/html/wp-content/mu-plugins/vp-proxy-directus.php on line 681
[08-Mar-2026 08:08:14 UTC] PHP Parse error:  Unmatched '}' in /var/www/html/wp-content/mu-plugins/vp-proxy-directus.php on line 681
[08-Mar-2026 08:08:19 UTC] PHP Parse error:  Unmatched '}' in /var/www/html/wp-content/mu-plugins/vp-proxy-directus.php on line 681
[08-Mar-2026 08:08:20 UTC] PHP Parse error:  Unmatched '}' in /var/www/html/wp-content/mu-plugins/vp-proxy-directus.php on line 681
[08-Mar-2026 08:08:20 UTC] PHP Parse error:  Unmatched '}' in /var/www/html/wp-content/mu-plugins/vp-proxy-directus.php on line 681
[08-Mar-2026 08:08:21 UTC] PHP Parse error:  Unmatched '}' in /var/www/html/wp-content/mu-plugins/vp-proxy-directus.php on line 681
[08-Mar-2026 08:08:22 UTC] PHP Parse error:  Unmatched '}' in /var/www/html/wp-content/mu-plugins/vp-proxy-directus.php on line 681
[08-Mar-2026 08:08:23 UTC] PHP Parse error:  Unmatched '}' in /var/www/html/wp-content/mu-plugins/vp-proxy-directus.php on line 681
[08-Mar-2026 08:08:24 UTC] PHP Parse error:  Unmatched '}' in /var/www/html/wp-content/mu-plugins/vp-proxy-directus.php on line 681
[08-Mar-2026 08:08:26 UTC] PHP Parse error:  Unmatched '}' in /var/www/html/wp-content/mu-plugins/vp-proxy-directus.php on line 681
[08-Mar-2026 08:08:27 UTC] PHP Parse error:  Unmatched '}' in /var/www/html/wp-content/mu-plugins/vp-proxy-directus.php on line 681
[08-Mar-2026 08:08:27 UTC] PHP Parse error:  Unmatched '}' in /var/www/html/wp-content/mu-plugins/vp-proxy-directus.php on line 681
[08-Mar-2026 08:08:29 UTC] PHP Parse error:  Unmatched '}' in /var/www/html/wp-content/mu-plugins/vp-proxy-directus.php on line 681
[08-Mar-2026 08:08:29 UTC] PHP Parse error:  Unmatched '}' in /var/www/html/wp-content/mu-plugins/vp-proxy-directus.php on line 681
[08-Mar-2026 08:08:30 UTC] PHP Parse error:  Unmatched '}' in /var/www/html/wp-content/mu-plugins/vp-proxy-directus.php on line 681
[08-Mar-2026 08:08:31 UTC] PHP Parse error:  Unmatched '}' in /var/www/html/wp-content/mu-plugins/vp-proxy-directus.php on line 681
[08-Mar-2026 08:08:32 UTC] PHP Parse error:  Unmatched '}' in /var/www/html/wp-content/mu-plugins/vp-proxy-directus.php on line 681
[08-Mar-2026 08:08:34 UTC] PHP Parse error:  Unmatched '}' in /var/www/html/wp-content/mu-plugins/vp-proxy-directus.php on line 681
[08-Mar-2026 08:08:34 UTC] PHP Parse error:  Unmatched '}' in /var/www/html/wp-content/mu-plugins/vp-proxy-directus.php on line 681
[08-Mar-2026 08:08:38 UTC] PHP Parse error:  Unmatched '}' in /var/www/html/wp-content/mu-plugins/vp-proxy-directus.php on line 681
[08-Mar-2026 08:08:39 UTC] PHP Parse error:  Unmatched '}' in /var/www/html/wp-content/mu-plugins/vp-proxy-directus.php on line 681
[08-Mar-2026 08:08:40 UTC] PHP Parse error:  Unmatched '}' in /var/www/html/wp-content/mu-plugins/vp-proxy-directus.php on line 681
[08-Mar-2026 08:08:41 UTC] PHP Parse error:  Unmatched '}' in /var/www/html/wp-content/mu-plugins/vp-proxy-directus.php on line 681
[08-Mar-2026 08:08:43 UTC] PHP Parse error:  Unmatched '}' in /var/www/html/wp-content/mu-plugins/vp-proxy-directus.php on line 681
[08-Mar-2026 08:08:43 UTC] PHP Parse error:  Unmatched '}' in /var/www/html/wp-content/mu-plugins/vp-proxy-directus.php on line 681
[08-Mar-2026 08:08:44 UTC] PHP Parse error:  Unmatched '}' in /var/www/html/wp-content/mu-plugins/vp-proxy-directus.php on line 681
[08-Mar-2026 08:08:46 UTC] PHP Parse error:  Unmatched '}' in /var/www/html/wp-content/mu-plugins/vp-proxy-directus.php on line 681
[08-Mar-2026 08:08:47 UTC] PHP Parse error:  Unmatched '}' in /var/www/html/wp-content/mu-plugins/vp-proxy-directus.php on line 681
[08-Mar-2026 08:08:48 UTC] PHP Parse error:  Unmatched '}' in /var/www/html/wp-content/mu-plugins/vp-proxy-directus.php on line 681
[08-Mar-2026 08:08:48 UTC] PHP Parse error:  Unmatched '}' in /var/www/html/wp-content/mu-plugins/vp-proxy-directus.php on line 681
[08-Mar-2026 08:08:49 UTC] PHP Parse error:  Unmatched '}' in /var/www/html/wp-content/mu-plugins/vp-proxy-directus.php on line 681
[08-Mar-2026 08:08:51 UTC] PHP Parse error:  Unmatched '}' in /var/www/html/wp-content/mu-plugins/vp-proxy-directus.php on line 681
[08-Mar-2026 08:08:52 UTC] PHP Parse error:  Unmatched '}' in /var/www/html/wp-content/mu-plugins/vp-proxy-directus.php on line 681
[08-Mar-2026 08:08:52 UTC] PHP Parse error:  Unmatched '}' in /var/www/html/wp-content/mu-plugins/vp-proxy-directus.php on line 681
[08-Mar-2026 08:08:53 UTC] PHP Parse error:  Unmatched '}' in /var/www/html/wp-content/mu-plugins/vp-proxy-directus.php on line 681
[08-Mar-2026 08:08:57 UTC] PHP Parse error:  Unmatched '}' in /var/www/html/wp-content/mu-plugins/vp-proxy-directus.php on line 681
[08-Mar-2026 08:08:58 UTC] PHP Parse error:  Unmatched '}' in /var/www/html/wp-content/mu-plugins/vp-proxy-directus.php on line 681
[08-Mar-2026 08:08:58 UTC] PHP Parse error:  Unmatched '}' in /var/www/html/wp-content/mu-plugins/vp-proxy-directus.php on line 681
[08-Mar-2026 08:08:59 UTC] PHP Parse error:  Unmatched '}' in /var/www/html/wp-content/mu-plugins/vp-proxy-directus.php on line 681
[08-Mar-2026 08:09:00 UTC] PHP Parse error:  Unmatched '}' in /var/www/html/wp-content/mu-plugins/vp-proxy-directus.php on line 681
[08-Mar-2026 08:09:01 UTC] PHP Parse error:  Unmatched '}' in /var/www/html/wp-content/mu-plugins/vp-proxy-directus.php on line 681
[08-Mar-2026 08:09:02 UTC] PHP Parse error:  Unmatched '}' in /var/www/html/wp-content/mu-plugins/vp-proxy-directus.php on line 681
[08-Mar-2026 08:09:03 UTC] PHP Parse error:  Unmatched '}' in /var/www/html/wp-content/mu-plugins/vp-proxy-directus.php on line 681
[08-Mar-2026 08:09:05 UTC] PHP Parse error:  Unmatched '}' in /var/www/html/wp-content/mu-plugins/vp-proxy-directus.php on line 681
[08-Mar-2026 08:09:05 UTC] PHP Parse error:  Unmatched '}' in /var/www/html/wp-content/mu-plugins/vp-proxy-directus.php on line 681
[08-Mar-2026 08:09:06 UTC] PHP Parse error:  Unmatched '}' in /var/www/html/wp-content/mu-plugins/vp-proxy-directus.php on line 681
[08-Mar-2026 08:09:06 UTC] PHP Parse error:  Unmatched '}' in /var/www/html/wp-content/mu-plugins/vp-proxy-directus.php on line 681
[08-Mar-2026 08:09:08 UTC] PHP Parse error:  Unmatched '}' in /var/www/html/wp-content/mu-plugins/vp-proxy-directus.php on line 681
[08-Mar-2026 08:09:09 UTC] PHP Parse error:  Unmatched '}' in /var/www/html/wp-content/mu-plugins/vp-proxy-directus.php on line 681
[08-Mar-2026 08:09:10 UTC] PHP Parse error:  Unmatched '}' in /var/www/html/wp-content/mu-plugins/vp-proxy-directus.php on line 681
[08-Mar-2026 08:09:11 UTC] PHP Parse error:  Unmatched '}' in /var/www/html/wp-content/mu-plugins/vp-proxy-directus.php on line 681
[08-Mar-2026 08:09:17 UTC] PHP Parse error:  Unmatched '}' in /var/www/html/wp-content/mu-plugins/vp-proxy-directus.php on line 681
[08-Mar-2026 08:09:20 UTC] PHP Parse error:  Unmatched '}' in /var/www/html/wp-content/mu-plugins/vp-proxy-directus.php on line 681
[08-Mar-2026 08:09:21 UTC] PHP Parse error:  Unmatched '}' in /var/www/html/wp-content/mu-plugins/vp-proxy-directus.php on line 681
[08-Mar-2026 08:09:21 UTC] PHP Parse error:  Unmatched '}' in /var/www/html/wp-content/mu-plugins/vp-proxy-directus.php on line 681
[08-Mar-2026 08:09:22 UTC] PHP Parse error:  Unmatched '}' in /var/www/html/wp-content/mu-plugins/vp-proxy-directus.php on line 681
[08-Mar-2026 08:09:23 UTC] PHP Parse error:  Unmatched '}' in /var/www/html/wp-content/mu-plugins/vp-proxy-directus.php on line 681
[08-Mar-2026 08:09:24 UTC] PHP Parse error:  Unmatched '}' in /var/www/html/wp-content/mu-plugins/vp-proxy-directus.php on line 681
[08-Mar-2026 08:09:26 UTC] PHP Parse error:  Unmatched '}' in /var/www/html/wp-content/mu-plugins/vp-proxy-directus.php on line 681
[08-Mar-2026 08:09:27 UTC] PHP Parse error:  Unmatched '}' in /var/www/html/wp-content/mu-plugins/vp-proxy-directus.php on line 681
[08-Mar-2026 08:09:28 UTC] PHP Parse error:  Unmatched '}' in /var/www/html/wp-content/mu-plugins/vp-proxy-directus.php on line 681
[08-Mar-2026 08:09:32 UTC] PHP Parse error:  Unmatched '}' in /var/www/html/wp-content/mu-plugins/vp-proxy-directus.php on line 681
[08-Mar-2026 08:09:32 UTC] PHP Parse error:  Unmatched '}' in /var/www/html/wp-content/mu-plugins/vp-proxy-directus.php on line 681
[08-Mar-2026 08:09:33 UTC] PHP Parse error:  Unmatched '}' in /var/www/html/wp-content/mu-plugins/vp-proxy-directus.php on line 681
[08-Mar-2026 08:09:34 UTC] PHP Parse error:  Unmatched '}' in /var/www/html/wp-content/mu-plugins/vp-proxy-directus.php on line 681
[08-Mar-2026 08:09:35 UTC] PHP Parse error:  Unmatched '}' in /var/www/html/wp-content/mu-plugins/vp-proxy-directus.php on line 681
[08-Mar-2026 08:09:36 UTC] PHP Parse error:  Unmatched '}' in /var/www/html/wp-content/mu-plugins/vp-proxy-directus.php on line 681
[08-Mar-2026 08:09:37 UTC] PHP Parse error:  Unmatched '}' in /var/www/html/wp-content/mu-plugins/vp-proxy-directus.php on line 681
[08-Mar-2026 08:09:38 UTC] PHP Parse error:  Unmatched '}' in /var/www/html/wp-content/mu-plugins/vp-proxy-directus.php on line 681
[08-Mar-2026 08:09:39 UTC] PHP Parse error:  Unmatched '}' in /var/www/html/wp-content/mu-plugins/vp-proxy-directus.php on line 681
[08-Mar-2026 08:09:39 UTC] PHP Parse error:  Unmatched '}' in /var/www/html/wp-content/mu-plugins/vp-proxy-directus.php on line 681
[08-Mar-2026 08:09:40 UTC] PHP Parse error:  Unmatched '}' in /var/www/html/wp-content/mu-plugins/vp-proxy-directus.php on line 681
[08-Mar-2026 08:09:41 UTC] PHP Parse error:  Unmatched '}' in /var/www/html/wp-content/mu-plugins/vp-proxy-directus.php on line 681
[08-Mar-2026 08:09:57 UTC] PHP Parse error:  Unmatched '}' in /var/www/html/wp-content/mu-plugins/vp-proxy-directus.php on line 681
[08-Mar-2026 08:10:02 UTC] PHP Parse error:  Unmatched '}' in /var/www/html/wp-content/mu-plugins/vp-proxy-directus.php on line 681
[08-Mar-2026 08:10:22 UTC] PHP Parse error:  Unmatched '}' in /var/www/html/wp-content/mu-plugins/vp-proxy-directus.php on line 681
[08-Mar-2026 08:10:24 UTC] PHP Parse error:  Unmatched '}' in /var/www/html/wp-content/mu-plugins/vp-proxy-directus.php on line 681
[08-Mar-2026 08:10:35 UTC] PHP Parse error:  Unmatched '}' in /var/www/html/wp-content/mu-plugins/vp-proxy-directus.php on line 681
[08-Mar-2026 08:10:35 UTC] PHP Parse error:  Unmatched '}' in /var/www/html/wp-content/mu-plugins/vp-proxy-directus.php on line 681
[08-Mar-2026 08:10:36 UTC] PHP Parse error:  Unmatched '}' in /var/www/html/wp-content/mu-plugins/vp-proxy-directus.php on line 681
[08-Mar-2026 08:10:38 UTC] PHP Parse error:  Unmatched '}' in /var/www/html/wp-content/mu-plugins/vp-proxy-directus.php on line 681
[08-Mar-2026 08:10:39 UTC] PHP Parse error:  Unmatched '}' in /var/www/html/wp-content/mu-plugins/vp-proxy-directus.php on line 681
[08-Mar-2026 08:10:40 UTC] PHP Parse error:  Unmatched '}' in /var/www/html/wp-content/mu-plugins/vp-proxy-directus.php on line 681
[08-Mar-2026 08:10:41 UTC] PHP Parse error:  Unmatched '}' in /var/www/html/wp-content/mu-plugins/vp-proxy-directus.php on line 681
[08-Mar-2026 08:10:41 UTC] PHP Parse error:  Unmatched '}' in /var/www/html/wp-content/mu-plugins/vp-proxy-directus.php on line 681
[08-Mar-2026 08:10:41 UTC] PHP Parse error:  Unmatched '}' in /var/www/html/wp-content/mu-plugins/vp-proxy-directus.php on line 681
[08-Mar-2026 08:10:42 UTC] PHP Parse error:  Unmatched '}' in /var/www/html/wp-content/mu-plugins/vp-proxy-directus.php on line 681
[08-Mar-2026 08:10:44 UTC] PHP Parse error:  Unmatched '}' in /var/www/html/wp-content/mu-plugins/vp-proxy-directus.php on line 681
[08-Mar-2026 08:10:45 UTC] PHP Parse error:  Unmatched '}' in /var/www/html/wp-content/mu-plugins/vp-proxy-directus.php on line 681
[08-Mar-2026 08:10:46 UTC] PHP Parse error:  Unmatched '}' in /var/www/html/wp-content/mu-plugins/vp-proxy-directus.php on line 681
[08-Mar-2026 08:10:47 UTC] PHP Parse error:  Unmatched '}' in /var/www/html/wp-content/mu-plugins/vp-proxy-directus.php on line 681
[08-Mar-2026 08:10:48 UTC] PHP Parse error:  Unmatched '}' in /var/www/html/wp-content/mu-plugins/vp-proxy-directus.php on line 681
[08-Mar-2026 08:10:49 UTC] PHP Parse error:  Unmatched '}' in /var/www/html/wp-content/mu-plugins/vp-proxy-directus.php on line 681
[08-Mar-2026 08:10:49 UTC] PHP Parse error:  Unmatched '}' in /var/www/html/wp-content/mu-plugins/vp-proxy-directus.php on line 681
[08-Mar-2026 08:10:51 UTC] PHP Parse error:  Unmatched '}' in /var/www/html/wp-content/mu-plugins/vp-proxy-directus.php on line 681
[08-Mar-2026 08:10:52 UTC] PHP Parse error:  Unmatched '}' in /var/www/html/wp-content/mu-plugins/vp-proxy-directus.php on line 681
[08-Mar-2026 08:10:54 UTC] PHP Parse error:  Unmatched '}' in /var/www/html/wp-content/mu-plugins/vp-proxy-directus.php on line 681
[08-Mar-2026 08:10:54 UTC] PHP Parse error:  Unmatched '}' in /var/www/html/wp-content/mu-plugins/vp-proxy-directus.php on line 681
[08-Mar-2026 08:10:55 UTC] PHP Parse error:  Unmatched '}' in /var/www/html/wp-content/mu-plugins/vp-proxy-directus.php on line 681
[08-Mar-2026 08:10:56 UTC] PHP Parse error:  Unmatched '}' in /var/www/html/wp-content/mu-plugins/vp-proxy-directus.php on line 681
[08-Mar-2026 08:10:57 UTC] PHP Parse error:  Unmatched '}' in /var/www/html/wp-content/mu-plugins/vp-proxy-directus.php on line 681
[08-Mar-2026 08:10:57 UTC] PHP Parse error:  Unmatched '}' in /var/www/html/wp-content/mu-plugins/vp-proxy-directus.php on line 681
[08-Mar-2026 08:10:58 UTC] PHP Parse error:  Unmatched '}' in /var/www/html/wp-content/mu-plugins/vp-proxy-directus.php on line 681
[08-Mar-2026 08:10:58 UTC] PHP Parse error:  Unmatched '}' in /var/www/html/wp-content/mu-plugins/vp-proxy-directus.php on line 681
[08-Mar-2026 08:10:59 UTC] PHP Parse error:  Unmatched '}' in /var/www/html/wp-content/mu-plugins/vp-proxy-directus.php on line 681
[08-Mar-2026 08:11:00 UTC] PHP Parse error:  Unmatched '}' in /var/www/html/wp-content/mu-plugins/vp-proxy-directus.php on line 681
[08-Mar-2026 08:11:01 UTC] PHP Parse error:  Unmatched '}' in /var/www/html/wp-content/mu-plugins/vp-proxy-directus.php on line 681
[08-Mar-2026 08:11:01 UTC] PHP Parse error:  Unmatched '}' in /var/www/html/wp-content/mu-plugins/vp-proxy-directus.php on line 681
[08-Mar-2026 08:11:02 UTC] PHP Parse error:  Unmatched '}' in /var/www/html/wp-content/mu-plugins/vp-proxy-directus.php on line 681
[08-Mar-2026 08:11:03 UTC] PHP Parse error:  Unmatched '}' in /var/www/html/wp-content/mu-plugins/vp-proxy-directus.php on line 681
[08-Mar-2026 08:11:05 UTC] PHP Parse error:  Unmatched '}' in /var/www/html/wp-content/mu-plugins/vp-proxy-directus.php on line 681
[08-Mar-2026 08:11:06 UTC] PHP Parse error:  Unmatched '}' in /var/www/html/wp-content/mu-plugins/vp-proxy-directus.php on line 681
[08-Mar-2026 08:11:06 UTC] PHP Parse error:  Unmatched '}' in /var/www/html/wp-content/mu-plugins/vp-proxy-directus.php on line 681
[08-Mar-2026 08:11:07 UTC] PHP Parse error:  Unmatched '}' in /var/www/html/wp-content/mu-plugins/vp-proxy-directus.php on line 681
[08-Mar-2026 08:11:15 UTC] PHP Parse error:  Unmatched '}' in /var/www/html/wp-content/mu-plugins/vp-proxy-directus.php on line 681
[08-Mar-2026 08:11:17 UTC] PHP Parse error:  Unmatched '}' in /var/www/html/wp-content/mu-plugins/vp-proxy-directus.php on line 681
[08-Mar-2026 08:11:18 UTC] PHP Parse error:  Unmatched '}' in /var/www/html/wp-content/mu-plugins/vp-proxy-directus.php on line 681
[08-Mar-2026 08:11:20 UTC] PHP Parse error:  Unmatched '}' in /var/www/html/wp-content/mu-plugins/vp-proxy-directus.php on line 681
[08-Mar-2026 08:11:20 UTC] PHP Parse error:  Unmatched '}' in /var/www/html/wp-content/mu-plugins/vp-proxy-directus.php on line 681
[08-Mar-2026 08:11:21 UTC] PHP Parse error:  Unmatched '}' in /var/www/html/wp-content/mu-plugins/vp-proxy-directus.php on line 681
[08-Mar-2026 08:11:22 UTC] PHP Parse error:  Unmatched '}' in /var/www/html/wp-content/mu-plugins/vp-proxy-directus.php on line 681
[08-Mar-2026 08:11:23 UTC] PHP Parse error:  Unmatched '}' in /var/www/html/wp-content/mu-plugins/vp-proxy-directus.php on line 681
[08-Mar-2026 08:11:24 UTC] PHP Parse error:  Unmatched '}' in /var/www/html/wp-content/mu-plugins/vp-proxy-directus.php on line 681
[08-Mar-2026 08:11:26 UTC] PHP Parse error:  Unmatched '}' in /var/www/html/wp-content/mu-plugins/vp-proxy-directus.php on line 681
[08-Mar-2026 08:11:27 UTC] PHP Parse error:  Unmatched '}' in /var/www/html/wp-content/mu-plugins/vp-proxy-directus.php on line 681
[08-Mar-2026 08:11:27 UTC] PHP Parse error:  Unmatched '}' in /var/www/html/wp-content/mu-plugins/vp-proxy-directus.php on line 681
[08-Mar-2026 08:11:28 UTC] PHP Parse error:  Unmatched '}' in /var/www/html/wp-content/mu-plugins/vp-proxy-directus.php on line 681
[08-Mar-2026 08:11:29 UTC] PHP Parse error:  Unmatched '}' in /var/www/html/wp-content/mu-plugins/vp-proxy-directus.php on line 681
[08-Mar-2026 08:11:30 UTC] PHP Parse error:  Unmatched '}' in /var/www/html/wp-content/mu-plugins/vp-proxy-directus.php on line 681
[08-Mar-2026 08:11:30 UTC] PHP Parse error:  Unmatched '}' in /var/www/html/wp-content/mu-plugins/vp-proxy-directus.php on line 681
[08-Mar-2026 08:11:31 UTC] PHP Parse error:  Unmatched '}' in /var/www/html/wp-content/mu-plugins/vp-proxy-directus.php on line 681
[08-Mar-2026 08:11:33 UTC] PHP Parse error:  Unmatched '}' in /var/www/html/wp-content/mu-plugins/vp-proxy-directus.php on line 681
[08-Mar-2026 08:11:34 UTC] PHP Parse error:  Unmatched '}' in /var/www/html/wp-content/mu-plugins/vp-proxy-directus.php on line 681
[08-Mar-2026 08:11:35 UTC] PHP Parse error:  Unmatched '}' in /var/www/html/wp-content/mu-plugins/vp-proxy-directus.php on line 681
[08-Mar-2026 08:11:36 UTC] PHP Parse error:  Unmatched '}' in /var/www/html/wp-content/mu-plugins/vp-proxy-directus.php on line 681
[08-Mar-2026 08:11:37 UTC] PHP Parse error:  Unmatched '}' in /var/www/html/wp-content/mu-plugins/vp-proxy-directus.php on line 681
[08-Mar-2026 08:11:38 UTC] PHP Parse error:  Unmatched '}' in /var/www/html/wp-content/mu-plugins/vp-proxy-directus.php on line 681
[08-Mar-2026 08:11:39 UTC] PHP Parse error:  Unmatched '}' in /var/www/html/wp-content/mu-plugins/vp-proxy-directus.php on line 681
[08-Mar-2026 08:11:40 UTC] PHP Parse error:  Unmatched '}' in /var/www/html/wp-content/mu-plugins/vp-proxy-directus.php on line 681
[08-Mar-2026 08:11:40 UTC] PHP Parse error:  Unmatched '}' in /var/www/html/wp-content/mu-plugins/vp-proxy-directus.php on line 681
[08-Mar-2026 08:11:41 UTC] PHP Parse error:  Unmatched '}' in /var/www/html/wp-content/mu-plugins/vp-proxy-directus.php on line 681
[08-Mar-2026 08:11:41 UTC] PHP Parse error:  Unmatched '}' in /var/www/html/wp-content/mu-plugins/vp-proxy-directus.php on line 681
[08-Mar-2026 08:11:42 UTC] PHP Parse error:  Unmatched '}' in /var/www/html/wp-content/mu-plugins/vp-proxy-directus.php on line 681
[08-Mar-2026 08:11:46 UTC] PHP Parse error:  Unmatched '}' in /var/www/html/wp-content/mu-plugins/vp-proxy-directus.php on line 681
[08-Mar-2026 08:11:46 UTC] PHP Parse error:  Unmatched '}' in /var/www/html/wp-content/mu-plugins/vp-proxy-directus.php on line 681
[08-Mar-2026 08:11:47 UTC] PHP Parse error:  Unmatched '}' in /var/www/html/wp-content/mu-plugins/vp-proxy-directus.php on line 681
[08-Mar-2026 08:11:47 UTC] PHP Parse error:  Unmatched '}' in /var/www/html/wp-content/mu-plugins/vp-proxy-directus.php on line 681
[08-Mar-2026 08:11:50 UTC] PHP Parse error:  Unmatched '}' in /var/www/html/wp-content/mu-plugins/vp-proxy-directus.php on line 681
[08-Mar-2026 08:11:51 UTC] PHP Parse error:  Unmatched '}' in /var/www/html/wp-content/mu-plugins/vp-proxy-directus.php on line 681
[08-Mar-2026 08:11:53 UTC] PHP Parse error:  Unmatched '}' in /var/www/html/wp-content/mu-plugins/vp-proxy-directus.php on line 681
[08-Mar-2026 08:11:54 UTC] PHP Parse error:  Unmatched '}' in /var/www/html/wp-content/mu-plugins/vp-proxy-directus.php on line 681
[08-Mar-2026 08:11:54 UTC] PHP Parse error:  Unmatched '}' in /var/www/html/wp-content/mu-plugins/vp-proxy-directus.php on line 681
[08-Mar-2026 08:11:55 UTC] PHP Parse error:  Unmatched '}' in /var/www/html/wp-content/mu-plugins/vp-proxy-directus.php on line 681
[08-Mar-2026 08:11:56 UTC] PHP Parse error:  Unmatched '}' in /var/www/html/wp-content/mu-plugins/vp-proxy-directus.php on line 681
[08-Mar-2026 08:11:56 UTC] PHP Parse error:  Unmatched '}' in /var/www/html/wp-content/mu-plugins/vp-proxy-directus.php on line 681
[08-Mar-2026 08:12:27 UTC] PHP Parse error:  Unmatched '}' in /var/www/html/wp-content/mu-plugins/vp-proxy-directus.php on line 681
[08-Mar-2026 08:12:29 UTC] PHP Parse error:  Unmatched '}' in /var/www/html/wp-content/mu-plugins/vp-proxy-directus.php on line 681
[08-Mar-2026 08:12:29 UTC] PHP Parse error:  Unmatched '}' in /var/www/html/wp-content/mu-plugins/vp-proxy-directus.php on line 681
[08-Mar-2026 08:13:00 UTC] PHP Parse error:  Unmatched '}' in /var/www/html/wp-content/mu-plugins/vp-proxy-directus.php on line 681
[08-Mar-2026 08:13:01 UTC] PHP Parse error:  Unmatched '}' in /var/www/html/wp-content/mu-plugins/vp-proxy-directus.php on line 681
[08-Mar-2026 08:13:03 UTC] PHP Parse error:  Unmatched '}' in /var/www/html/wp-content/mu-plugins/vp-proxy-directus.php on line 681
[08-Mar-2026 08:13:04 UTC] PHP Parse error:  Unmatched '}' in /var/www/html/wp-content/mu-plugins/vp-proxy-directus.php on line 681
[08-Mar-2026 08:13:35 UTC] PHP Parse error:  Unmatched '}' in /var/www/html/wp-content/mu-plugins/vp-proxy-directus.php on line 681
[08-Mar-2026 08:13:36 UTC] PHP Parse error:  Unmatched '}' in /var/www/html/wp-content/mu-plugins/vp-proxy-directus.php on line 681
[08-Mar-2026 08:13:37 UTC] PHP Parse error:  Unmatched '}' in /var/www/html/wp-content/mu-plugins/vp-proxy-directus.php on line 681
[08-Mar-2026 08:14:08 UTC] PHP Parse error:  Unmatched '}' in /var/www/html/wp-content/mu-plugins/vp-proxy-directus.php on line 681
[08-Mar-2026 08:14:38 UTC] PHP Parse error:  Unmatched '}' in /var/www/html/wp-content/mu-plugins/vp-proxy-directus.php on line 681
[08-Mar-2026 08:14:39 UTC] PHP Parse error:  Unmatched '}' in /var/www/html/wp-content/mu-plugins/vp-proxy-directus.php on line 681
[08-Mar-2026 08:15:09 UTC] PHP Parse error:  Unmatched '}' in /var/www/html/wp-content/mu-plugins/vp-proxy-directus.php on line 681
[08-Mar-2026 08:15:10 UTC] PHP Parse error:  Unmatched '}' in /var/www/html/wp-content/mu-plugins/vp-proxy-directus.php on line 681
[08-Mar-2026 08:15:12 UTC] PHP Parse error:  Unmatched '}' in /var/www/html/wp-content/mu-plugins/vp-proxy-directus.php on line 681
[08-Mar-2026 08:15:12 UTC] PHP Parse error:  Unmatched '}' in /var/www/html/wp-content/mu-plugins/vp-proxy-directus.php on line 681
[08-Mar-2026 08:15:23 UTC] PHP Parse error:  Unmatched '}' in /var/www/html/wp-content/mu-plugins/vp-proxy-directus.php on line 681
[08-Mar-2026 08:15:24 UTC] PHP Parse error:  Unmatched '}' in /var/www/html/wp-content/mu-plugins/vp-proxy-directus.php on line 681
[08-Mar-2026 08:15:24 UTC] PHP Parse error:  Unmatched '}' in /var/www/html/wp-content/mu-plugins/vp-proxy-directus.php on line 681
[08-Mar-2026 08:15:25 UTC] PHP Parse error:  Unmatched '}' in /var/www/html/wp-content/mu-plugins/vp-proxy-directus.php on line 681
[08-Mar-2026 08:15:26 UTC] PHP Parse error:  Unmatched '}' in /var/www/html/wp-content/mu-plugins/vp-proxy-directus.php on line 681
[08-Mar-2026 08:15:27 UTC] PHP Parse error:  Unmatched '}' in /var/www/html/wp-content/mu-plugins/vp-proxy-directus.php on line 681
[08-Mar-2026 08:15:29 UTC] PHP Parse error:  Unmatched '}' in /var/www/html/wp-content/mu-plugins/vp-proxy-directus.php on line 681
[08-Mar-2026 08:15:30 UTC] PHP Parse error:  Unmatched '}' in /var/www/html/wp-content/mu-plugins/vp-proxy-directus.php on line 681
[08-Mar-2026 08:15:30 UTC] PHP Parse error:  Unmatched '}' in /var/www/html/wp-content/mu-plugins/vp-proxy-directus.php on line 681
[08-Mar-2026 08:15:31 UTC] PHP Parse error:  Unmatched '}' in /var/www/html/wp-content/mu-plugins/vp-proxy-directus.php on line 681
[08-Mar-2026 08:15:32 UTC] PHP Parse error:  Unmatched '}' in /var/www/html/wp-content/mu-plugins/vp-proxy-directus.php on line 681
[08-Mar-2026 08:15:32 UTC] PHP Parse error:  Unmatched '}' in /var/www/html/wp-content/mu-plugins/vp-proxy-directus.php on line 681
[08-Mar-2026 08:15:34 UTC] PHP Parse error:  Unmatched '}' in /var/www/html/wp-content/mu-plugins/vp-proxy-directus.php on line 681
[08-Mar-2026 08:15:34 UTC] PHP Parse error:  Unmatched '}' in /var/www/html/wp-content/mu-plugins/vp-proxy-directus.php on line 681
[08-Mar-2026 08:15:35 UTC] PHP Parse error:  Unmatched '}' in /var/www/html/wp-content/mu-plugins/vp-proxy-directus.php on line 681
[08-Mar-2026 08:15:36 UTC] PHP Parse error:  Unmatched '}' in /var/www/html/wp-content/mu-plugins/vp-proxy-directus.php on line 681
[08-Mar-2026 08:15:37 UTC] PHP Parse error:  Unmatched '}' in /var/www/html/wp-content/mu-plugins/vp-proxy-directus.php on line 681
[08-Mar-2026 08:15:39 UTC] PHP Parse error:  Unmatched '}' in /var/www/html/wp-content/mu-plugins/vp-proxy-directus.php on line 681
[08-Mar-2026 08:15:40 UTC] PHP Parse error:  Unmatched '}' in /var/www/html/wp-content/mu-plugins/vp-proxy-directus.php on line 681
[08-Mar-2026 08:15:41 UTC] PHP Parse error:  Unmatched '}' in /var/www/html/wp-content/mu-plugins/vp-proxy-directus.php on line 681
[08-Mar-2026 08:15:43 UTC] PHP Parse error:  Unmatched '}' in /var/www/html/wp-content/mu-plugins/vp-proxy-directus.php on line 681
[08-Mar-2026 08:15:44 UTC] PHP Parse error:  Unmatched '}' in /var/www/html/wp-content/mu-plugins/vp-proxy-directus.php on line 681
[08-Mar-2026 08:15:45 UTC] PHP Parse error:  Unmatched '}' in /var/www/html/wp-content/mu-plugins/vp-proxy-directus.php on line 681
[08-Mar-2026 08:15:45 UTC] PHP Parse error:  Unmatched '}' in /var/www/html/wp-content/mu-plugins/vp-proxy-directus.php on line 681
[08-Mar-2026 08:15:47 UTC] PHP Parse error:  Unmatched '}' in /var/www/html/wp-content/mu-plugins/vp-proxy-directus.php on line 681
[08-Mar-2026 08:15:47 UTC] PHP Parse error:  Unmatched '}' in /var/www/html/wp-content/mu-plugins/vp-proxy-directus.php on line 681
[08-Mar-2026 08:15:48 UTC] PHP Parse error:  Unmatched '}' in /var/www/html/wp-content/mu-plugins/vp-proxy-directus.php on line 681
[08-Mar-2026 08:15:49 UTC] PHP Parse error:  Unmatched '}' in /var/www/html/wp-content/mu-plugins/vp-proxy-directus.php on line 681
[08-Mar-2026 08:15:50 UTC] PHP Parse error:  Unmatched '}' in /var/www/html/wp-content/mu-plugins/vp-proxy-directus.php on line 681
[08-Mar-2026 08:15:51 UTC] PHP Parse error:  Unmatched '}' in /var/www/html/wp-content/mu-plugins/vp-proxy-directus.php on line 681
[08-Mar-2026 08:15:56 UTC] PHP Parse error:  Unmatched '}' in /var/www/html/wp-content/mu-plugins/vp-proxy-directus.php on line 681
[08-Mar-2026 08:16:00 UTC] PHP Parse error:  Unmatched '}' in /var/www/html/wp-content/mu-plugins/vp-proxy-directus.php on line 681
[08-Mar-2026 08:16:01 UTC] PHP Parse error:  Unmatched '}' in /var/www/html/wp-content/mu-plugins/vp-proxy-directus.php on line 681
[08-Mar-2026 08:16:02 UTC] PHP Parse error:  Unmatched '}' in /var/www/html/wp-content/mu-plugins/vp-proxy-directus.php on line 681
[08-Mar-2026 08:16:02 UTC] PHP Parse error:  Unmatched '}' in /var/www/html/wp-content/mu-plugins/vp-proxy-directus.php on line 681
[08-Mar-2026 08:16:03 UTC] PHP Parse error:  Unmatched '}' in /var/www/html/wp-content/mu-plugins/vp-proxy-directus.php on line 681
[08-Mar-2026 08:16:35 UTC] PHP Parse error:  Unmatched '}' in /var/www/html/wp-content/mu-plugins/vp-proxy-directus.php on line 681
[08-Mar-2026 08:16:37 UTC] PHP Parse error:  Unmatched '}' in /var/www/html/wp-content/mu-plugins/vp-proxy-directus.php on line 681
[08-Mar-2026 08:16:38 UTC] PHP Parse error:  Unmatched '}' in /var/www/html/wp-content/mu-plugins/vp-proxy-directus.php on line 681
[08-Mar-2026 08:16:39 UTC] PHP Parse error:  Unmatched '}' in /var/www/html/wp-content/mu-plugins/vp-proxy-directus.php on line 681
[08-Mar-2026 08:16:40 UTC] PHP Parse error:  Unmatched '}' in /var/www/html/wp-content/mu-plugins/vp-proxy-directus.php on line 681
[08-Mar-2026 08:16:41 UTC] PHP Parse error:  Unmatched '}' in /var/www/html/wp-content/mu-plugins/vp-proxy-directus.php on line 681
[08-Mar-2026 08:16:51 UTC] PHP Parse error:  Unmatched '}' in /var/www/html/wp-content/mu-plugins/vp-proxy-directus.php on line 681
[08-Mar-2026 08:16:53 UTC] PHP Parse error:  Unmatched '}' in /var/www/html/wp-content/mu-plugins/vp-proxy-directus.php on line 681
[08-Mar-2026 08:16:55 UTC] PHP Parse error:  Unmatched '}' in /var/www/html/wp-content/mu-plugins/vp-proxy-directus.php on line 681
[08-Mar-2026 08:17:00 UTC] PHP Parse error:  Unmatched '}' in /var/www/html/wp-content/mu-plugins/vp-proxy-directus.php on line 681
[08-Mar-2026 08:17:02 UTC] PHP Parse error:  Unmatched '}' in /var/www/html/wp-content/mu-plugins/vp-proxy-directus.php on line 681
[08-Mar-2026 08:17:02 UTC] PHP Parse error:  Unmatched '}' in /var/www/html/wp-content/mu-plugins/vp-proxy-directus.php on line 681
[08-Mar-2026 08:17:05 UTC] PHP Parse error:  Unmatched '}' in /var/www/html/wp-content/mu-plugins/vp-proxy-directus.php on line 681
[08-Mar-2026 08:17:07 UTC] PHP Parse error:  Unmatched '}' in /var/www/html/wp-content/mu-plugins/vp-proxy-directus.php on line 681
[08-Mar-2026 08:17:08 UTC] PHP Parse error:  Unmatched '}' in /var/www/html/wp-content/mu-plugins/vp-proxy-directus.php on line 681
[08-Mar-2026 08:17:11 UTC] PHP Parse error:  Unmatched '}' in /var/www/html/wp-content/mu-plugins/vp-proxy-directus.php on line 681
[08-Mar-2026 08:17:12 UTC] PHP Parse error:  Unmatched '}' in /var/www/html/wp-content/mu-plugins/vp-proxy-directus.php on line 681
[08-Mar-2026 08:17:13 UTC] PHP Parse error:  Unmatched '}' in /var/www/html/wp-content/mu-plugins/vp-proxy-directus.php on line 681
[08-Mar-2026 08:17:28 UTC] PHP Parse error:  Unmatched '}' in /var/www/html/wp-content/mu-plugins/vp-proxy-directus.php on line 681
[08-Mar-2026 08:17:33 UTC] PHP Parse error:  Unmatched '}' in /var/www/html/wp-content/mu-plugins/vp-proxy-directus.php on line 681
[08-Mar-2026 08:17:38 UTC] PHP Parse error:  Unmatched '}' in /var/www/html/wp-content/mu-plugins/vp-proxy-directus.php on line 681
[08-Mar-2026 08:17:42 UTC] PHP Parse error:  Unmatched '}' in /var/www/html/wp-content/mu-plugins/vp-proxy-directus.php on line 681
[08-Mar-2026 08:17:44 UTC] PHP Parse error:  Unmatched '}' in /var/www/html/wp-content/mu-plugins/vp-proxy-directus.php on line 681
[08-Mar-2026 08:18:00 UTC] PHP Parse error:  Unmatched '}' in /var/www/html/wp-content/mu-plugins/vp-proxy-directus.php on line 681
[08-Mar-2026 08:18:01 UTC] PHP Parse error:  Unmatched '}' in /var/www/html/wp-content/mu-plugins/vp-proxy-directus.php on line 681
[08-Mar-2026 08:18:02 UTC] PHP Parse error:  Unmatched '}' in /var/www/html/wp-content/mu-plugins/vp-proxy-directus.php on line 681
[08-Mar-2026 08:18:04 UTC] PHP Parse error:  Unmatched '}' in /var/www/html/wp-content/mu-plugins/vp-proxy-directus.php on line 681
[08-Mar-2026 08:18:34 UTC] PHP Parse error:  Unmatched '}' in /var/www/html/wp-content/mu-plugins/vp-proxy-directus.php on line 681
[08-Mar-2026 08:19:05 UTC] PHP Parse error:  Unmatched '}' in /var/www/html/wp-content/mu-plugins/vp-proxy-directus.php on line 681
[08-Mar-2026 08:19:06 UTC] PHP Parse error:  Unmatched '}' in /var/www/html/wp-content/mu-plugins/vp-proxy-directus.php on line 681
[08-Mar-2026 08:19:07 UTC] PHP Parse error:  Unmatched '}' in /var/www/html/wp-content/mu-plugins/vp-proxy-directus.php on line 681
[08-Mar-2026 08:19:10 UTC] PHP Parse error:  Unmatched '}' in /var/www/html/wp-content/mu-plugins/vp-proxy-directus.php on line 681
[08-Mar-2026 08:19:12 UTC] PHP Parse error:  Unmatched '}' in /var/www/html/wp-content/mu-plugins/vp-proxy-directus.php on line 681
[08-Mar-2026 08:19:14 UTC] PHP Parse error:  Unmatched '}' in /var/www/html/wp-content/mu-plugins/vp-proxy-directus.php on line 681
[08-Mar-2026 08:19:19 UTC] PHP Parse error:  Unmatched '}' in /var/www/html/wp-content/mu-plugins/vp-proxy-directus.php on line 681
[08-Mar-2026 08:19:20 UTC] PHP Parse error:  Unmatched '}' in /var/www/html/wp-content/mu-plugins/vp-proxy-directus.php on line 681
[08-Mar-2026 08:19:50 UTC] PHP Parse error:  Unmatched '}' in /var/www/html/wp-content/mu-plugins/vp-proxy-directus.php on line 681
[08-Mar-2026 08:19:51 UTC] PHP Parse error:  Unmatched '}' in /var/www/html/wp-content/mu-plugins/vp-proxy-directus.php on line 681
[08-Mar-2026 08:19:52 UTC] PHP Parse error:  Unmatched '}' in /var/www/html/wp-content/mu-plugins/vp-proxy-directus.php on line 681
[08-Mar-2026 08:19:53 UTC] PHP Parse error:  Unmatched '}' in /var/www/html/wp-content/mu-plugins/vp-proxy-directus.php on line 681
[08-Mar-2026 08:19:53 UTC] PHP Parse error:  Unmatched '}' in /var/www/html/wp-content/mu-plugins/vp-proxy-directus.php on line 681
[08-Mar-2026 08:19:55 UTC] PHP Parse error:  Unmatched '}' in /var/www/html/wp-content/mu-plugins/vp-proxy-directus.php on line 681
[08-Mar-2026 08:19:56 UTC] PHP Parse error:  Unmatched '}' in /var/www/html/wp-content/mu-plugins/vp-proxy-directus.php on line 681
[08-Mar-2026 08:19:56 UTC] PHP Parse error:  Unmatched '}' in /var/www/html/wp-content/mu-plugins/vp-proxy-directus.php on line 681
[08-Mar-2026 08:19:57 UTC] PHP Parse error:  Unmatched '}' in /var/www/html/wp-content/mu-plugins/vp-proxy-directus.php on line 681
[08-Mar-2026 08:19:58 UTC] PHP Parse error:  Unmatched '}' in /var/www/html/wp-content/mu-plugins/vp-proxy-directus.php on line 681
[08-Mar-2026 08:19:59 UTC] PHP Parse error:  Unmatched '}' in /var/www/html/wp-content/mu-plugins/vp-proxy-directus.php on line 681
[08-Mar-2026 08:20:00 UTC] PHP Parse error:  Unmatched '}' in /var/www/html/wp-content/mu-plugins/vp-proxy-directus.php on line 681
[08-Mar-2026 08:20:01 UTC] PHP Parse error:  Unmatched '}' in /var/www/html/wp-content/mu-plugins/vp-proxy-directus.php on line 681
[08-Mar-2026 08:20:03 UTC] PHP Parse error:  Unmatched '}' in /var/www/html/wp-content/mu-plugins/vp-proxy-directus.php on line 681
[08-Mar-2026 08:20:33 UTC] PHP Parse error:  Unmatched '}' in /var/www/html/wp-content/mu-plugins/vp-proxy-directus.php on line 681
[08-Mar-2026 08:21:04 UTC] PHP Parse error:  Unmatched '}' in /var/www/html/wp-content/mu-plugins/vp-proxy-directus.php on line 681
[08-Mar-2026 08:21:05 UTC] PHP Parse error:  Unmatched '}' in /var/www/html/wp-content/mu-plugins/vp-proxy-directus.php on line 681
[08-Mar-2026 08:21:06 UTC] PHP Parse error:  Unmatched '}' in /var/www/html/wp-content/mu-plugins/vp-proxy-directus.php on line 681
[08-Mar-2026 08:21:07 UTC] PHP Parse error:  Unmatched '}' in /var/www/html/wp-content/mu-plugins/vp-proxy-directus.php on line 681
[08-Mar-2026 08:21:08 UTC] PHP Parse error:  Unmatched '}' in /var/www/html/wp-content/mu-plugins/vp-proxy-directus.php on line 681
[08-Mar-2026 08:21:10 UTC] PHP Parse error:  Unmatched '}' in /var/www/html/wp-content/mu-plugins/vp-proxy-directus.php on line 681
[08-Mar-2026 08:21:11 UTC] PHP Parse error:  Unmatched '}' in /var/www/html/wp-content/mu-plugins/vp-proxy-directus.php on line 681
[08-Mar-2026 08:21:12 UTC] PHP Parse error:  Unmatched '}' in /var/www/html/wp-content/mu-plugins/vp-proxy-directus.php on line 681
[08-Mar-2026 08:21:13 UTC] PHP Parse error:  Unmatched '}' in /var/www/html/wp-content/mu-plugins/vp-proxy-directus.php on line 681
[08-Mar-2026 08:21:14 UTC] PHP Parse error:  Unmatched '}' in /var/www/html/wp-content/mu-plugins/vp-proxy-directus.php on line 681
[08-Mar-2026 08:21:16 UTC] PHP Parse error:  Unmatched '}' in /var/www/html/wp-content/mu-plugins/vp-proxy-directus.php on line 681
[08-Mar-2026 08:21:17 UTC] PHP Parse error:  Unmatched '}' in /var/www/html/wp-content/mu-plugins/vp-proxy-directus.php on line 681
[08-Mar-2026 08:21:18 UTC] PHP Parse error:  Unmatched '}' in /var/www/html/wp-content/mu-plugins/vp-proxy-directus.php on line 681
[08-Mar-2026 08:21:18 UTC] PHP Parse error:  Unmatched '}' in /var/www/html/wp-content/mu-plugins/vp-proxy-directus.php on line 681
[08-Mar-2026 08:21:20 UTC] PHP Parse error:  Unmatched '}' in /var/www/html/wp-content/mu-plugins/vp-proxy-directus.php on line 681
[08-Mar-2026 08:21:21 UTC] PHP Parse error:  Unmatched '}' in /var/www/html/wp-content/mu-plugins/vp-proxy-directus.php on line 681
[08-Mar-2026 08:21:22 UTC] PHP Parse error:  Unmatched '}' in /var/www/html/wp-content/mu-plugins/vp-proxy-directus.php on line 681
[08-Mar-2026 08:21:23 UTC] PHP Parse error:  Unmatched '}' in /var/www/html/wp-content/mu-plugins/vp-proxy-directus.php on line 681
[08-Mar-2026 08:21:24 UTC] PHP Parse error:  Unmatched '}' in /var/www/html/wp-content/mu-plugins/vp-proxy-directus.php on line 681
[08-Mar-2026 08:21:25 UTC] PHP Parse error:  Unmatched '}' in /var/www/html/wp-content/mu-plugins/vp-proxy-directus.php on line 681
[08-Mar-2026 08:21:25 UTC] PHP Parse error:  Unmatched '}' in /var/www/html/wp-content/mu-plugins/vp-proxy-directus.php on line 681
[08-Mar-2026 08:21:25 UTC] PHP Parse error:  Unmatched '}' in /var/www/html/wp-content/mu-plugins/vp-proxy-directus.php on line 681
[08-Mar-2026 08:21:26 UTC] PHP Parse error:  Unmatched '}' in /var/www/html/wp-content/mu-plugins/vp-proxy-directus.php on line 681
[08-Mar-2026 08:21:27 UTC] PHP Parse error:  Unmatched '}' in /var/www/html/wp-content/mu-plugins/vp-proxy-directus.php on line 681
[08-Mar-2026 08:21:28 UTC] PHP Parse error:  Unmatched '}' in /var/www/html/wp-content/mu-plugins/vp-proxy-directus.php on line 681
[08-Mar-2026 08:21:29 UTC] PHP Parse error:  Unmatched '}' in /var/www/html/wp-content/mu-plugins/vp-proxy-directus.php on line 681
[08-Mar-2026 08:21:29 UTC] PHP Parse error:  Unmatched '}' in /var/www/html/wp-content/mu-plugins/vp-proxy-directus.php on line 681
[08-Mar-2026 08:21:35 UTC] PHP Parse error:  Unmatched '}' in /var/www/html/wp-content/mu-plugins/vp-proxy-directus.php on line 681
[08-Mar-2026 08:21:38 UTC] PHP Parse error:  Unmatched '}' in /var/www/html/wp-content/mu-plugins/vp-proxy-directus.php on line 681
[08-Mar-2026 08:21:39 UTC] PHP Parse error:  Unmatched '}' in /var/www/html/wp-content/mu-plugins/vp-proxy-directus.php on line 681
[08-Mar-2026 08:21:41 UTC] PHP Parse error:  Unmatched '}' in /var/www/html/wp-content/mu-plugins/vp-proxy-directus.php on line 681
[08-Mar-2026 08:21:42 UTC] PHP Parse error:  Unmatched '}' in /var/www/html/wp-content/mu-plugins/vp-proxy-directus.php on line 681
[08-Mar-2026 08:21:43 UTC] PHP Parse error:  Unmatched '}' in /var/www/html/wp-content/mu-plugins/vp-proxy-directus.php on line 681
[08-Mar-2026 08:21:44 UTC] PHP Parse error:  Unmatched '}' in /var/www/html/wp-content/mu-plugins/vp-proxy-directus.php on line 681
[08-Mar-2026 08:21:45 UTC] PHP Parse error:  Unmatched '}' in /var/www/html/wp-content/mu-plugins/vp-proxy-directus.php on line 681
[08-Mar-2026 08:21:46 UTC] PHP Parse error:  Unmatched '}' in /var/www/html/wp-content/mu-plugins/vp-proxy-directus.php on line 681
[08-Mar-2026 08:21:47 UTC] PHP Parse error:  Unmatched '}' in /var/www/html/wp-content/mu-plugins/vp-proxy-directus.php on line 681
[08-Mar-2026 08:21:48 UTC] PHP Parse error:  Unmatched '}' in /var/www/html/wp-content/mu-plugins/vp-proxy-directus.php on line 681
[08-Mar-2026 08:21:49 UTC] PHP Parse error:  Unmatched '}' in /var/www/html/wp-content/mu-plugins/vp-proxy-directus.php on line 681
[08-Mar-2026 08:21:51 UTC] PHP Parse error:  Unmatched '}' in /var/www/html/wp-content/mu-plugins/vp-proxy-directus.php on line 681
[08-Mar-2026 08:21:52 UTC] PHP Parse error:  Unmatched '}' in /var/www/html/wp-content/mu-plugins/vp-proxy-directus.php on line 681
[08-Mar-2026 08:21:53 UTC] PHP Parse error:  Unmatched '}' in /var/www/html/wp-content/mu-plugins/vp-proxy-directus.php on line 681
[08-Mar-2026 08:21:54 UTC] PHP Parse error:  Unmatched '}' in /var/www/html/wp-content/mu-plugins/vp-proxy-directus.php on line 681
[08-Mar-2026 08:21:55 UTC] PHP Parse error:  Unmatched '}' in /var/www/html/wp-content/mu-plugins/vp-proxy-directus.php on line 681
[08-Mar-2026 08:21:57 UTC] PHP Parse error:  Unmatched '}' in /var/www/html/wp-content/mu-plugins/vp-proxy-directus.php on line 681
[08-Mar-2026 08:21:58 UTC] PHP Parse error:  Unmatched '}' in /var/www/html/wp-content/mu-plugins/vp-proxy-directus.php on line 681
[08-Mar-2026 08:23:00 UTC] PHP Parse error:  Unmatched '}' in /var/www/html/wp-content/mu-plugins/vp-proxy-directus.php on line 681
[08-Mar-2026 08:23:03 UTC] PHP Parse error:  Unmatched '}' in /var/www/html/wp-content/mu-plugins/vp-proxy-directus.php on line 681
[08-Mar-2026 08:23:06 UTC] PHP Parse error:  Unmatched '}' in /var/www/html/wp-content/mu-plugins/vp-proxy-directus.php on line 681
[08-Mar-2026 08:23:18 UTC] PHP Parse error:  Unmatched '}' in /var/www/html/wp-content/mu-plugins/vp-proxy-directus.php on line 681
[08-Mar-2026 08:23:19 UTC] PHP Parse error:  Unmatched '}' in /var/www/html/wp-content/mu-plugins/vp-proxy-directus.php on line 681
[08-Mar-2026 08:23:20 UTC] PHP Parse error:  Unmatched '}' in /var/www/html/wp-content/mu-plugins/vp-proxy-directus.php on line 681
[08-Mar-2026 08:23:24 UTC] PHP Parse error:  Unmatched '}' in /var/www/html/wp-content/mu-plugins/vp-proxy-directus.php on line 681
[08-Mar-2026 08:23:27 UTC] PHP Parse error:  Unmatched '}' in /var/www/html/wp-content/mu-plugins/vp-proxy-directus.php on line 681
[08-Mar-2026 08:23:34 UTC] PHP Parse error:  Unmatched '}' in /var/www/html/wp-content/mu-plugins/vp-proxy-directus.php on line 681
[08-Mar-2026 08:23:38 UTC] PHP Parse error:  Unmatched '}' in /var/www/html/wp-content/mu-plugins/vp-proxy-directus.php on line 681
[08-Mar-2026 08:23:39 UTC] PHP Parse error:  Unmatched '}' in /var/www/html/wp-content/mu-plugins/vp-proxy-directus.php on line 681
[08-Mar-2026 08:23:41 UTC] PHP Parse error:  Unmatched '}' in /var/www/html/wp-content/mu-plugins/vp-proxy-directus.php on line 681
[08-Mar-2026 08:23:54 UTC] PHP Parse error:  Unmatched '}' in /var/www/html/wp-content/mu-plugins/vp-proxy-directus.php on line 681
[08-Mar-2026 08:23:59 UTC] PHP Parse error:  Unmatched '}' in /var/www/html/wp-content/mu-plugins/vp-proxy-directus.php on line 681
[08-Mar-2026 08:24:00 UTC] PHP Parse error:  Unmatched '}' in /var/www/html/wp-content/mu-plugins/vp-proxy-directus.php on line 681
[08-Mar-2026 08:24:01 UTC] PHP Parse error:  Unmatched '}' in /var/www/html/wp-content/mu-plugins/vp-proxy-directus.php on line 681
[08-Mar-2026 08:24:02 UTC] PHP Parse error:  Unmatched '}' in /var/www/html/wp-content/mu-plugins/vp-proxy-directus.php on line 681
[08-Mar-2026 08:24:04 UTC] PHP Parse error:  Unmatched '}' in /var/www/html/wp-content/mu-plugins/vp-proxy-directus.php on line 681
[08-Mar-2026 08:24:05 UTC] PHP Parse error:  Unmatched '}' in /var/www/html/wp-content/mu-plugins/vp-proxy-directus.php on line 681
[08-Mar-2026 08:24:06 UTC] PHP Parse error:  Unmatched '}' in /var/www/html/wp-content/mu-plugins/vp-proxy-directus.php on line 681
[08-Mar-2026 08:24:08 UTC] PHP Parse error:  Unmatched '}' in /var/www/html/wp-content/mu-plugins/vp-proxy-directus.php on line 681
[08-Mar-2026 08:24:36 UTC] PHP Parse error:  Unmatched '}' in /var/www/html/wp-content/mu-plugins/vp-proxy-directus.php on line 681
[08-Mar-2026 08:25:07 UTC] PHP Parse error:  Unmatched '}' in /var/www/html/wp-content/mu-plugins/vp-proxy-directus.php on line 681
[08-Mar-2026 08:25:07 UTC] PHP Parse error:  Unmatched '}' in /var/www/html/wp-content/mu-plugins/vp-proxy-directus.php on line 681
[08-Mar-2026 08:25:38 UTC] PHP Parse error:  Unmatched '}' in /var/www/html/wp-content/mu-plugins/vp-proxy-directus.php on line 681
[08-Mar-2026 08:26:55 UTC] PHP Parse error:  Unmatched '}' in /var/www/html/wp-content/mu-plugins/vp-proxy-directus.php on line 681
[08-Mar-2026 08:27:09 UTC] PHP Parse error:  Unmatched '}' in /var/www/html/wp-content/mu-plugins/vp-proxy-directus.php on line 681
[08-Mar-2026 08:27:10 UTC] PHP Parse error:  Unmatched '}' in /var/www/html/wp-content/mu-plugins/vp-proxy-directus.php on line 681
[08-Mar-2026 08:27:11 UTC] PHP Parse error:  Unmatched '}' in /var/www/html/wp-content/mu-plugins/vp-proxy-directus.php on line 681
[08-Mar-2026 08:27:12 UTC] PHP Parse error:  Unmatched '}' in /var/www/html/wp-content/mu-plugins/vp-proxy-directus.php on line 681
[08-Mar-2026 08:27:13 UTC] PHP Parse error:  Unmatched '}' in /var/www/html/wp-content/mu-plugins/vp-proxy-directus.php on line 681
[08-Mar-2026 08:27:14 UTC] PHP Parse error:  Unmatched '}' in /var/www/html/wp-content/mu-plugins/vp-proxy-directus.php on line 681
[08-Mar-2026 08:27:16 UTC] PHP Parse error:  Unmatched '}' in /var/www/html/wp-content/mu-plugins/vp-proxy-directus.php on line 681
[08-Mar-2026 08:27:17 UTC] PHP Parse error:  Unmatched '}' in /var/www/html/wp-content/mu-plugins/vp-proxy-directus.php on line 681
[08-Mar-2026 08:27:17 UTC] PHP Parse error:  Unmatched '}' in /var/www/html/wp-content/mu-plugins/vp-proxy-directus.php on line 681
[08-Mar-2026 08:27:19 UTC] PHP Parse error:  Unmatched '}' in /var/www/html/wp-content/mu-plugins/vp-proxy-directus.php on line 681
[08-Mar-2026 08:27:19 UTC] PHP Parse error:  Unmatched '}' in /var/www/html/wp-content/mu-plugins/vp-proxy-directus.php on line 681
[08-Mar-2026 08:27:21 UTC] PHP Parse error:  Unmatched '}' in /var/www/html/wp-content/mu-plugins/vp-proxy-directus.php on line 681
[08-Mar-2026 08:27:23 UTC] PHP Parse error:  Unmatched '}' in /var/www/html/wp-content/mu-plugins/vp-proxy-directus.php on line 681
[08-Mar-2026 08:27:24 UTC] PHP Parse error:  Unmatched '}' in /var/www/html/wp-content/mu-plugins/vp-proxy-directus.php on line 681
[08-Mar-2026 08:27:24 UTC] PHP Parse error:  Unmatched '}' in /var/www/html/wp-content/mu-plugins/vp-proxy-directus.php on line 681
[08-Mar-2026 08:27:25 UTC] PHP Parse error:  Unmatched '}' in /var/www/html/wp-content/mu-plugins/vp-proxy-directus.php on line 681
[08-Mar-2026 08:27:57 UTC] PHP Parse error:  Unmatched '}' in /var/www/html/wp-content/mu-plugins/vp-proxy-directus.php on line 681
[08-Mar-2026 08:27:58 UTC] PHP Parse error:  Unmatched '}' in /var/www/html/wp-content/mu-plugins/vp-proxy-directus.php on line 681
[08-Mar-2026 08:28:00 UTC] PHP Parse error:  Unmatched '}' in /var/www/html/wp-content/mu-plugins/vp-proxy-directus.php on line 681
[08-Mar-2026 08:28:01 UTC] PHP Parse error:  Unmatched '}' in /var/www/html/wp-content/mu-plugins/vp-proxy-directus.php on line 681
[08-Mar-2026 08:28:14 UTC] PHP Parse error:  Unmatched '}' in /var/www/html/wp-content/mu-plugins/vp-proxy-directus.php on line 681
[08-Mar-2026 08:28:14 UTC] PHP Parse error:  Unmatched '}' in /var/www/html/wp-content/mu-plugins/vp-proxy-directus.php on line 681
[08-Mar-2026 08:28:15 UTC] PHP Parse error:  Unmatched '}' in /var/www/html/wp-content/mu-plugins/vp-proxy-directus.php on line 681
[08-Mar-2026 08:28:16 UTC] PHP Parse error:  Unmatched '}' in /var/www/html/wp-content/mu-plugins/vp-proxy-directus.php on line 681
[08-Mar-2026 08:28:17 UTC] PHP Parse error:  Unmatched '}' in /var/www/html/wp-content/mu-plugins/vp-proxy-directus.php on line 681
[08-Mar-2026 08:28:18 UTC] PHP Parse error:  Unmatched '}' in /var/www/html/wp-content/mu-plugins/vp-proxy-directus.php on line 681
[08-Mar-2026 08:28:49 UTC] PHP Parse error:  Unmatched '}' in /var/www/html/wp-content/mu-plugins/vp-proxy-directus.php on line 681
[08-Mar-2026 08:28:50 UTC] PHP Parse error:  Unmatched '}' in /var/www/html/wp-content/mu-plugins/vp-proxy-directus.php on line 681
[08-Mar-2026 08:28:50 UTC] PHP Parse error:  Unmatched '}' in /var/www/html/wp-content/mu-plugins/vp-proxy-directus.php on line 681
[08-Mar-2026 08:28:52 UTC] PHP Parse error:  Unmatched '}' in /var/www/html/wp-content/mu-plugins/vp-proxy-directus.php on line 681
[08-Mar-2026 08:28:53 UTC] PHP Parse error:  Unmatched '}' in /var/www/html/wp-content/mu-plugins/vp-proxy-directus.php on line 681
[08-Mar-2026 08:28:54 UTC] PHP Parse error:  Unmatched '}' in /var/www/html/wp-content/mu-plugins/vp-proxy-directus.php on line 681
[08-Mar-2026 08:28:55 UTC] PHP Parse error:  Unmatched '}' in /var/www/html/wp-content/mu-plugins/vp-proxy-directus.php on line 681
[08-Mar-2026 08:28:56 UTC] PHP Parse error:  Unmatched '}' in /var/www/html/wp-content/mu-plugins/vp-proxy-directus.php on line 681
[08-Mar-2026 08:28:57 UTC] PHP Parse error:  Unmatched '}' in /var/www/html/wp-content/mu-plugins/vp-proxy-directus.php on line 681
[08-Mar-2026 08:28:59 UTC] PHP Parse error:  Unmatched '}' in /var/www/html/wp-content/mu-plugins/vp-proxy-directus.php on line 681
[08-Mar-2026 08:29:02 UTC] PHP Parse error:  Unmatched '}' in /var/www/html/wp-content/mu-plugins/vp-proxy-directus.php on line 681
[08-Mar-2026 08:29:03 UTC] PHP Parse error:  Unmatched '}' in /var/www/html/wp-content/mu-plugins/vp-proxy-directus.php on line 681
[08-Mar-2026 08:29:04 UTC] PHP Parse error:  Unmatched '}' in /var/www/html/wp-content/mu-plugins/vp-proxy-directus.php on line 681
[08-Mar-2026 08:29:06 UTC] PHP Parse error:  Unmatched '}' in /var/www/html/wp-content/mu-plugins/vp-proxy-directus.php on line 681
[08-Mar-2026 08:29:08 UTC] PHP Parse error:  Unmatched '}' in /var/www/html/wp-content/mu-plugins/vp-proxy-directus.php on line 681
[08-Mar-2026 08:29:09 UTC] PHP Parse error:  Unmatched '}' in /var/www/html/wp-content/mu-plugins/vp-proxy-directus.php on line 681
[08-Mar-2026 08:29:10 UTC] PHP Parse error:  Unmatched '}' in /var/www/html/wp-content/mu-plugins/vp-proxy-directus.php on line 681
[08-Mar-2026 08:29:10 UTC] PHP Parse error:  Unmatched '}' in /var/www/html/wp-content/mu-plugins/vp-proxy-directus.php on line 681
[08-Mar-2026 08:29:41 UTC] PHP Parse error:  Unmatched '}' in /var/www/html/wp-content/mu-plugins/vp-proxy-directus.php on line 681
[08-Mar-2026 08:29:42 UTC] PHP Parse error:  Unmatched '}' in /var/www/html/wp-content/mu-plugins/vp-proxy-directus.php on line 681
[08-Mar-2026 08:29:43 UTC] PHP Parse error:  Unmatched '}' in /var/www/html/wp-content/mu-plugins/vp-proxy-directus.php on line 681
[08-Mar-2026 08:29:44 UTC] PHP Parse error:  Unmatched '}' in /var/www/html/wp-content/mu-plugins/vp-proxy-directus.php on line 681
[08-Mar-2026 08:29:45 UTC] PHP Parse error:  Unmatched '}' in /var/www/html/wp-content/mu-plugins/vp-proxy-directus.php on line 681
[08-Mar-2026 08:29:57 UTC] PHP Parse error:  Unmatched '}' in /var/www/html/wp-content/mu-plugins/vp-proxy-directus.php on line 681
[08-Mar-2026 08:29:58 UTC] PHP Parse error:  Unmatched '}' in /var/www/html/wp-content/mu-plugins/vp-proxy-directus.php on line 681
[08-Mar-2026 08:29:59 UTC] PHP Parse error:  Unmatched '}' in /var/www/html/wp-content/mu-plugins/vp-proxy-directus.php on line 681
[08-Mar-2026 08:29:59 UTC] PHP Parse error:  Unmatched '}' in /var/www/html/wp-content/mu-plugins/vp-proxy-directus.php on line 681
[08-Mar-2026 08:30:00 UTC] PHP Parse error:  Unmatched '}' in /var/www/html/wp-content/mu-plugins/vp-proxy-directus.php on line 681
[08-Mar-2026 08:30:00 UTC] PHP Parse error:  Unmatched '}' in /var/www/html/wp-content/mu-plugins/vp-proxy-directus.php on line 681
[08-Mar-2026 08:30:08 UTC] PHP Parse error:  Unmatched '}' in /var/www/html/wp-content/mu-plugins/vp-proxy-directus.php on line 681
[08-Mar-2026 08:31:12 UTC] PHP Parse error:  Unmatched '}' in /var/www/html/wp-content/mu-plugins/vp-proxy-directus.php on line 681
[08-Mar-2026 08:31:13 UTC] PHP Parse error:  Unmatched '}' in /var/www/html/wp-content/mu-plugins/vp-proxy-directus.php on line 681
[08-Mar-2026 08:31:13 UTC] PHP Parse error:  Unmatched '}' in /var/www/html/wp-content/mu-plugins/vp-proxy-directus.php on line 681
[08-Mar-2026 08:31:14 UTC] PHP Parse error:  Unmatched '}' in /var/www/html/wp-content/mu-plugins/vp-proxy-directus.php on line 681
[08-Mar-2026 08:31:14 UTC] PHP Parse error:  Unmatched '}' in /var/www/html/wp-content/mu-plugins/vp-proxy-directus.php on line 681
[08-Mar-2026 08:31:15 UTC] PHP Parse error:  Unmatched '}' in /var/www/html/wp-content/mu-plugins/vp-proxy-directus.php on line 681
[08-Mar-2026 08:31:16 UTC] PHP Parse error:  Unmatched '}' in /var/www/html/wp-content/mu-plugins/vp-proxy-directus.php on line 681
[08-Mar-2026 08:31:47 UTC] PHP Parse error:  Unmatched '}' in /var/www/html/wp-content/mu-plugins/vp-proxy-directus.php on line 681
[08-Mar-2026 08:32:18 UTC] PHP Parse error:  Unmatched '}' in /var/www/html/wp-content/mu-plugins/vp-proxy-directus.php on line 681
[08-Mar-2026 08:32:19 UTC] PHP Parse error:  Unmatched '}' in /var/www/html/wp-content/mu-plugins/vp-proxy-directus.php on line 681
[08-Mar-2026 08:32:19 UTC] PHP Parse error:  Unmatched '}' in /var/www/html/wp-content/mu-plugins/vp-proxy-directus.php on line 681
[08-Mar-2026 08:32:20 UTC] PHP Parse error:  Unmatched '}' in /var/www/html/wp-content/mu-plugins/vp-proxy-directus.php on line 681
[08-Mar-2026 08:32:51 UTC] PHP Parse error:  Unmatched '}' in /var/www/html/wp-content/mu-plugins/vp-proxy-directus.php on line 681
[08-Mar-2026 08:32:52 UTC] PHP Parse error:  Unmatched '}' in /var/www/html/wp-content/mu-plugins/vp-proxy-directus.php on line 681
[08-Mar-2026 08:32:52 UTC] PHP Parse error:  Unmatched '}' in /var/www/html/wp-content/mu-plugins/vp-proxy-directus.php on line 681
[08-Mar-2026 08:33:24 UTC] PHP Parse error:  Unmatched '}' in /var/www/html/wp-content/mu-plugins/vp-proxy-directus.php on line 681
[08-Mar-2026 08:33:24 UTC] PHP Parse error:  Unmatched '}' in /var/www/html/wp-content/mu-plugins/vp-proxy-directus.php on line 681
[08-Mar-2026 08:33:25 UTC] PHP Parse error:  Unmatched '}' in /var/www/html/wp-content/mu-plugins/vp-proxy-directus.php on line 681
[08-Mar-2026 08:33:55 UTC] PHP Parse error:  Unmatched '}' in /var/www/html/wp-content/mu-plugins/vp-proxy-directus.php on line 681
[08-Mar-2026 08:33:56 UTC] PHP Parse error:  Unmatched '}' in /var/www/html/wp-content/mu-plugins/vp-proxy-directus.php on line 681
[08-Mar-2026 08:33:56 UTC] PHP Parse error:  Unmatched '}' in /var/www/html/wp-content/mu-plugins/vp-proxy-directus.php on line 681
[08-Mar-2026 08:33:57 UTC] PHP Parse error:  Unmatched '}' in /var/www/html/wp-content/mu-plugins/vp-proxy-directus.php on line 681
[08-Mar-2026 08:33:58 UTC] PHP Parse error:  Unmatched '}' in /var/www/html/wp-content/mu-plugins/vp-proxy-directus.php on line 681
[08-Mar-2026 08:33:59 UTC] PHP Parse error:  Unmatched '}' in /var/www/html/wp-content/mu-plugins/vp-proxy-directus.php on line 681
[08-Mar-2026 08:34:00 UTC] PHP Parse error:  Unmatched '}' in /var/www/html/wp-content/mu-plugins/vp-proxy-directus.php on line 681
[08-Mar-2026 08:34:10 UTC] PHP Parse error:  Unmatched '}' in /var/www/html/wp-content/mu-plugins/vp-proxy-directus.php on line 681
[08-Mar-2026 08:34:13 UTC] PHP Parse error:  Unmatched '}' in /var/www/html/wp-content/mu-plugins/vp-proxy-directus.php on line 681
[08-Mar-2026 08:34:16 UTC] PHP Parse error:  Unmatched '}' in /var/www/html/wp-content/mu-plugins/vp-proxy-directus.php on line 681
[08-Mar-2026 08:34:18 UTC] PHP Parse error:  Unmatched '}' in /var/www/html/wp-content/mu-plugins/vp-proxy-directus.php on line 681
[08-Mar-2026 08:34:19 UTC] PHP Parse error:  Unmatched '}' in /var/www/html/wp-content/mu-plugins/vp-proxy-directus.php on line 681
[08-Mar-2026 08:34:20 UTC] PHP Parse error:  Unmatched '}' in /var/www/html/wp-content/mu-plugins/vp-proxy-directus.php on line 681
[08-Mar-2026 08:34:22 UTC] PHP Parse error:  Unmatched '}' in /var/www/html/wp-content/mu-plugins/vp-proxy-directus.php on line 681
[08-Mar-2026 08:34:24 UTC] PHP Parse error:  Unmatched '}' in /var/www/html/wp-content/mu-plugins/vp-proxy-directus.php on line 681
[08-Mar-2026 08:34:24 UTC] PHP Parse error:  Unmatched '}' in /var/www/html/wp-content/mu-plugins/vp-proxy-directus.php on line 681
[08-Mar-2026 08:34:25 UTC] PHP Parse error:  Unmatched '}' in /var/www/html/wp-content/mu-plugins/vp-proxy-directus.php on line 681
[08-Mar-2026 08:34:26 UTC] PHP Parse error:  Unmatched '}' in /var/www/html/wp-content/mu-plugins/vp-proxy-directus.php on line 681
[08-Mar-2026 08:34:28 UTC] PHP Parse error:  Unmatched '}' in /var/www/html/wp-content/mu-plugins/vp-proxy-directus.php on line 681
[08-Mar-2026 08:34:28 UTC] PHP Parse error:  Unmatched '}' in /var/www/html/wp-content/mu-plugins/vp-proxy-directus.php on line 681
[08-Mar-2026 08:34:29 UTC] PHP Parse error:  Unmatched '}' in /var/www/html/wp-content/mu-plugins/vp-proxy-directus.php on line 681
[08-Mar-2026 08:34:29 UTC] PHP Parse error:  Unmatched '}' in /var/www/html/wp-content/mu-plugins/vp-proxy-directus.php on line 681
[08-Mar-2026 08:34:41 UTC] PHP Parse error:  Unmatched '}' in /var/www/html/wp-content/mu-plugins/vp-proxy-directus.php on line 681
[08-Mar-2026 08:34:42 UTC] PHP Parse error:  Unmatched '}' in /var/www/html/wp-content/mu-plugins/vp-proxy-directus.php on line 681
[08-Mar-2026 08:35:15 UTC] PHP Parse error:  Unmatched '}' in /var/www/html/wp-content/mu-plugins/vp-proxy-directus.php on line 681
[08-Mar-2026 08:35:47 UTC] PHP Parse error:  Unmatched '}' in /var/www/html/wp-content/mu-plugins/vp-proxy-directus.php on line 681
[08-Mar-2026 08:36:04 UTC] PHP Parse error:  Unmatched '}' in /var/www/html/wp-content/mu-plugins/vp-proxy-directus.php on line 681
[08-Mar-2026 08:36:07 UTC] PHP Parse error:  Unmatched '}' in /var/www/html/wp-content/mu-plugins/vp-proxy-directus.php on line 681
[08-Mar-2026 08:36:08 UTC] PHP Parse error:  Unmatched '}' in /var/www/html/wp-content/mu-plugins/vp-proxy-directus.php on line 681
[08-Mar-2026 08:36:09 UTC] PHP Parse error:  Unmatched '}' in /var/www/html/wp-content/mu-plugins/vp-proxy-directus.php on line 681
[08-Mar-2026 08:36:11 UTC] PHP Parse error:  Unmatched '}' in /var/www/html/wp-content/mu-plugins/vp-proxy-directus.php on line 681
[08-Mar-2026 08:36:12 UTC] PHP Parse error:  Unmatched '}' in /var/www/html/wp-content/mu-plugins/vp-proxy-directus.php on line 681
[08-Mar-2026 08:36:12 UTC] PHP Parse error:  Unmatched '}' in /var/www/html/wp-content/mu-plugins/vp-proxy-directus.php on line 681
[08-Mar-2026 08:36:13 UTC] PHP Parse error:  Unmatched '}' in /var/www/html/wp-content/mu-plugins/vp-proxy-directus.php on line 681
[08-Mar-2026 08:36:14 UTC] PHP Parse error:  Unmatched '}' in /var/www/html/wp-content/mu-plugins/vp-proxy-directus.php on line 681
[08-Mar-2026 08:36:17 UTC] PHP Parse error:  Unmatched '}' in /var/www/html/wp-content/mu-plugins/vp-proxy-directus.php on line 681
[08-Mar-2026 08:36:18 UTC] PHP Parse error:  Unmatched '}' in /var/www/html/wp-content/mu-plugins/vp-proxy-directus.php on line 681
[08-Mar-2026 08:36:19 UTC] PHP Parse error:  Unmatched '}' in /var/www/html/wp-content/mu-plugins/vp-proxy-directus.php on line 681
[08-Mar-2026 08:36:19 UTC] PHP Parse error:  Unmatched '}' in /var/www/html/wp-content/mu-plugins/vp-proxy-directus.php on line 681
[08-Mar-2026 08:36:21 UTC] PHP Parse error:  Unmatched '}' in /var/www/html/wp-content/mu-plugins/vp-proxy-directus.php on line 681
[08-Mar-2026 08:36:23 UTC] PHP Parse error:  Unmatched '}' in /var/www/html/wp-content/mu-plugins/vp-proxy-directus.php on line 681
[08-Mar-2026 08:36:24 UTC] PHP Parse error:  Unmatched '}' in /var/www/html/wp-content/mu-plugins/vp-proxy-directus.php on line 681
[08-Mar-2026 08:36:25 UTC] PHP Parse error:  Unmatched '}' in /var/www/html/wp-content/mu-plugins/vp-proxy-directus.php on line 681
[08-Mar-2026 08:36:26 UTC] PHP Parse error:  Unmatched '}' in /var/www/html/wp-content/mu-plugins/vp-proxy-directus.php on line 681
[08-Mar-2026 08:36:26 UTC] PHP Parse error:  Unmatched '}' in /var/www/html/wp-content/mu-plugins/vp-proxy-directus.php on line 681
[08-Mar-2026 08:36:27 UTC] PHP Parse error:  Unmatched '}' in /var/www/html/wp-content/mu-plugins/vp-proxy-directus.php on line 681
[08-Mar-2026 08:36:28 UTC] PHP Parse error:  Unmatched '}' in /var/www/html/wp-content/mu-plugins/vp-proxy-directus.php on line 681
[08-Mar-2026 08:36:28 UTC] PHP Parse error:  Unmatched '}' in /var/www/html/wp-content/mu-plugins/vp-proxy-directus.php on line 681
[08-Mar-2026 08:36:29 UTC] PHP Parse error:  Unmatched '}' in /var/www/html/wp-content/mu-plugins/vp-proxy-directus.php on line 681
[08-Mar-2026 08:36:30 UTC] PHP Parse error:  Unmatched '}' in /var/www/html/wp-content/mu-plugins/vp-proxy-directus.php on line 681
[08-Mar-2026 08:36:31 UTC] PHP Parse error:  Unmatched '}' in /var/www/html/wp-content/mu-plugins/vp-proxy-directus.php on line 681
[08-Mar-2026 08:36:32 UTC] PHP Parse error:  Unmatched '}' in /var/www/html/wp-content/mu-plugins/vp-proxy-directus.php on line 681
[08-Mar-2026 08:36:33 UTC] PHP Parse error:  Unmatched '}' in /var/www/html/wp-content/mu-plugins/vp-proxy-directus.php on line 681
[08-Mar-2026 08:36:33 UTC] PHP Parse error:  Unmatched '}' in /var/www/html/wp-content/mu-plugins/vp-proxy-directus.php on line 681
[08-Mar-2026 08:36:34 UTC] PHP Parse error:  Unmatched '}' in /var/www/html/wp-content/mu-plugins/vp-proxy-directus.php on line 681
[08-Mar-2026 08:36:35 UTC] PHP Parse error:  Unmatched '}' in /var/www/html/wp-content/mu-plugins/vp-proxy-directus.php on line 681
[08-Mar-2026 08:36:36 UTC] PHP Parse error:  Unmatched '}' in /var/www/html/wp-content/mu-plugins/vp-proxy-directus.php on line 681
[08-Mar-2026 08:36:36 UTC] PHP Parse error:  Unmatched '}' in /var/www/html/wp-content/mu-plugins/vp-proxy-directus.php on line 681
[08-Mar-2026 08:36:37 UTC] PHP Parse error:  Unmatched '}' in /var/www/html/wp-content/mu-plugins/vp-proxy-directus.php on line 681
[08-Mar-2026 08:36:38 UTC] PHP Parse error:  Unmatched '}' in /var/www/html/wp-content/mu-plugins/vp-proxy-directus.php on line 681
[08-Mar-2026 08:36:40 UTC] PHP Parse error:  Unmatched '}' in /var/www/html/wp-content/mu-plugins/vp-proxy-directus.php on line 681
[08-Mar-2026 08:36:42 UTC] PHP Parse error:  Unmatched '}' in /var/www/html/wp-content/mu-plugins/vp-proxy-directus.php on line 681
[08-Mar-2026 08:37:13 UTC] PHP Parse error:  Unmatched '}' in /var/www/html/wp-content/mu-plugins/vp-proxy-directus.php on line 681
[08-Mar-2026 08:37:20 UTC] PHP Parse error:  Unmatched '}' in /var/www/html/wp-content/mu-plugins/vp-proxy-directus.php on line 681
[08-Mar-2026 08:37:20 UTC] PHP Parse error:  Unmatched '}' in /var/www/html/wp-content/mu-plugins/vp-proxy-directus.php on line 681
[08-Mar-2026 08:37:32 UTC] PHP Parse error:  Unmatched '}' in /var/www/html/wp-content/mu-plugins/vp-proxy-directus.php on line 681
[08-Mar-2026 08:37:32 UTC] PHP Parse error:  Unmatched '}' in /var/www/html/wp-content/mu-plugins/vp-proxy-directus.php on line 681
[08-Mar-2026 08:37:34 UTC] PHP Parse error:  Unmatched '}' in /var/www/html/wp-content/mu-plugins/vp-proxy-directus.php on line 681
[08-Mar-2026 08:37:35 UTC] PHP Parse error:  Unmatched '}' in /var/www/html/wp-content/mu-plugins/vp-proxy-directus.php on line 681
[08-Mar-2026 08:37:37 UTC] PHP Parse error:  Unmatched '}' in /var/www/html/wp-content/mu-plugins/vp-proxy-directus.php on line 681
[08-Mar-2026 08:37:37 UTC] PHP Parse error:  Unmatched '}' in /var/www/html/wp-content/mu-plugins/vp-proxy-directus.php on line 681
[08-Mar-2026 08:37:38 UTC] PHP Parse error:  Unmatched '}' in /var/www/html/wp-content/mu-plugins/vp-proxy-directus.php on line 681
[08-Mar-2026 08:37:50 UTC] PHP Parse error:  Unmatched '}' in /var/www/html/wp-content/mu-plugins/vp-proxy-directus.php on line 681
[08-Mar-2026 08:37:52 UTC] PHP Parse error:  Unmatched '}' in /var/www/html/wp-content/mu-plugins/vp-proxy-directus.php on line 681
[08-Mar-2026 08:37:54 UTC] PHP Parse error:  Unmatched '}' in /var/www/html/wp-content/mu-plugins/vp-proxy-directus.php on line 681
[08-Mar-2026 08:38:00 UTC] PHP Parse error:  Unmatched '}' in /var/www/html/wp-content/mu-plugins/vp-proxy-directus.php on line 681
[08-Mar-2026 08:38:09 UTC] PHP Parse error:  Unmatched '}' in /var/www/html/wp-content/mu-plugins/vp-proxy-directus.php on line 681
[08-Mar-2026 08:38:12 UTC] PHP Parse error:  Unmatched '}' in /var/www/html/wp-content/mu-plugins/vp-proxy-directus.php on line 681
[08-Mar-2026 08:38:13 UTC] PHP Parse error:  Unmatched '}' in /var/www/html/wp-content/mu-plugins/vp-proxy-directus.php on line 681
[08-Mar-2026 08:38:14 UTC] PHP Parse error:  Unmatched '}' in /var/www/html/wp-content/mu-plugins/vp-proxy-directus.php on line 681
[08-Mar-2026 08:38:15 UTC] PHP Parse error:  Unmatched '}' in /var/www/html/wp-content/mu-plugins/vp-proxy-directus.php on line 681
[08-Mar-2026 08:38:28 UTC] PHP Parse error:  Unmatched '}' in /var/www/html/wp-content/mu-plugins/vp-proxy-directus.php on line 681
[08-Mar-2026 08:38:29 UTC] PHP Parse error:  Unmatched '}' in /var/www/html/wp-content/mu-plugins/vp-proxy-directus.php on line 681
[08-Mar-2026 08:38:30 UTC] PHP Parse error:  Unmatched '}' in /var/www/html/wp-content/mu-plugins/vp-proxy-directus.php on line 681
[08-Mar-2026 08:38:31 UTC] PHP Parse error:  Unmatched '}' in /var/www/html/wp-content/mu-plugins/vp-proxy-directus.php on line 681
[08-Mar-2026 08:38:31 UTC] PHP Parse error:  Unmatched '}' in /var/www/html/wp-content/mu-plugins/vp-proxy-directus.php on line 681
[08-Mar-2026 08:38:33 UTC] PHP Parse error:  Unmatched '}' in /var/www/html/wp-content/mu-plugins/vp-proxy-directus.php on line 681
[08-Mar-2026 08:38:34 UTC] PHP Parse error:  Unmatched '}' in /var/www/html/wp-content/mu-plugins/vp-proxy-directus.php on line 681
[08-Mar-2026 08:38:34 UTC] PHP Parse error:  Unmatched '}' in /var/www/html/wp-content/mu-plugins/vp-proxy-directus.php on line 681
[08-Mar-2026 08:38:40 UTC] PHP Parse error:  Unmatched '}' in /var/www/html/wp-content/mu-plugins/vp-proxy-directus.php on line 681
[08-Mar-2026 08:38:44 UTC] PHP Parse error:  Unmatched '}' in /var/www/html/wp-content/mu-plugins/vp-proxy-directus.php on line 681
[08-Mar-2026 08:38:50 UTC] PHP Parse error:  Unmatched '}' in /var/www/html/wp-content/mu-plugins/vp-proxy-directus.php on line 681
[08-Mar-2026 08:38:53 UTC] PHP Parse error:  Unmatched '}' in /var/www/html/wp-content/mu-plugins/vp-proxy-directus.php on line 681
[08-Mar-2026 08:38:54 UTC] PHP Parse error:  Unmatched '}' in /var/www/html/wp-content/mu-plugins/vp-proxy-directus.php on line 681
[08-Mar-2026 08:38:54 UTC] PHP Parse error:  Unmatched '}' in /var/www/html/wp-content/mu-plugins/vp-proxy-directus.php on line 681
[08-Mar-2026 08:39:06 UTC] PHP Parse error:  Unmatched '}' in /var/www/html/wp-content/mu-plugins/vp-proxy-directus.php on line 681
[08-Mar-2026 08:39:07 UTC] PHP Parse error:  Unmatched '}' in /var/www/html/wp-content/mu-plugins/vp-proxy-directus.php on line 681
[08-Mar-2026 08:39:22 UTC] PHP Parse error:  Unmatched '}' in /var/www/html/wp-content/mu-plugins/vp-proxy-directus.php on line 681
[08-Mar-2026 08:39:43 UTC] PHP Parse error:  Unmatched '}' in /var/www/html/wp-content/mu-plugins/vp-proxy-directus.php on line 681
[08-Mar-2026 08:39:47 UTC] PHP Parse error:  Unmatched '}' in /var/www/html/wp-content/mu-plugins/vp-proxy-directus.php on line 681
[08-Mar-2026 08:39:48 UTC] PHP Parse error:  Unmatched '}' in /var/www/html/wp-content/mu-plugins/vp-proxy-directus.php on line 681
[08-Mar-2026 08:39:59 UTC] PHP Parse error:  Unmatched '}' in /var/www/html/wp-content/mu-plugins/vp-proxy-directus.php on line 681
[08-Mar-2026 08:40:16 UTC] PHP Parse error:  Unmatched '}' in /var/www/html/wp-content/mu-plugins/vp-proxy-directus.php on line 681
[08-Mar-2026 08:40:17 UTC] PHP Parse error:  Unmatched '}' in /var/www/html/wp-content/mu-plugins/vp-proxy-directus.php on line 681
[08-Mar-2026 08:40:18 UTC] PHP Parse error:  Unmatched '}' in /var/www/html/wp-content/mu-plugins/vp-proxy-directus.php on line 681
[08-Mar-2026 08:40:19 UTC] PHP Parse error:  Unmatched '}' in /var/www/html/wp-content/mu-plugins/vp-proxy-directus.php on line 681
[08-Mar-2026 08:40:19 UTC] PHP Parse error:  Unmatched '}' in /var/www/html/wp-content/mu-plugins/vp-proxy-directus.php on line 681
[08-Mar-2026 08:40:20 UTC] PHP Parse error:  Unmatched '}' in /var/www/html/wp-content/mu-plugins/vp-proxy-directus.php on line 681
[08-Mar-2026 08:40:21 UTC] PHP Parse error:  Unmatched '}' in /var/www/html/wp-content/mu-plugins/vp-proxy-directus.php on line 681
[08-Mar-2026 08:40:22 UTC] PHP Parse error:  Unmatched '}' in /var/www/html/wp-content/mu-plugins/vp-proxy-directus.php on line 681
[08-Mar-2026 08:40:23 UTC] PHP Parse error:  Unmatched '}' in /var/www/html/wp-content/mu-plugins/vp-proxy-directus.php on line 681
[08-Mar-2026 08:40:25 UTC] PHP Parse error:  Unmatched '}' in /var/www/html/wp-content/mu-plugins/vp-proxy-directus.php on line 681
[08-Mar-2026 08:40:26 UTC] PHP Parse error:  Unmatched '}' in /var/www/html/wp-content/mu-plugins/vp-proxy-directus.php on line 681
[08-Mar-2026 08:40:27 UTC] PHP Parse error:  Unmatched '}' in /var/www/html/wp-content/mu-plugins/vp-proxy-directus.php on line 681
[08-Mar-2026 08:40:27 UTC] PHP Parse error:  Unmatched '}' in /var/www/html/wp-content/mu-plugins/vp-proxy-directus.php on line 681
[08-Mar-2026 08:40:28 UTC] PHP Parse error:  Unmatched '}' in /var/www/html/wp-content/mu-plugins/vp-proxy-directus.php on line 681
[08-Mar-2026 08:40:29 UTC] PHP Parse error:  Unmatched '}' in /var/www/html/wp-content/mu-plugins/vp-proxy-directus.php on line 681
[08-Mar-2026 08:40:30 UTC] PHP Parse error:  Unmatched '}' in /var/www/html/wp-content/mu-plugins/vp-proxy-directus.php on line 681
[08-Mar-2026 08:40:31 UTC] PHP Parse error:  Unmatched '}' in /var/www/html/wp-content/mu-plugins/vp-proxy-directus.php on line 681
[08-Mar-2026 08:40:32 UTC] PHP Parse error:  Unmatched '}' in /var/www/html/wp-content/mu-plugins/vp-proxy-directus.php on line 681
[08-Mar-2026 08:41:08 UTC] PHP Parse error:  Unmatched '}' in /var/www/html/wp-content/mu-plugins/vp-proxy-directus.php on line 681
[08-Mar-2026 08:41:39 UTC] PHP Parse error:  Unmatched '}' in /var/www/html/wp-content/mu-plugins/vp-proxy-directus.php on line 681
[08-Mar-2026 08:41:39 UTC] PHP Parse error:  Unmatched '}' in /var/www/html/wp-content/mu-plugins/vp-proxy-directus.php on line 681
[08-Mar-2026 08:41:41 UTC] PHP Parse error:  Unmatched '}' in /var/www/html/wp-content/mu-plugins/vp-proxy-directus.php on line 681
[08-Mar-2026 08:41:42 UTC] PHP Parse error:  Unmatched '}' in /var/www/html/wp-content/mu-plugins/vp-proxy-directus.php on line 681
[08-Mar-2026 08:41:43 UTC] PHP Parse error:  Unmatched '}' in /var/www/html/wp-content/mu-plugins/vp-proxy-directus.php on line 681
[08-Mar-2026 08:41:44 UTC] PHP Parse error:  Unmatched '}' in /var/www/html/wp-content/mu-plugins/vp-proxy-directus.php on line 681
[08-Mar-2026 08:41:45 UTC] PHP Parse error:  Unmatched '}' in /var/www/html/wp-content/mu-plugins/vp-proxy-directus.php on line 681
[08-Mar-2026 08:41:47 UTC] PHP Parse error:  Unmatched '}' in /var/www/html/wp-content/mu-plugins/vp-proxy-directus.php on line 681
[08-Mar-2026 08:41:53 UTC] PHP Parse error:  Unmatched '}' in /var/www/html/wp-content/mu-plugins/vp-proxy-directus.php on line 681
[08-Mar-2026 08:41:56 UTC] PHP Parse error:  Unmatched '}' in /var/www/html/wp-content/mu-plugins/vp-proxy-directus.php on line 681
[08-Mar-2026 08:41:56 UTC] PHP Parse error:  Unmatched '}' in /var/www/html/wp-content/mu-plugins/vp-proxy-directus.php on line 681
[08-Mar-2026 08:41:57 UTC] PHP Parse error:  Unmatched '}' in /var/www/html/wp-content/mu-plugins/vp-proxy-directus.php on line 681
[08-Mar-2026 08:41:58 UTC] PHP Parse error:  Unmatched '}' in /var/www/html/wp-content/mu-plugins/vp-proxy-directus.php on line 681
[08-Mar-2026 08:42:12 UTC] PHP Parse error:  Unmatched '}' in /var/www/html/wp-content/mu-plugins/vp-proxy-directus.php on line 681
[08-Mar-2026 08:42:16 UTC] PHP Parse error:  Unmatched '}' in /var/www/html/wp-content/mu-plugins/vp-proxy-directus.php on line 681
[08-Mar-2026 08:42:17 UTC] PHP Parse error:  Unmatched '}' in /var/www/html/wp-content/mu-plugins/vp-proxy-directus.php on line 681
[08-Mar-2026 08:42:19 UTC] PHP Parse error:  Unmatched '}' in /var/www/html/wp-content/mu-plugins/vp-proxy-directus.php on line 681
[08-Mar-2026 08:42:27 UTC] PHP Parse error:  Unmatched '}' in /var/www/html/wp-content/mu-plugins/vp-proxy-directus.php on line 681
[08-Mar-2026 08:42:59 UTC] PHP Parse error:  Unmatched '}' in /var/www/html/wp-content/mu-plugins/vp-proxy-directus.php on line 681
[08-Mar-2026 08:43:26 UTC] PHP Parse error:  Unmatched '}' in /var/www/html/wp-content/mu-plugins/vp-proxy-directus.php on line 681
[08-Mar-2026 08:43:27 UTC] PHP Parse error:  Unmatched '}' in /var/www/html/wp-content/mu-plugins/vp-proxy-directus.php on line 681
[08-Mar-2026 08:43:27 UTC] PHP Parse error:  Unmatched '}' in /var/www/html/wp-content/mu-plugins/vp-proxy-directus.php on line 681
[08-Mar-2026 08:43:28 UTC] PHP Parse error:  Unmatched '}' in /var/www/html/wp-content/mu-plugins/vp-proxy-directus.php on line 681
[08-Mar-2026 08:43:29 UTC] PHP Parse error:  Unmatched '}' in /var/www/html/wp-content/mu-plugins/vp-proxy-directus.php on line 681
[08-Mar-2026 08:43:35 UTC] PHP Parse error:  Unmatched '}' in /var/www/html/wp-content/mu-plugins/vp-proxy-directus.php on line 681
[08-Mar-2026 08:44:20 UTC] PHP Parse error:  Unmatched '}' in /var/www/html/wp-content/mu-plugins/vp-proxy-directus.php on line 681
[08-Mar-2026 08:44:21 UTC] PHP Parse error:  Unmatched '}' in /var/www/html/wp-content/mu-plugins/vp-proxy-directus.php on line 681
[08-Mar-2026 08:44:22 UTC] PHP Parse error:  Unmatched '}' in /var/www/html/wp-content/mu-plugins/vp-proxy-directus.php on line 681
[08-Mar-2026 08:44:23 UTC] PHP Parse error:  Unmatched '}' in /var/www/html/wp-content/mu-plugins/vp-proxy-directus.php on line 681
[08-Mar-2026 08:44:23 UTC] PHP Parse error:  Unmatched '}' in /var/www/html/wp-content/mu-plugins/vp-proxy-directus.php on line 681
[08-Mar-2026 08:44:25 UTC] PHP Parse error:  Unmatched '}' in /var/www/html/wp-content/mu-plugins/vp-proxy-directus.php on line 681
[08-Mar-2026 08:44:56 UTC] PHP Parse error:  Unmatched '}' in /var/www/html/wp-content/mu-plugins/vp-proxy-directus.php on line 681
[08-Mar-2026 08:45:58 UTC] PHP Parse error:  Unmatched '}' in /var/www/html/wp-content/mu-plugins/vp-proxy-directus.php on line 681
[08-Mar-2026 08:46:00 UTC] PHP Parse error:  Unmatched '}' in /var/www/html/wp-content/mu-plugins/vp-proxy-directus.php on line 681
[08-Mar-2026 08:46:01 UTC] PHP Parse error:  Unmatched '}' in /var/www/html/wp-content/mu-plugins/vp-proxy-directus.php on line 681
[08-Mar-2026 08:46:02 UTC] PHP Parse error:  Unmatched '}' in /var/www/html/wp-content/mu-plugins/vp-proxy-directus.php on line 681
[08-Mar-2026 08:46:03 UTC] PHP Parse error:  Unmatched '}' in /var/www/html/wp-content/mu-plugins/vp-proxy-directus.php on line 681
[08-Mar-2026 08:46:04 UTC] PHP Parse error:  Unmatched '}' in /var/www/html/wp-content/mu-plugins/vp-proxy-directus.php on line 681
[08-Mar-2026 08:46:05 UTC] PHP Parse error:  Unmatched '}' in /var/www/html/wp-content/mu-plugins/vp-proxy-directus.php on line 681
[08-Mar-2026 08:46:06 UTC] PHP Parse error:  Unmatched '}' in /var/www/html/wp-content/mu-plugins/vp-proxy-directus.php on line 681
[08-Mar-2026 08:46:06 UTC] PHP Parse error:  Unmatched '}' in /var/www/html/wp-content/mu-plugins/vp-proxy-directus.php on line 681
[08-Mar-2026 08:46:07 UTC] PHP Parse error:  Unmatched '}' in /var/www/html/wp-content/mu-plugins/vp-proxy-directus.php on line 681
[08-Mar-2026 08:46:07 UTC] PHP Parse error:  Unmatched '}' in /var/www/html/wp-content/mu-plugins/vp-proxy-directus.php on line 681
[08-Mar-2026 08:46:10 UTC] PHP Parse error:  Unmatched '}' in /var/www/html/wp-content/mu-plugins/vp-proxy-directus.php on line 681
[08-Mar-2026 08:46:14 UTC] PHP Parse error:  Unmatched '}' in /var/www/html/wp-content/mu-plugins/vp-proxy-directus.php on line 681
[08-Mar-2026 08:46:16 UTC] PHP Parse error:  Unmatched '}' in /var/www/html/wp-content/mu-plugins/vp-proxy-directus.php on line 681
[08-Mar-2026 08:46:17 UTC] PHP Parse error:  Unmatched '}' in /var/www/html/wp-content/mu-plugins/vp-proxy-directus.php on line 681
[08-Mar-2026 08:46:18 UTC] PHP Parse error:  Unmatched '}' in /var/www/html/wp-content/mu-plugins/vp-proxy-directus.php on line 681
[08-Mar-2026 08:46:19 UTC] PHP Parse error:  Unmatched '}' in /var/www/html/wp-content/mu-plugins/vp-proxy-directus.php on line 681
[08-Mar-2026 08:46:22 UTC] PHP Parse error:  Unmatched '}' in /var/www/html/wp-content/mu-plugins/vp-proxy-directus.php on line 681
[08-Mar-2026 08:46:32 UTC] PHP Parse error:  Unmatched '}' in /var/www/html/wp-content/mu-plugins/vp-proxy-directus.php on line 681
[08-Mar-2026 08:46:36 UTC] PHP Parse error:  Unmatched '}' in /var/www/html/wp-content/mu-plugins/vp-proxy-directus.php on line 681
[08-Mar-2026 08:46:39 UTC] PHP Parse error:  Unmatched '}' in /var/www/html/wp-content/mu-plugins/vp-proxy-directus.php on line 681
[08-Mar-2026 08:46:51 UTC] PHP Parse error:  Unmatched '}' in /var/www/html/wp-content/mu-plugins/vp-proxy-directus.php on line 681
[08-Mar-2026 08:46:58 UTC] PHP Parse error:  Unmatched '}' in /var/www/html/wp-content/mu-plugins/vp-proxy-directus.php on line 681
[08-Mar-2026 08:46:59 UTC] PHP Parse error:  Unmatched '}' in /var/www/html/wp-content/mu-plugins/vp-proxy-directus.php on line 681
[08-Mar-2026 08:47:01 UTC] PHP Parse error:  Unmatched '}' in /var/www/html/wp-content/mu-plugins/vp-proxy-directus.php on line 681
[08-Mar-2026 08:47:01 UTC] PHP Parse error:  Unmatched '}' in /var/www/html/wp-content/mu-plugins/vp-proxy-directus.php on line 681
[08-Mar-2026 08:47:04 UTC] PHP Parse error:  Unmatched '}' in /var/www/html/wp-content/mu-plugins/vp-proxy-directus.php on line 681
[08-Mar-2026 08:47:05 UTC] PHP Parse error:  Unmatched '}' in /var/www/html/wp-content/mu-plugins/vp-proxy-directus.php on line 681
[08-Mar-2026 08:47:06 UTC] PHP Parse error:  Unmatched '}' in /var/www/html/wp-content/mu-plugins/vp-proxy-directus.php on line 681
[08-Mar-2026 08:47:07 UTC] PHP Parse error:  Unmatched '}' in /var/www/html/wp-content/mu-plugins/vp-proxy-directus.php on line 681
[08-Mar-2026 08:47:07 UTC] PHP Parse error:  Unmatched '}' in /var/www/html/wp-content/mu-plugins/vp-proxy-directus.php on line 681
[08-Mar-2026 08:47:08 UTC] PHP Parse error:  Unmatched '}' in /var/www/html/wp-content/mu-plugins/vp-proxy-directus.php on line 681
[08-Mar-2026 08:47:14 UTC] PHP Parse error:  Unmatched '}' in /var/www/html/wp-content/mu-plugins/vp-proxy-directus.php on line 681
[08-Mar-2026 08:47:17 UTC] PHP Parse error:  Unmatched '}' in /var/www/html/wp-content/mu-plugins/vp-proxy-directus.php on line 681
[08-Mar-2026 08:47:18 UTC] PHP Parse error:  Unmatched '}' in /var/www/html/wp-content/mu-plugins/vp-proxy-directus.php on line 681
[08-Mar-2026 08:47:19 UTC] PHP Parse error:  Unmatched '}' in /var/www/html/wp-content/mu-plugins/vp-proxy-directus.php on line 681
[08-Mar-2026 08:47:20 UTC] PHP Parse error:  Unmatched '}' in /var/www/html/wp-content/mu-plugins/vp-proxy-directus.php on line 681
[08-Mar-2026 08:47:26 UTC] PHP Parse error:  Unmatched '}' in /var/www/html/wp-content/mu-plugins/vp-proxy-directus.php on line 681
[08-Mar-2026 08:47:28 UTC] PHP Parse error:  Unmatched '}' in /var/www/html/wp-content/mu-plugins/vp-proxy-directus.php on line 681
[08-Mar-2026 08:47:28 UTC] PHP Parse error:  Unmatched '}' in /var/www/html/wp-content/mu-plugins/vp-proxy-directus.php on line 681
[08-Mar-2026 08:47:29 UTC] PHP Parse error:  Unmatched '}' in /var/www/html/wp-content/mu-plugins/vp-proxy-directus.php on line 681
[08-Mar-2026 08:47:35 UTC] PHP Parse error:  Unmatched '}' in /var/www/html/wp-content/mu-plugins/vp-proxy-directus.php on line 681
[08-Mar-2026 08:47:39 UTC] PHP Parse error:  Unmatched '}' in /var/www/html/wp-content/mu-plugins/vp-proxy-directus.php on line 681
[08-Mar-2026 08:48:23 UTC] PHP Parse error:  Unmatched '}' in /var/www/html/wp-content/mu-plugins/vp-proxy-directus.php on line 681
[08-Mar-2026 08:48:54 UTC] PHP Parse error:  Unmatched '}' in /var/www/html/wp-content/mu-plugins/vp-proxy-directus.php on line 681
[08-Mar-2026 08:48:55 UTC] PHP Parse error:  Unmatched '}' in /var/www/html/wp-content/mu-plugins/vp-proxy-directus.php on line 681
[08-Mar-2026 08:48:56 UTC] PHP Parse error:  Unmatched '}' in /var/www/html/wp-content/mu-plugins/vp-proxy-directus.php on line 681
[08-Mar-2026 08:48:58 UTC] PHP Parse error:  Unmatched '}' in /var/www/html/wp-content/mu-plugins/vp-proxy-directus.php on line 681
[08-Mar-2026 08:48:59 UTC] PHP Parse error:  Unmatched '}' in /var/www/html/wp-content/mu-plugins/vp-proxy-directus.php on line 681
[08-Mar-2026 08:49:00 UTC] PHP Parse error:  Unmatched '}' in /var/www/html/wp-content/mu-plugins/vp-proxy-directus.php on line 681
[08-Mar-2026 08:49:01 UTC] PHP Parse error:  Unmatched '}' in /var/www/html/wp-content/mu-plugins/vp-proxy-directus.php on line 681
[08-Mar-2026 08:49:01 UTC] PHP Parse error:  Unmatched '}' in /var/www/html/wp-content/mu-plugins/vp-proxy-directus.php on line 681
[08-Mar-2026 08:49:32 UTC] PHP Parse error:  Unmatched '}' in /var/www/html/wp-content/mu-plugins/vp-proxy-directus.php on line 681
[08-Mar-2026 08:49:33 UTC] PHP Parse error:  Unmatched '}' in /var/www/html/wp-content/mu-plugins/vp-proxy-directus.php on line 681
[08-Mar-2026 08:49:38 UTC] PHP Parse error:  Unmatched '}' in /var/www/html/wp-content/mu-plugins/vp-proxy-directus.php on line 681
[08-Mar-2026 08:49:40 UTC] PHP Parse error:  Unmatched '}' in /var/www/html/wp-content/mu-plugins/vp-proxy-directus.php on line 681
[08-Mar-2026 08:49:41 UTC] PHP Parse error:  Unmatched '}' in /var/www/html/wp-content/mu-plugins/vp-proxy-directus.php on line 681
[08-Mar-2026 08:49:41 UTC] PHP Parse error:  Unmatched '}' in /var/www/html/wp-content/mu-plugins/vp-proxy-directus.php on line 681
[08-Mar-2026 08:49:42 UTC] PHP Parse error:  Unmatched '}' in /var/www/html/wp-content/mu-plugins/vp-proxy-directus.php on line 681
[08-Mar-2026 08:50:21 UTC] PHP Parse error:  Unmatched '}' in /var/www/html/wp-content/mu-plugins/vp-proxy-directus.php on line 681
[08-Mar-2026 08:50:22 UTC] PHP Parse error:  Unmatched '}' in /var/www/html/wp-content/mu-plugins/vp-proxy-directus.php on line 681
[08-Mar-2026 08:50:23 UTC] PHP Parse error:  Unmatched '}' in /var/www/html/wp-content/mu-plugins/vp-proxy-directus.php on line 681
[08-Mar-2026 08:50:24 UTC] PHP Parse error:  Unmatched '}' in /var/www/html/wp-content/mu-plugins/vp-proxy-directus.php on line 681
[08-Mar-2026 08:50:25 UTC] PHP Parse error:  Unmatched '}' in /var/www/html/wp-content/mu-plugins/vp-proxy-directus.php on line 681
[08-Mar-2026 08:50:26 UTC] PHP Parse error:  Unmatched '}' in /var/www/html/wp-content/mu-plugins/vp-proxy-directus.php on line 681
[08-Mar-2026 08:50:32 UTC] PHP Parse error:  Unmatched '}' in /var/www/html/wp-content/mu-plugins/vp-proxy-directus.php on line 681
[08-Mar-2026 08:50:37 UTC] PHP Parse error:  Unmatched '}' in /var/www/html/wp-content/mu-plugins/vp-proxy-directus.php on line 681
[08-Mar-2026 08:50:39 UTC] PHP Parse error:  Unmatched '}' in /var/www/html/wp-content/mu-plugins/vp-proxy-directus.php on line 681
[08-Mar-2026 08:51:10 UTC] PHP Parse error:  Unmatched '}' in /var/www/html/wp-content/mu-plugins/vp-proxy-directus.php on line 681
[08-Mar-2026 08:51:11 UTC] PHP Parse error:  Unmatched '}' in /var/www/html/wp-content/mu-plugins/vp-proxy-directus.php on line 681
[08-Mar-2026 08:51:13 UTC] PHP Parse error:  Unmatched '}' in /var/www/html/wp-content/mu-plugins/vp-proxy-directus.php on line 681
[08-Mar-2026 08:51:14 UTC] PHP Parse error:  Unmatched '}' in /var/www/html/wp-content/mu-plugins/vp-proxy-directus.php on line 681
[08-Mar-2026 08:51:17 UTC] PHP Parse error:  Unmatched '}' in /var/www/html/wp-content/mu-plugins/vp-proxy-directus.php on line 681
[08-Mar-2026 08:51:18 UTC] PHP Parse error:  Unmatched '}' in /var/www/html/wp-content/mu-plugins/vp-proxy-directus.php on line 681
[08-Mar-2026 08:51:19 UTC] PHP Parse error:  Unmatched '}' in /var/www/html/wp-content/mu-plugins/vp-proxy-directus.php on line 681
[08-Mar-2026 08:51:20 UTC] PHP Parse error:  Unmatched '}' in /var/www/html/wp-content/mu-plugins/vp-proxy-directus.php on line 681
[08-Mar-2026 08:51:26 UTC] PHP Parse error:  Unmatched '}' in /var/www/html/wp-content/mu-plugins/vp-proxy-directus.php on line 681
[08-Mar-2026 08:51:31 UTC] PHP Parse error:  Unmatched '}' in /var/www/html/wp-content/mu-plugins/vp-proxy-directus.php on line 681
[08-Mar-2026 08:51:32 UTC] PHP Parse error:  Unmatched '}' in /var/www/html/wp-content/mu-plugins/vp-proxy-directus.php on line 681
[08-Mar-2026 08:51:32 UTC] PHP Parse error:  Unmatched '}' in /var/www/html/wp-content/mu-plugins/vp-proxy-directus.php on line 681
[08-Mar-2026 08:51:33 UTC] PHP Parse error:  Unmatched '}' in /var/www/html/wp-content/mu-plugins/vp-proxy-directus.php on line 681
[08-Mar-2026 08:51:34 UTC] PHP Parse error:  Unmatched '}' in /var/www/html/wp-content/mu-plugins/vp-proxy-directus.php on line 681
[08-Mar-2026 08:51:41 UTC] PHP Parse error:  Unmatched '}' in /var/www/html/wp-content/mu-plugins/vp-proxy-directus.php on line 681
[08-Mar-2026 08:51:42 UTC] PHP Parse error:  Unmatched '}' in /var/www/html/wp-content/mu-plugins/vp-proxy-directus.php on line 681
[08-Mar-2026 08:52:01 UTC] PHP Parse error:  Unmatched '}' in /var/www/html/wp-content/mu-plugins/vp-proxy-directus.php on line 681
[08-Mar-2026 08:52:08 UTC] PHP Parse error:  Unmatched '}' in /var/www/html/wp-content/mu-plugins/vp-proxy-directus.php on line 681
[08-Mar-2026 08:52:13 UTC] PHP Parse error:  Unmatched '}' in /var/www/html/wp-content/mu-plugins/vp-proxy-directus.php on line 681
[08-Mar-2026 08:52:37 UTC] PHP Parse error:  Unmatched '}' in /var/www/html/wp-content/mu-plugins/vp-proxy-directus.php on line 681
[08-Mar-2026 08:52:52 UTC] PHP Parse error:  Unmatched '}' in /var/www/html/wp-content/mu-plugins/vp-proxy-directus.php on line 681
[08-Mar-2026 08:52:54 UTC] PHP Parse error:  Unmatched '}' in /var/www/html/wp-content/mu-plugins/vp-proxy-directus.php on line 681
[08-Mar-2026 08:52:55 UTC] PHP Parse error:  Unmatched '}' in /var/www/html/wp-content/mu-plugins/vp-proxy-directus.php on line 681
[08-Mar-2026 08:53:00 UTC] PHP Parse error:  Unmatched '}' in /var/www/html/wp-content/mu-plugins/vp-proxy-directus.php on line 681
[08-Mar-2026 08:53:02 UTC] PHP Parse error:  Unmatched '}' in /var/www/html/wp-content/mu-plugins/vp-proxy-directus.php on line 681
[08-Mar-2026 08:53:03 UTC] PHP Parse error:  Unmatched '}' in /var/www/html/wp-content/mu-plugins/vp-proxy-directus.php on line 681
[08-Mar-2026 08:53:04 UTC] PHP Parse error:  Unmatched '}' in /var/www/html/wp-content/mu-plugins/vp-proxy-directus.php on line 681
[08-Mar-2026 08:53:06 UTC] PHP Parse error:  Unmatched '}' in /var/www/html/wp-content/mu-plugins/vp-proxy-directus.php on line 681
[08-Mar-2026 08:53:14 UTC] PHP Parse error:  Unmatched '}' in /var/www/html/wp-content/mu-plugins/vp-proxy-directus.php on line 681
[08-Mar-2026 08:53:17 UTC] PHP Parse error:  Unmatched '}' in /var/www/html/wp-content/mu-plugins/vp-proxy-directus.php on line 681
[08-Mar-2026 08:53:18 UTC] PHP Parse error:  Unmatched '}' in /var/www/html/wp-content/mu-plugins/vp-proxy-directus.php on line 681
[08-Mar-2026 08:53:19 UTC] PHP Parse error:  Unmatched '}' in /var/www/html/wp-content/mu-plugins/vp-proxy-directus.php on line 681
[08-Mar-2026 08:53:21 UTC] PHP Parse error:  Unmatched '}' in /var/www/html/wp-content/mu-plugins/vp-proxy-directus.php on line 681
[08-Mar-2026 08:53:22 UTC] PHP Parse error:  Unmatched '}' in /var/www/html/wp-content/mu-plugins/vp-proxy-directus.php on line 681
[08-Mar-2026 08:53:24 UTC] PHP Parse error:  Unmatched '}' in /var/www/html/wp-content/mu-plugins/vp-proxy-directus.php on line 681
[08-Mar-2026 08:53:25 UTC] PHP Parse error:  Unmatched '}' in /var/www/html/wp-content/mu-plugins/vp-proxy-directus.php on line 681
[08-Mar-2026 08:53:27 UTC] PHP Parse error:  Unmatched '}' in /var/www/html/wp-content/mu-plugins/vp-proxy-directus.php on line 681
[08-Mar-2026 08:53:30 UTC] PHP Parse error:  Unmatched '}' in /var/www/html/wp-content/mu-plugins/vp-proxy-directus.php on line 681
[08-Mar-2026 08:53:34 UTC] PHP Parse error:  Unmatched '}' in /var/www/html/wp-content/mu-plugins/vp-proxy-directus.php on line 681
[08-Mar-2026 08:53:36 UTC] PHP Parse error:  Unmatched '}' in /var/www/html/wp-content/mu-plugins/vp-proxy-directus.php on line 681
[08-Mar-2026 08:53:37 UTC] PHP Parse error:  Unmatched '}' in /var/www/html/wp-content/mu-plugins/vp-proxy-directus.php on line 681
[08-Mar-2026 08:53:38 UTC] PHP Parse error:  Unmatched '}' in /var/www/html/wp-content/mu-plugins/vp-proxy-directus.php on line 681
[08-Mar-2026 08:53:40 UTC] PHP Parse error:  Unmatched '}' in /var/www/html/wp-content/mu-plugins/vp-proxy-directus.php on line 681
[08-Mar-2026 08:53:41 UTC] PHP Parse error:  Unmatched '}' in /var/www/html/wp-content/mu-plugins/vp-proxy-directus.php on line 681
[08-Mar-2026 08:53:42 UTC] PHP Parse error:  Unmatched '}' in /var/www/html/wp-content/mu-plugins/vp-proxy-directus.php on line 681
[08-Mar-2026 08:53:43 UTC] PHP Parse error:  Unmatched '}' in /var/www/html/wp-content/mu-plugins/vp-proxy-directus.php on line 681
[08-Mar-2026 08:53:47 UTC] PHP Parse error:  Unmatched '}' in /var/www/html/wp-content/mu-plugins/vp-proxy-directus.php on line 681
[08-Mar-2026 08:53:50 UTC] PHP Parse error:  Unmatched '}' in /var/www/html/wp-content/mu-plugins/vp-proxy-directus.php on line 681
[08-Mar-2026 08:53:51 UTC] PHP Parse error:  Unmatched '}' in /var/www/html/wp-content/mu-plugins/vp-proxy-directus.php on line 681
[08-Mar-2026 08:53:52 UTC] PHP Parse error:  Unmatched '}' in /var/www/html/wp-content/mu-plugins/vp-proxy-directus.php on line 681
[08-Mar-2026 08:54:23 UTC] PHP Parse error:  Unmatched '}' in /var/www/html/wp-content/mu-plugins/vp-proxy-directus.php on line 681
[08-Mar-2026 08:54:24 UTC] PHP Parse error:  Unmatched '}' in /var/www/html/wp-content/mu-plugins/vp-proxy-directus.php on line 681
[08-Mar-2026 08:54:26 UTC] PHP Parse error:  Unmatched '}' in /var/www/html/wp-content/mu-plugins/vp-proxy-directus.php on line 681
[08-Mar-2026 08:54:28 UTC] PHP Parse error:  Unmatched '}' in /var/www/html/wp-content/mu-plugins/vp-proxy-directus.php on line 681
[08-Mar-2026 08:54:29 UTC] PHP Parse error:  Unmatched '}' in /var/www/html/wp-content/mu-plugins/vp-proxy-directus.php on line 681
[08-Mar-2026 08:54:29 UTC] PHP Parse error:  Unmatched '}' in /var/www/html/wp-content/mu-plugins/vp-proxy-directus.php on line 681
[08-Mar-2026 08:54:30 UTC] PHP Parse error:  Unmatched '}' in /var/www/html/wp-content/mu-plugins/vp-proxy-directus.php on line 681
[08-Mar-2026 08:54:31 UTC] PHP Parse error:  Unmatched '}' in /var/www/html/wp-content/mu-plugins/vp-proxy-directus.php on line 681
[08-Mar-2026 08:54:32 UTC] PHP Parse error:  Unmatched '}' in /var/www/html/wp-content/mu-plugins/vp-proxy-directus.php on line 681
[08-Mar-2026 08:54:33 UTC] PHP Parse error:  Unmatched '}' in /var/www/html/wp-content/mu-plugins/vp-proxy-directus.php on line 681
[08-Mar-2026 08:54:33 UTC] PHP Parse error:  Unmatched '}' in /var/www/html/wp-content/mu-plugins/vp-proxy-directus.php on line 681
[08-Mar-2026 08:54:34 UTC] PHP Parse error:  Unmatched '}' in /var/www/html/wp-content/mu-plugins/vp-proxy-directus.php on line 681
[08-Mar-2026 08:54:34 UTC] PHP Parse error:  Unmatched '}' in /var/www/html/wp-content/mu-plugins/vp-proxy-directus.php on line 681
[08-Mar-2026 08:55:06 UTC] PHP Parse error:  Unmatched '}' in /var/www/html/wp-content/mu-plugins/vp-proxy-directus.php on line 681
[08-Mar-2026 08:55:07 UTC] PHP Parse error:  Unmatched '}' in /var/www/html/wp-content/mu-plugins/vp-proxy-directus.php on line 681
[08-Mar-2026 08:55:07 UTC] PHP Parse error:  Unmatched '}' in /var/www/html/wp-content/mu-plugins/vp-proxy-directus.php on line 681
[08-Mar-2026 08:55:39 UTC] PHP Parse error:  Unmatched '}' in /var/www/html/wp-content/mu-plugins/vp-proxy-directus.php on line 681
[08-Mar-2026 08:55:52 UTC] PHP Parse error:  Unmatched '}' in /var/www/html/wp-content/mu-plugins/vp-proxy-directus.php on line 681
[08-Mar-2026 08:55:52 UTC] PHP Parse error:  Unmatched '}' in /var/www/html/wp-content/mu-plugins/vp-proxy-directus.php on line 681
[08-Mar-2026 08:55:52 UTC] PHP Parse error:  Unmatched '}' in /var/www/html/wp-content/mu-plugins/vp-proxy-directus.php on line 681
[08-Mar-2026 08:55:54 UTC] PHP Parse error:  Unmatched '}' in /var/www/html/wp-content/mu-plugins/vp-proxy-directus.php on line 681
[08-Mar-2026 08:56:00 UTC] PHP Parse error:  Unmatched '}' in /var/www/html/wp-content/mu-plugins/vp-proxy-directus.php on line 681
[08-Mar-2026 08:56:03 UTC] PHP Parse error:  Unmatched '}' in /var/www/html/wp-content/mu-plugins/vp-proxy-directus.php on line 681
[08-Mar-2026 08:56:05 UTC] PHP Parse error:  Unmatched '}' in /var/www/html/wp-content/mu-plugins/vp-proxy-directus.php on line 681
[08-Mar-2026 08:56:07 UTC] PHP Parse error:  Unmatched '}' in /var/www/html/wp-content/mu-plugins/vp-proxy-directus.php on line 681
[08-Mar-2026 08:56:08 UTC] PHP Parse error:  Unmatched '}' in /var/www/html/wp-content/mu-plugins/vp-proxy-directus.php on line 681
[08-Mar-2026 08:56:09 UTC] PHP Parse error:  Unmatched '}' in /var/www/html/wp-content/mu-plugins/vp-proxy-directus.php on line 681
[08-Mar-2026 08:56:09 UTC] PHP Parse error:  Unmatched '}' in /var/www/html/wp-content/mu-plugins/vp-proxy-directus.php on line 681
[08-Mar-2026 08:56:10 UTC] PHP Parse error:  Unmatched '}' in /var/www/html/wp-content/mu-plugins/vp-proxy-directus.php on line 681
[08-Mar-2026 08:56:11 UTC] PHP Parse error:  Unmatched '}' in /var/www/html/wp-content/mu-plugins/vp-proxy-directus.php on line 681
[08-Mar-2026 08:56:12 UTC] PHP Parse error:  Unmatched '}' in /var/www/html/wp-content/mu-plugins/vp-proxy-directus.php on line 681
[08-Mar-2026 08:56:13 UTC] PHP Parse error:  Unmatched '}' in /var/www/html/wp-content/mu-plugins/vp-proxy-directus.php on line 681
[08-Mar-2026 08:56:14 UTC] PHP Parse error:  Unmatched '}' in /var/www/html/wp-content/mu-plugins/vp-proxy-directus.php on line 681
[08-Mar-2026 08:56:15 UTC] PHP Parse error:  Unmatched '}' in /var/www/html/wp-content/mu-plugins/vp-proxy-directus.php on line 681
[08-Mar-2026 08:56:17 UTC] PHP Parse error:  Unmatched '}' in /var/www/html/wp-content/mu-plugins/vp-proxy-directus.php on line 681
[08-Mar-2026 08:56:17 UTC] PHP Parse error:  Unmatched '}' in /var/www/html/wp-content/mu-plugins/vp-proxy-directus.php on line 681
[08-Mar-2026 08:56:18 UTC] PHP Parse error:  Unmatched '}' in /var/www/html/wp-content/mu-plugins/vp-proxy-directus.php on line 681
[08-Mar-2026 08:57:19 UTC] PHP Parse error:  Unmatched '}' in /var/www/html/wp-content/mu-plugins/vp-proxy-directus.php on line 681
[08-Mar-2026 08:57:20 UTC] PHP Parse error:  Unmatched '}' in /var/www/html/wp-content/mu-plugins/vp-proxy-directus.php on line 681
[08-Mar-2026 08:57:21 UTC] PHP Parse error:  Unmatched '}' in /var/www/html/wp-content/mu-plugins/vp-proxy-directus.php on line 681
[08-Mar-2026 08:57:23 UTC] PHP Parse error:  Unmatched '}' in /var/www/html/wp-content/mu-plugins/vp-proxy-directus.php on line 681
[08-Mar-2026 08:57:24 UTC] PHP Parse error:  Unmatched '}' in /var/www/html/wp-content/mu-plugins/vp-proxy-directus.php on line 681
[08-Mar-2026 08:57:26 UTC] PHP Parse error:  Unmatched '}' in /var/www/html/wp-content/mu-plugins/vp-proxy-directus.php on line 681
[08-Mar-2026 08:57:57 UTC] PHP Parse error:  Unmatched '}' in /var/www/html/wp-content/mu-plugins/vp-proxy-directus.php on line 681
[08-Mar-2026 08:57:58 UTC] PHP Parse error:  Unmatched '}' in /var/www/html/wp-content/mu-plugins/vp-proxy-directus.php on line 681
[08-Mar-2026 08:57:58 UTC] PHP Parse error:  Unmatched '}' in /var/www/html/wp-content/mu-plugins/vp-proxy-directus.php on line 681
[08-Mar-2026 08:58:00 UTC] PHP Parse error:  Unmatched '}' in /var/www/html/wp-content/mu-plugins/vp-proxy-directus.php on line 681
[08-Mar-2026 08:58:01 UTC] PHP Parse error:  Unmatched '}' in /var/www/html/wp-content/mu-plugins/vp-proxy-directus.php on line 681
[08-Mar-2026 08:58:32 UTC] PHP Parse error:  Unmatched '}' in /var/www/html/wp-content/mu-plugins/vp-proxy-directus.php on line 681
[08-Mar-2026 08:58:33 UTC] PHP Parse error:  Unmatched '}' in /var/www/html/wp-content/mu-plugins/vp-proxy-directus.php on line 681
[08-Mar-2026 08:58:34 UTC] PHP Parse error:  Unmatched '}' in /var/www/html/wp-content/mu-plugins/vp-proxy-directus.php on line 681
[08-Mar-2026 08:58:35 UTC] PHP Parse error:  Unmatched '}' in /var/www/html/wp-content/mu-plugins/vp-proxy-directus.php on line 681
[08-Mar-2026 08:58:36 UTC] PHP Parse error:  Unmatched '}' in /var/www/html/wp-content/mu-plugins/vp-proxy-directus.php on line 681
[08-Mar-2026 08:58:36 UTC] PHP Parse error:  Unmatched '}' in /var/www/html/wp-content/mu-plugins/vp-proxy-directus.php on line 681
[08-Mar-2026 08:58:38 UTC] PHP Parse error:  Unmatched '}' in /var/www/html/wp-content/mu-plugins/vp-proxy-directus.php on line 681
[08-Mar-2026 08:58:38 UTC] PHP Parse error:  Unmatched '}' in /var/www/html/wp-content/mu-plugins/vp-proxy-directus.php on line 681
[08-Mar-2026 08:58:39 UTC] PHP Parse error:  Unmatched '}' in /var/www/html/wp-content/mu-plugins/vp-proxy-directus.php on line 681
[08-Mar-2026 08:58:40 UTC] PHP Parse error:  Unmatched '}' in /var/www/html/wp-content/mu-plugins/vp-proxy-directus.php on line 681
[08-Mar-2026 08:58:40 UTC] PHP Parse error:  Unmatched '}' in /var/www/html/wp-content/mu-plugins/vp-proxy-directus.php on line 681
[08-Mar-2026 08:58:41 UTC] PHP Parse error:  Unmatched '}' in /var/www/html/wp-content/mu-plugins/vp-proxy-directus.php on line 681
[08-Mar-2026 08:58:42 UTC] PHP Parse error:  Unmatched '}' in /var/www/html/wp-content/mu-plugins/vp-proxy-directus.php on line 681
[08-Mar-2026 08:58:43 UTC] PHP Parse error:  Unmatched '}' in /var/www/html/wp-content/mu-plugins/vp-proxy-directus.php on line 681
[08-Mar-2026 08:59:25 UTC] PHP Parse error:  Unmatched '}' in /var/www/html/wp-content/mu-plugins/vp-proxy-directus.php on line 681
[08-Mar-2026 08:59:25 UTC] PHP Parse error:  Unmatched '}' in /var/www/html/wp-content/mu-plugins/vp-proxy-directus.php on line 681
[08-Mar-2026 08:59:26 UTC] PHP Parse error:  Unmatched '}' in /var/www/html/wp-content/mu-plugins/vp-proxy-directus.php on line 681
[08-Mar-2026 08:59:27 UTC] PHP Parse error:  Unmatched '}' in /var/www/html/wp-content/mu-plugins/vp-proxy-directus.php on line 681
[08-Mar-2026 08:59:28 UTC] PHP Parse error:  Unmatched '}' in /var/www/html/wp-content/mu-plugins/vp-proxy-directus.php on line 681
[08-Mar-2026 08:59:28 UTC] PHP Parse error:  Unmatched '}' in /var/www/html/wp-content/mu-plugins/vp-proxy-directus.php on line 681
[08-Mar-2026 08:59:29 UTC] PHP Parse error:  Unmatched '}' in /var/www/html/wp-content/mu-plugins/vp-proxy-directus.php on line 681
[08-Mar-2026 08:59:59 UTC] PHP Parse error:  Unmatched '}' in /var/www/html/wp-content/mu-plugins/vp-proxy-directus.php on line 681
[08-Mar-2026 09:00:01 UTC] PHP Parse error:  Unmatched '}' in /var/www/html/wp-content/mu-plugins/vp-proxy-directus.php on line 681
[08-Mar-2026 09:00:02 UTC] PHP Parse error:  Unmatched '}' in /var/www/html/wp-content/mu-plugins/vp-proxy-directus.php on line 681
[08-Mar-2026 09:00:04 UTC] PHP Parse error:  Unmatched '}' in /var/www/html/wp-content/mu-plugins/vp-proxy-directus.php on line 681
[08-Mar-2026 09:00:05 UTC] PHP Parse error:  Unmatched '}' in /var/www/html/wp-content/mu-plugins/vp-proxy-directus.php on line 681
[08-Mar-2026 09:00:36 UTC] PHP Parse error:  Unmatched '}' in /var/www/html/wp-content/mu-plugins/vp-proxy-directus.php on line 681
[08-Mar-2026 09:00:48 UTC] PHP Parse error:  Unmatched '}' in /var/www/html/wp-content/mu-plugins/vp-proxy-directus.php on line 681
[08-Mar-2026 09:00:48 UTC] PHP Parse error:  Unmatched '}' in /var/www/html/wp-content/mu-plugins/vp-proxy-directus.php on line 681
[08-Mar-2026 09:00:49 UTC] PHP Parse error:  Unmatched '}' in /var/www/html/wp-content/mu-plugins/vp-proxy-directus.php on line 681
[08-Mar-2026 09:00:50 UTC] PHP Parse error:  Unmatched '}' in /var/www/html/wp-content/mu-plugins/vp-proxy-directus.php on line 681
[08-Mar-2026 09:01:21 UTC] PHP Parse error:  Unmatched '}' in /var/www/html/wp-content/mu-plugins/vp-proxy-directus.php on line 681
[08-Mar-2026 09:01:22 UTC] PHP Parse error:  Unmatched '}' in /var/www/html/wp-content/mu-plugins/vp-proxy-directus.php on line 681
[08-Mar-2026 09:01:23 UTC] PHP Parse error:  Unmatched '}' in /var/www/html/wp-content/mu-plugins/vp-proxy-directus.php on line 681
[08-Mar-2026 09:01:23 UTC] PHP Parse error:  Unmatched '}' in /var/www/html/wp-content/mu-plugins/vp-proxy-directus.php on line 681
[08-Mar-2026 09:01:25 UTC] PHP Parse error:  Unmatched '}' in /var/www/html/wp-content/mu-plugins/vp-proxy-directus.php on line 681
[08-Mar-2026 09:01:26 UTC] PHP Parse error:  Unmatched '}' in /var/www/html/wp-content/mu-plugins/vp-proxy-directus.php on line 681
[08-Mar-2026 09:01:27 UTC] PHP Parse error:  Unmatched '}' in /var/www/html/wp-content/mu-plugins/vp-proxy-directus.php on line 681
[08-Mar-2026 09:01:31 UTC] PHP Parse error:  Unmatched '}' in /var/www/html/wp-content/mu-plugins/vp-proxy-directus.php on line 681
[08-Mar-2026 09:01:33 UTC] PHP Parse error:  Unmatched '}' in /var/www/html/wp-content/mu-plugins/vp-proxy-directus.php on line 681
[08-Mar-2026 09:01:34 UTC] PHP Parse error:  Unmatched '}' in /var/www/html/wp-content/mu-plugins/vp-proxy-directus.php on line 681
[08-Mar-2026 09:01:37 UTC] PHP Parse error:  Unmatched '}' in /var/www/html/wp-content/mu-plugins/vp-proxy-directus.php on line 681
[08-Mar-2026 09:01:38 UTC] PHP Parse error:  Unmatched '}' in /var/www/html/wp-content/mu-plugins/vp-proxy-directus.php on line 681
[08-Mar-2026 09:01:38 UTC] PHP Parse error:  Unmatched '}' in /var/www/html/wp-content/mu-plugins/vp-proxy-directus.php on line 681
[08-Mar-2026 09:01:40 UTC] PHP Parse error:  Unmatched '}' in /var/www/html/wp-content/mu-plugins/vp-proxy-directus.php on line 681
[08-Mar-2026 09:01:42 UTC] PHP Parse error:  Unmatched '}' in /var/www/html/wp-content/mu-plugins/vp-proxy-directus.php on line 681
[08-Mar-2026 09:01:43 UTC] PHP Parse error:  Unmatched '}' in /var/www/html/wp-content/mu-plugins/vp-proxy-directus.php on line 681
[08-Mar-2026 09:02:11 UTC] PHP Parse error:  Unmatched '}' in /var/www/html/wp-content/mu-plugins/vp-proxy-directus.php on line 681
[08-Mar-2026 09:02:14 UTC] PHP Parse error:  Unmatched '}' in /var/www/html/wp-content/mu-plugins/vp-proxy-directus.php on line 681
[08-Mar-2026 09:02:15 UTC] PHP Parse error:  Unmatched '}' in /var/www/html/wp-content/mu-plugins/vp-proxy-directus.php on line 681
[08-Mar-2026 09:02:16 UTC] PHP Parse error:  Unmatched '}' in /var/www/html/wp-content/mu-plugins/vp-proxy-directus.php on line 681
[08-Mar-2026 09:02:47 UTC] PHP Parse error:  Unmatched '}' in /var/www/html/wp-content/mu-plugins/vp-proxy-directus.php on line 681
[08-Mar-2026 09:03:18 UTC] PHP Parse error:  Unmatched '}' in /var/www/html/wp-content/mu-plugins/vp-proxy-directus.php on line 681
[08-Mar-2026 09:03:18 UTC] PHP Parse error:  Unmatched '}' in /var/www/html/wp-content/mu-plugins/vp-proxy-directus.php on line 681
[08-Mar-2026 09:03:19 UTC] PHP Parse error:  Unmatched '}' in /var/www/html/wp-content/mu-plugins/vp-proxy-directus.php on line 681
[08-Mar-2026 09:03:19 UTC] PHP Parse error:  Unmatched '}' in /var/www/html/wp-content/mu-plugins/vp-proxy-directus.php on line 681
[08-Mar-2026 09:03:20 UTC] PHP Parse error:  Unmatched '}' in /var/www/html/wp-content/mu-plugins/vp-proxy-directus.php on line 681
[08-Mar-2026 09:03:20 UTC] PHP Parse error:  Unmatched '}' in /var/www/html/wp-content/mu-plugins/vp-proxy-directus.php on line 681
[08-Mar-2026 09:03:21 UTC] PHP Parse error:  Unmatched '}' in /var/www/html/wp-content/mu-plugins/vp-proxy-directus.php on line 681
[08-Mar-2026 09:03:22 UTC] PHP Parse error:  Unmatched '}' in /var/www/html/wp-content/mu-plugins/vp-proxy-directus.php on line 681
[08-Mar-2026 09:03:23 UTC] PHP Parse error:  Unmatched '}' in /var/www/html/wp-content/mu-plugins/vp-proxy-directus.php on line 681
[08-Mar-2026 09:03:24 UTC] PHP Parse error:  Unmatched '}' in /var/www/html/wp-content/mu-plugins/vp-proxy-directus.php on line 681
[08-Mar-2026 09:03:25 UTC] PHP Parse error:  Unmatched '}' in /var/www/html/wp-content/mu-plugins/vp-proxy-directus.php on line 681
[08-Mar-2026 09:03:27 UTC] PHP Parse error:  Unmatched '}' in /var/www/html/wp-content/mu-plugins/vp-proxy-directus.php on line 681
[08-Mar-2026 09:03:28 UTC] PHP Parse error:  Unmatched '}' in /var/www/html/wp-content/mu-plugins/vp-proxy-directus.php on line 681
[08-Mar-2026 09:03:29 UTC] PHP Parse error:  Unmatched '}' in /var/www/html/wp-content/mu-plugins/vp-proxy-directus.php on line 681
[08-Mar-2026 09:03:30 UTC] PHP Parse error:  Unmatched '}' in /var/www/html/wp-content/mu-plugins/vp-proxy-directus.php on line 681
[08-Mar-2026 09:03:30 UTC] PHP Parse error:  Unmatched '}' in /var/www/html/wp-content/mu-plugins/vp-proxy-directus.php on line 681
[08-Mar-2026 09:03:31 UTC] PHP Parse error:  Unmatched '}' in /var/www/html/wp-content/mu-plugins/vp-proxy-directus.php on line 681
[08-Mar-2026 09:03:33 UTC] PHP Parse error:  Unmatched '}' in /var/www/html/wp-content/mu-plugins/vp-proxy-directus.php on line 681
[08-Mar-2026 09:03:34 UTC] PHP Parse error:  Unmatched '}' in /var/www/html/wp-content/mu-plugins/vp-proxy-directus.php on line 681
[08-Mar-2026 09:03:35 UTC] PHP Parse error:  Unmatched '}' in /var/www/html/wp-content/mu-plugins/vp-proxy-directus.php on line 681
[08-Mar-2026 09:03:36 UTC] PHP Parse error:  Unmatched '}' in /var/www/html/wp-content/mu-plugins/vp-proxy-directus.php on line 681
[08-Mar-2026 09:03:48 UTC] PHP Parse error:  Unmatched '}' in /var/www/html/wp-content/mu-plugins/vp-proxy-directus.php on line 681
[08-Mar-2026 09:03:50 UTC] PHP Parse error:  Unmatched '}' in /var/www/html/wp-content/mu-plugins/vp-proxy-directus.php on line 681
[08-Mar-2026 09:03:50 UTC] PHP Parse error:  Unmatched '}' in /var/www/html/wp-content/mu-plugins/vp-proxy-directus.php on line 681
[08-Mar-2026 09:03:53 UTC] PHP Parse error:  Unmatched '}' in /var/www/html/wp-content/mu-plugins/vp-proxy-directus.php on line 681
[08-Mar-2026 09:04:00 UTC] PHP Parse error:  Unmatched '}' in /var/www/html/wp-content/mu-plugins/vp-proxy-directus.php on line 681
[08-Mar-2026 09:04:02 UTC] PHP Parse error:  Unmatched '}' in /var/www/html/wp-content/mu-plugins/vp-proxy-directus.php on line 681
[08-Mar-2026 09:04:02 UTC] PHP Parse error:  Unmatched '}' in /var/www/html/wp-content/mu-plugins/vp-proxy-directus.php on line 681
[08-Mar-2026 09:04:03 UTC] PHP Parse error:  Unmatched '}' in /var/www/html/wp-content/mu-plugins/vp-proxy-directus.php on line 681
[08-Mar-2026 09:04:35 UTC] PHP Parse error:  Unmatched '}' in /var/www/html/wp-content/mu-plugins/vp-proxy-directus.php on line 681
[08-Mar-2026 09:04:36 UTC] PHP Parse error:  Unmatched '}' in /var/www/html/wp-content/mu-plugins/vp-proxy-directus.php on line 681
[08-Mar-2026 09:04:37 UTC] PHP Parse error:  Unmatched '}' in /var/www/html/wp-content/mu-plugins/vp-proxy-directus.php on line 681
[08-Mar-2026 09:04:38 UTC] PHP Parse error:  Unmatched '}' in /var/www/html/wp-content/mu-plugins/vp-proxy-directus.php on line 681
[08-Mar-2026 09:04:40 UTC] PHP Parse error:  Unmatched '}' in /var/www/html/wp-content/mu-plugins/vp-proxy-directus.php on line 681
[08-Mar-2026 09:04:56 UTC] PHP Parse error:  Unmatched '}' in /var/www/html/wp-content/mu-plugins/vp-proxy-directus.php on line 681
[08-Mar-2026 09:04:56 UTC] PHP Parse error:  Unmatched '}' in /var/www/html/wp-content/mu-plugins/vp-proxy-directus.php on line 681
[08-Mar-2026 09:04:57 UTC] PHP Parse error:  Unmatched '}' in /var/www/html/wp-content/mu-plugins/vp-proxy-directus.php on line 681
[08-Mar-2026 09:05:10 UTC] PHP Parse error:  Unmatched '}' in /var/www/html/wp-content/mu-plugins/vp-proxy-directus.php on line 681
[08-Mar-2026 09:05:11 UTC] PHP Parse error:  Unmatched '}' in /var/www/html/wp-content/mu-plugins/vp-proxy-directus.php on line 681
[08-Mar-2026 09:05:12 UTC] PHP Parse error:  Unmatched '}' in /var/www/html/wp-content/mu-plugins/vp-proxy-directus.php on line 681
[08-Mar-2026 09:05:13 UTC] PHP Parse error:  Unmatched '}' in /var/www/html/wp-content/mu-plugins/vp-proxy-directus.php on line 681
[08-Mar-2026 09:05:15 UTC] PHP Parse error:  Unmatched '}' in /var/www/html/wp-content/mu-plugins/vp-proxy-directus.php on line 681
[08-Mar-2026 09:05:17 UTC] PHP Parse error:  Unmatched '}' in /var/www/html/wp-content/mu-plugins/vp-proxy-directus.php on line 681
[08-Mar-2026 09:05:18 UTC] PHP Parse error:  Unmatched '}' in /var/www/html/wp-content/mu-plugins/vp-proxy-directus.php on line 681
[08-Mar-2026 09:05:19 UTC] PHP Parse error:  Unmatched '}' in /var/www/html/wp-content/mu-plugins/vp-proxy-directus.php on line 681
[08-Mar-2026 09:05:19 UTC] PHP Parse error:  Unmatched '}' in /var/www/html/wp-content/mu-plugins/vp-proxy-directus.php on line 681
[08-Mar-2026 09:05:21 UTC] PHP Parse error:  Unmatched '}' in /var/www/html/wp-content/mu-plugins/vp-proxy-directus.php on line 681
[08-Mar-2026 09:05:22 UTC] PHP Parse error:  Unmatched '}' in /var/www/html/wp-content/mu-plugins/vp-proxy-directus.php on line 681
[08-Mar-2026 09:05:24 UTC] PHP Parse error:  Unmatched '}' in /var/www/html/wp-content/mu-plugins/vp-proxy-directus.php on line 681
[08-Mar-2026 09:05:27 UTC] PHP Parse error:  Unmatched '}' in /var/www/html/wp-content/mu-plugins/vp-proxy-directus.php on line 681
[08-Mar-2026 09:05:30 UTC] PHP Parse error:  Unmatched '}' in /var/www/html/wp-content/mu-plugins/vp-proxy-directus.php on line 681
[08-Mar-2026 09:06:14 UTC] PHP Parse error:  Unmatched '}' in /var/www/html/wp-content/mu-plugins/vp-proxy-directus.php on line 681
[08-Mar-2026 09:06:24 UTC] PHP Parse error:  Unmatched '}' in /var/www/html/wp-content/mu-plugins/vp-proxy-directus.php on line 681
[08-Mar-2026 09:06:27 UTC] PHP Parse error:  Unmatched '}' in /var/www/html/wp-content/mu-plugins/vp-proxy-directus.php on line 681
[08-Mar-2026 09:06:29 UTC] PHP Parse error:  Unmatched '}' in /var/www/html/wp-content/mu-plugins/vp-proxy-directus.php on line 681
[08-Mar-2026 09:06:30 UTC] PHP Parse error:  Unmatched '}' in /var/www/html/wp-content/mu-plugins/vp-proxy-directus.php on line 681
[08-Mar-2026 09:06:30 UTC] PHP Parse error:  Unmatched '}' in /var/www/html/wp-content/mu-plugins/vp-proxy-directus.php on line 681
[08-Mar-2026 09:06:31 UTC] PHP Parse error:  Unmatched '}' in /var/www/html/wp-content/mu-plugins/vp-proxy-directus.php on line 681
[08-Mar-2026 09:06:35 UTC] PHP Parse error:  Unmatched '}' in /var/www/html/wp-content/mu-plugins/vp-proxy-directus.php on line 681
[08-Mar-2026 09:06:39 UTC] PHP Parse error:  Unmatched '}' in /var/www/html/wp-content/mu-plugins/vp-proxy-directus.php on line 681
[08-Mar-2026 09:06:41 UTC] PHP Parse error:  Unmatched '}' in /var/www/html/wp-content/mu-plugins/vp-proxy-directus.php on line 681
[08-Mar-2026 09:06:42 UTC] PHP Parse error:  Unmatched '}' in /var/www/html/wp-content/mu-plugins/vp-proxy-directus.php on line 681
[08-Mar-2026 09:06:42 UTC] PHP Parse error:  Unmatched '}' in /var/www/html/wp-content/mu-plugins/vp-proxy-directus.php on line 681
[08-Mar-2026 09:06:54 UTC] PHP Parse error:  Unmatched '}' in /var/www/html/wp-content/mu-plugins/vp-proxy-directus.php on line 681
[08-Mar-2026 09:07:13 UTC] PHP Parse error:  Unmatched '}' in /var/www/html/wp-content/mu-plugins/vp-proxy-directus.php on line 681
[08-Mar-2026 09:07:14 UTC] PHP Parse error:  Unmatched '}' in /var/www/html/wp-content/mu-plugins/vp-proxy-directus.php on line 681
[08-Mar-2026 09:07:20 UTC] PHP Parse error:  Unmatched '}' in /var/www/html/wp-content/mu-plugins/vp-proxy-directus.php on line 681
[08-Mar-2026 09:07:23 UTC] PHP Parse error:  Unmatched '}' in /var/www/html/wp-content/mu-plugins/vp-proxy-directus.php on line 681
[08-Mar-2026 09:07:23 UTC] PHP Parse error:  Unmatched '}' in /var/www/html/wp-content/mu-plugins/vp-proxy-directus.php on line 681
[08-Mar-2026 09:07:25 UTC] PHP Parse error:  Unmatched '}' in /var/www/html/wp-content/mu-plugins/vp-proxy-directus.php on line 681
[08-Mar-2026 09:07:29 UTC] PHP Parse error:  Unmatched '}' in /var/www/html/wp-content/mu-plugins/vp-proxy-directus.php on line 681
[08-Mar-2026 09:07:32 UTC] PHP Parse error:  Unmatched '}' in /var/www/html/wp-content/mu-plugins/vp-proxy-directus.php on line 681
[08-Mar-2026 09:07:40 UTC] PHP Parse error:  Unmatched '}' in /var/www/html/wp-content/mu-plugins/vp-proxy-directus.php on line 681
[08-Mar-2026 09:07:44 UTC] PHP Parse error:  Unmatched '}' in /var/www/html/wp-content/mu-plugins/vp-proxy-directus.php on line 681
[08-Mar-2026 09:07:44 UTC] PHP Parse error:  Unmatched '}' in /var/www/html/wp-content/mu-plugins/vp-proxy-directus.php on line 681
[08-Mar-2026 09:07:45 UTC] PHP Parse error:  Unmatched '}' in /var/www/html/wp-content/mu-plugins/vp-proxy-directus.php on line 681
[08-Mar-2026 09:07:47 UTC] PHP Parse error:  Unmatched '}' in /var/www/html/wp-content/mu-plugins/vp-proxy-directus.php on line 681
[08-Mar-2026 09:08:18 UTC] PHP Parse error:  Unmatched '}' in /var/www/html/wp-content/mu-plugins/vp-proxy-directus.php on line 681
[08-Mar-2026 09:08:19 UTC] PHP Parse error:  Unmatched '}' in /var/www/html/wp-content/mu-plugins/vp-proxy-directus.php on line 681
[08-Mar-2026 09:08:37 UTC] PHP Parse error:  Unmatched '}' in /var/www/html/wp-content/mu-plugins/vp-proxy-directus.php on line 681
[08-Mar-2026 09:08:45 UTC] PHP Parse error:  Unmatched '}' in /var/www/html/wp-content/mu-plugins/vp-proxy-directus.php on line 681
[08-Mar-2026 09:08:51 UTC] PHP Parse error:  Unmatched '}' in /var/www/html/wp-content/mu-plugins/vp-proxy-directus.php on line 681
[08-Mar-2026 09:09:02 UTC] PHP Parse error:  Unmatched '}' in /var/www/html/wp-content/mu-plugins/vp-proxy-directus.php on line 681
[08-Mar-2026 09:09:05 UTC] PHP Parse error:  Unmatched '}' in /var/www/html/wp-content/mu-plugins/vp-proxy-directus.php on line 681
[08-Mar-2026 09:09:06 UTC] PHP Parse error:  Unmatched '}' in /var/www/html/wp-content/mu-plugins/vp-proxy-directus.php on line 681
[08-Mar-2026 09:09:07 UTC] PHP Parse error:  Unmatched '}' in /var/www/html/wp-content/mu-plugins/vp-proxy-directus.php on line 681
[08-Mar-2026 09:09:13 UTC] PHP Parse error:  Unmatched '}' in /var/www/html/wp-content/mu-plugins/vp-proxy-directus.php on line 681
[08-Mar-2026 09:09:15 UTC] PHP Parse error:  Unmatched '}' in /var/www/html/wp-content/mu-plugins/vp-proxy-directus.php on line 681
[08-Mar-2026 09:09:16 UTC] PHP Parse error:  Unmatched '}' in /var/www/html/wp-content/mu-plugins/vp-proxy-directus.php on line 681
[08-Mar-2026 09:09:17 UTC] PHP Parse error:  Unmatched '}' in /var/www/html/wp-content/mu-plugins/vp-proxy-directus.php on line 681
[08-Mar-2026 09:09:18 UTC] PHP Parse error:  Unmatched '}' in /var/www/html/wp-content/mu-plugins/vp-proxy-directus.php on line 681
[08-Mar-2026 09:09:31 UTC] PHP Parse error:  Unmatched '}' in /var/www/html/wp-content/mu-plugins/vp-proxy-directus.php on line 681
[08-Mar-2026 09:09:32 UTC] PHP Parse error:  Unmatched '}' in /var/www/html/wp-content/mu-plugins/vp-proxy-directus.php on line 681
[08-Mar-2026 09:09:33 UTC] PHP Parse error:  Unmatched '}' in /var/www/html/wp-content/mu-plugins/vp-proxy-directus.php on line 681
[08-Mar-2026 09:09:34 UTC] PHP Parse error:  Unmatched '}' in /var/www/html/wp-content/mu-plugins/vp-proxy-directus.php on line 681
[08-Mar-2026 09:09:35 UTC] PHP Parse error:  Unmatched '}' in /var/www/html/wp-content/mu-plugins/vp-proxy-directus.php on line 681
[08-Mar-2026 09:09:38 UTC] PHP Parse error:  Unmatched '}' in /var/www/html/wp-content/mu-plugins/vp-proxy-directus.php on line 681
[08-Mar-2026 09:09:39 UTC] PHP Parse error:  Unmatched '}' in /var/www/html/wp-content/mu-plugins/vp-proxy-directus.php on line 681
[08-Mar-2026 09:09:40 UTC] PHP Parse error:  Unmatched '}' in /var/www/html/wp-content/mu-plugins/vp-proxy-directus.php on line 681
[08-Mar-2026 09:09:40 UTC] PHP Parse error:  Unmatched '}' in /var/www/html/wp-content/mu-plugins/vp-proxy-directus.php on line 681
[08-Mar-2026 09:09:41 UTC] PHP Parse error:  Unmatched '}' in /var/www/html/wp-content/mu-plugins/vp-proxy-directus.php on line 681
[08-Mar-2026 09:09:42 UTC] PHP Parse error:  Unmatched '}' in /var/www/html/wp-content/mu-plugins/vp-proxy-directus.php on line 681
[08-Mar-2026 09:09:43 UTC] PHP Parse error:  Unmatched '}' in /var/www/html/wp-content/mu-plugins/vp-proxy-directus.php on line 681
[08-Mar-2026 09:09:44 UTC] PHP Parse error:  Unmatched '}' in /var/www/html/wp-content/mu-plugins/vp-proxy-directus.php on line 681
[08-Mar-2026 09:09:45 UTC] PHP Parse error:  Unmatched '}' in /var/www/html/wp-content/mu-plugins/vp-proxy-directus.php on line 681
[08-Mar-2026 09:09:45 UTC] PHP Parse error:  Unmatched '}' in /var/www/html/wp-content/mu-plugins/vp-proxy-directus.php on line 681
[08-Mar-2026 09:09:46 UTC] PHP Parse error:  Unmatched '}' in /var/www/html/wp-content/mu-plugins/vp-proxy-directus.php on line 681
[08-Mar-2026 09:09:47 UTC] PHP Parse error:  Unmatched '}' in /var/www/html/wp-content/mu-plugins/vp-proxy-directus.php on line 681
[08-Mar-2026 09:09:50 UTC] PHP Parse error:  Unmatched '}' in /var/www/html/wp-content/mu-plugins/vp-proxy-directus.php on line 681
[08-Mar-2026 09:09:50 UTC] PHP Parse error:  Unmatched '}' in /var/www/html/wp-content/mu-plugins/vp-proxy-directus.php on line 681
[08-Mar-2026 09:09:51 UTC] PHP Parse error:  Unmatched '}' in /var/www/html/wp-content/mu-plugins/vp-proxy-directus.php on line 681
[08-Mar-2026 09:09:52 UTC] PHP Parse error:  Unmatched '}' in /var/www/html/wp-content/mu-plugins/vp-proxy-directus.php on line 681
[08-Mar-2026 09:09:53 UTC] PHP Parse error:  Unmatched '}' in /var/www/html/wp-content/mu-plugins/vp-proxy-directus.php on line 681
[08-Mar-2026 09:09:53 UTC] PHP Parse error:  Unmatched '}' in /var/www/html/wp-content/mu-plugins/vp-proxy-directus.php on line 681
[08-Mar-2026 09:09:55 UTC] PHP Parse error:  Unmatched '}' in /var/www/html/wp-content/mu-plugins/vp-proxy-directus.php on line 681
[08-Mar-2026 09:09:56 UTC] PHP Parse error:  Unmatched '}' in /var/www/html/wp-content/mu-plugins/vp-proxy-directus.php on line 681
[08-Mar-2026 09:09:59 UTC] PHP Parse error:  Unmatched '}' in /var/www/html/wp-content/mu-plugins/vp-proxy-directus.php on line 681
[08-Mar-2026 09:10:21 UTC] PHP Parse error:  Unmatched '}' in /var/www/html/wp-content/mu-plugins/vp-proxy-directus.php on line 681
[08-Mar-2026 09:10:23 UTC] PHP Parse error:  Unmatched '}' in /var/www/html/wp-content/mu-plugins/vp-proxy-directus.php on line 681
[08-Mar-2026 09:10:26 UTC] PHP Parse error:  Unmatched '}' in /var/www/html/wp-content/mu-plugins/vp-proxy-directus.php on line 681
[08-Mar-2026 09:10:26 UTC] PHP Parse error:  Unmatched '}' in /var/www/html/wp-content/mu-plugins/vp-proxy-directus.php on line 681
[08-Mar-2026 09:10:27 UTC] PHP Parse error:  Unmatched '}' in /var/www/html/wp-content/mu-plugins/vp-proxy-directus.php on line 681
[08-Mar-2026 09:10:28 UTC] PHP Parse error:  Unmatched '}' in /var/www/html/wp-content/mu-plugins/vp-proxy-directus.php on line 681
[08-Mar-2026 09:10:30 UTC] PHP Parse error:  Unmatched '}' in /var/www/html/wp-content/mu-plugins/vp-proxy-directus.php on line 681
[08-Mar-2026 09:10:31 UTC] PHP Parse error:  Unmatched '}' in /var/www/html/wp-content/mu-plugins/vp-proxy-directus.php on line 681
[08-Mar-2026 09:10:32 UTC] PHP Parse error:  Unmatched '}' in /var/www/html/wp-content/mu-plugins/vp-proxy-directus.php on line 681
[08-Mar-2026 09:10:33 UTC] PHP Parse error:  Unmatched '}' in /var/www/html/wp-content/mu-plugins/vp-proxy-directus.php on line 681
[08-Mar-2026 09:10:34 UTC] PHP Parse error:  Unmatched '}' in /var/www/html/wp-content/mu-plugins/vp-proxy-directus.php on line 681
[08-Mar-2026 09:10:35 UTC] PHP Parse error:  Unmatched '}' in /var/www/html/wp-content/mu-plugins/vp-proxy-directus.php on line 681
[08-Mar-2026 09:10:37 UTC] PHP Parse error:  Unmatched '}' in /var/www/html/wp-content/mu-plugins/vp-proxy-directus.php on line 681
[08-Mar-2026 09:10:38 UTC] PHP Parse error:  Unmatched '}' in /var/www/html/wp-content/mu-plugins/vp-proxy-directus.php on line 681
[08-Mar-2026 09:10:41 UTC] PHP Parse error:  Unmatched '}' in /var/www/html/wp-content/mu-plugins/vp-proxy-directus.php on line 681
[08-Mar-2026 09:10:41 UTC] PHP Parse error:  Unmatched '}' in /var/www/html/wp-content/mu-plugins/vp-proxy-directus.php on line 681
[08-Mar-2026 09:10:43 UTC] PHP Parse error:  Unmatched '}' in /var/www/html/wp-content/mu-plugins/vp-proxy-directus.php on line 681
[08-Mar-2026 09:10:44 UTC] PHP Parse error:  Unmatched '}' in /var/www/html/wp-content/mu-plugins/vp-proxy-directus.php on line 681
[08-Mar-2026 09:10:45 UTC] PHP Parse error:  Unmatched '}' in /var/www/html/wp-content/mu-plugins/vp-proxy-directus.php on line 681
[08-Mar-2026 09:10:47 UTC] PHP Parse error:  Unmatched '}' in /var/www/html/wp-content/mu-plugins/vp-proxy-directus.php on line 681
[08-Mar-2026 09:10:47 UTC] PHP Parse error:  Unmatched '}' in /var/www/html/wp-content/mu-plugins/vp-proxy-directus.php on line 681
[08-Mar-2026 09:10:48 UTC] PHP Parse error:  Unmatched '}' in /var/www/html/wp-content/mu-plugins/vp-proxy-directus.php on line 681
[08-Mar-2026 09:10:48 UTC] PHP Parse error:  Unmatched '}' in /var/www/html/wp-content/mu-plugins/vp-proxy-directus.php on line 681
[08-Mar-2026 09:10:50 UTC] PHP Parse error:  Unmatched '}' in /var/www/html/wp-content/mu-plugins/vp-proxy-directus.php on line 681
[08-Mar-2026 09:10:50 UTC] PHP Parse error:  Unmatched '}' in /var/www/html/wp-content/mu-plugins/vp-proxy-directus.php on line 681
[08-Mar-2026 09:11:01 UTC] PHP Parse error:  Unmatched '}' in /var/www/html/wp-content/mu-plugins/vp-proxy-directus.php on line 681
[08-Mar-2026 09:11:10 UTC] PHP Parse error:  Unmatched '}' in /var/www/html/wp-content/mu-plugins/vp-proxy-directus.php on line 681
[08-Mar-2026 09:11:11 UTC] PHP Parse error:  Unmatched '}' in /var/www/html/wp-content/mu-plugins/vp-proxy-directus.php on line 681
[08-Mar-2026 09:11:12 UTC] PHP Parse error:  Unmatched '}' in /var/www/html/wp-content/mu-plugins/vp-proxy-directus.php on line 681
[08-Mar-2026 09:11:12 UTC] PHP Parse error:  Unmatched '}' in /var/www/html/wp-content/mu-plugins/vp-proxy-directus.php on line 681
[08-Mar-2026 09:11:13 UTC] PHP Parse error:  Unmatched '}' in /var/www/html/wp-content/mu-plugins/vp-proxy-directus.php on line 681
[08-Mar-2026 09:11:14 UTC] PHP Parse error:  Unmatched '}' in /var/www/html/wp-content/mu-plugins/vp-proxy-directus.php on line 681
[08-Mar-2026 09:11:15 UTC] PHP Parse error:  Unmatched '}' in /var/www/html/wp-content/mu-plugins/vp-proxy-directus.php on line 681
[08-Mar-2026 09:11:16 UTC] PHP Parse error:  Unmatched '}' in /var/www/html/wp-content/mu-plugins/vp-proxy-directus.php on line 681
[08-Mar-2026 09:11:16 UTC] PHP Parse error:  Unmatched '}' in /var/www/html/wp-content/mu-plugins/vp-proxy-directus.php on line 681
[08-Mar-2026 09:11:18 UTC] PHP Parse error:  Unmatched '}' in /var/www/html/wp-content/mu-plugins/vp-proxy-directus.php on line 681
[08-Mar-2026 09:11:19 UTC] PHP Parse error:  Unmatched '}' in /var/www/html/wp-content/mu-plugins/vp-proxy-directus.php on line 681
[08-Mar-2026 09:11:21 UTC] PHP Parse error:  Unmatched '}' in /var/www/html/wp-content/mu-plugins/vp-proxy-directus.php on line 681
[08-Mar-2026 09:11:22 UTC] PHP Parse error:  Unmatched '}' in /var/www/html/wp-content/mu-plugins/vp-proxy-directus.php on line 681
[08-Mar-2026 09:11:24 UTC] PHP Parse error:  Unmatched '}' in /var/www/html/wp-content/mu-plugins/vp-proxy-directus.php on line 681
[08-Mar-2026 09:11:55 UTC] PHP Parse error:  Unmatched '}' in /var/www/html/wp-content/mu-plugins/vp-proxy-directus.php on line 681
[08-Mar-2026 09:11:57 UTC] PHP Parse error:  Unmatched '}' in /var/www/html/wp-content/mu-plugins/vp-proxy-directus.php on line 681
[08-Mar-2026 09:11:57 UTC] PHP Parse error:  Unmatched '}' in /var/www/html/wp-content/mu-plugins/vp-proxy-directus.php on line 681
[08-Mar-2026 09:11:58 UTC] PHP Parse error:  Unmatched '}' in /var/www/html/wp-content/mu-plugins/vp-proxy-directus.php on line 681
[08-Mar-2026 09:11:59 UTC] PHP Parse error:  Unmatched '}' in /var/www/html/wp-content/mu-plugins/vp-proxy-directus.php on line 681
[08-Mar-2026 09:12:00 UTC] PHP Parse error:  Unmatched '}' in /var/www/html/wp-content/mu-plugins/vp-proxy-directus.php on line 681
[08-Mar-2026 09:12:12 UTC] PHP Parse error:  Unmatched '}' in /var/www/html/wp-content/mu-plugins/vp-proxy-directus.php on line 681
[08-Mar-2026 09:12:14 UTC] PHP Parse error:  Unmatched '}' in /var/www/html/wp-content/mu-plugins/vp-proxy-directus.php on line 681
[08-Mar-2026 09:12:15 UTC] PHP Parse error:  Unmatched '}' in /var/www/html/wp-content/mu-plugins/vp-proxy-directus.php on line 681
[08-Mar-2026 09:12:15 UTC] PHP Parse error:  Unmatched '}' in /var/www/html/wp-content/mu-plugins/vp-proxy-directus.php on line 681
[08-Mar-2026 09:12:16 UTC] PHP Parse error:  Unmatched '}' in /var/www/html/wp-content/mu-plugins/vp-proxy-directus.php on line 681
[08-Mar-2026 09:12:17 UTC] PHP Parse error:  Unmatched '}' in /var/www/html/wp-content/mu-plugins/vp-proxy-directus.php on line 681
[08-Mar-2026 09:12:18 UTC] PHP Parse error:  Unmatched '}' in /var/www/html/wp-content/mu-plugins/vp-proxy-directus.php on line 681
[08-Mar-2026 09:12:19 UTC] PHP Parse error:  Unmatched '}' in /var/www/html/wp-content/mu-plugins/vp-proxy-directus.php on line 681
[08-Mar-2026 09:12:20 UTC] PHP Parse error:  Unmatched '}' in /var/www/html/wp-content/mu-plugins/vp-proxy-directus.php on line 681
[08-Mar-2026 09:12:20 UTC] PHP Parse error:  Unmatched '}' in /var/www/html/wp-content/mu-plugins/vp-proxy-directus.php on line 681
[08-Mar-2026 09:12:22 UTC] PHP Parse error:  Unmatched '}' in /var/www/html/wp-content/mu-plugins/vp-proxy-directus.php on line 681
[08-Mar-2026 09:12:22 UTC] PHP Parse error:  Unmatched '}' in /var/www/html/wp-content/mu-plugins/vp-proxy-directus.php on line 681
[08-Mar-2026 09:12:23 UTC] PHP Parse error:  Unmatched '}' in /var/www/html/wp-content/mu-plugins/vp-proxy-directus.php on line 681
[08-Mar-2026 09:12:24 UTC] PHP Parse error:  Unmatched '}' in /var/www/html/wp-content/mu-plugins/vp-proxy-directus.php on line 681
[08-Mar-2026 09:12:26 UTC] PHP Parse error:  Unmatched '}' in /var/www/html/wp-content/mu-plugins/vp-proxy-directus.php on line 681
[08-Mar-2026 09:12:27 UTC] PHP Parse error:  Unmatched '}' in /var/www/html/wp-content/mu-plugins/vp-proxy-directus.php on line 681
[08-Mar-2026 09:12:29 UTC] PHP Parse error:  Unmatched '}' in /var/www/html/wp-content/mu-plugins/vp-proxy-directus.php on line 681
[08-Mar-2026 09:12:30 UTC] PHP Parse error:  Unmatched '}' in /var/www/html/wp-content/mu-plugins/vp-proxy-directus.php on line 681
[08-Mar-2026 09:12:39 UTC] PHP Parse error:  Unmatched '}' in /var/www/html/wp-content/mu-plugins/vp-proxy-directus.php on line 681
[08-Mar-2026 09:12:43 UTC] PHP Parse error:  Unmatched '}' in /var/www/html/wp-content/mu-plugins/vp-proxy-directus.php on line 681
[08-Mar-2026 09:12:43 UTC] PHP Parse error:  Unmatched '}' in /var/www/html/wp-content/mu-plugins/vp-proxy-directus.php on line 681
[08-Mar-2026 09:12:44 UTC] PHP Parse error:  Unmatched '}' in /var/www/html/wp-content/mu-plugins/vp-proxy-directus.php on line 681
[08-Mar-2026 09:12:44 UTC] PHP Parse error:  Unmatched '}' in /var/www/html/wp-content/mu-plugins/vp-proxy-directus.php on line 681
[08-Mar-2026 09:12:45 UTC] PHP Parse error:  Unmatched '}' in /var/www/html/wp-content/mu-plugins/vp-proxy-directus.php on line 681
[08-Mar-2026 09:12:46 UTC] PHP Parse error:  Unmatched '}' in /var/www/html/wp-content/mu-plugins/vp-proxy-directus.php on line 681
[08-Mar-2026 09:12:57 UTC] PHP Parse error:  Unmatched '}' in /var/www/html/wp-content/mu-plugins/vp-proxy-directus.php on line 681
[08-Mar-2026 09:12:57 UTC] PHP Parse error:  Unmatched '}' in /var/www/html/wp-content/mu-plugins/vp-proxy-directus.php on line 681
[08-Mar-2026 09:12:58 UTC] PHP Parse error:  Unmatched '}' in /var/www/html/wp-content/mu-plugins/vp-proxy-directus.php on line 681
[08-Mar-2026 09:12:59 UTC] PHP Parse error:  Unmatched '}' in /var/www/html/wp-content/mu-plugins/vp-proxy-directus.php on line 681
[08-Mar-2026 09:13:22 UTC] PHP Parse error:  Unmatched '}' in /var/www/html/wp-content/mu-plugins/vp-proxy-directus.php on line 681
[08-Mar-2026 09:13:29 UTC] PHP Parse error:  Unmatched '}' in /var/www/html/wp-content/mu-plugins/vp-proxy-directus.php on line 681
[08-Mar-2026 09:13:30 UTC] PHP Parse error:  Unmatched '}' in /var/www/html/wp-content/mu-plugins/vp-proxy-directus.php on line 681
[08-Mar-2026 09:13:31 UTC] PHP Parse error:  Unmatched '}' in /var/www/html/wp-content/mu-plugins/vp-proxy-directus.php on line 681
[08-Mar-2026 09:13:32 UTC] PHP Parse error:  Unmatched '}' in /var/www/html/wp-content/mu-plugins/vp-proxy-directus.php on line 681
[08-Mar-2026 09:13:33 UTC] PHP Parse error:  Unmatched '}' in /var/www/html/wp-content/mu-plugins/vp-proxy-directus.php on line 681
[08-Mar-2026 09:13:41 UTC] PHP Parse error:  Unmatched '}' in /var/www/html/wp-content/mu-plugins/vp-proxy-directus.php on line 681
[08-Mar-2026 09:13:42 UTC] PHP Parse error:  Unmatched '}' in /var/www/html/wp-content/mu-plugins/vp-proxy-directus.php on line 681
[08-Mar-2026 09:13:43 UTC] PHP Parse error:  Unmatched '}' in /var/www/html/wp-content/mu-plugins/vp-proxy-directus.php on line 681
[08-Mar-2026 09:13:44 UTC] PHP Parse error:  Unmatched '}' in /var/www/html/wp-content/mu-plugins/vp-proxy-directus.php on line 681
[08-Mar-2026 09:13:45 UTC] PHP Parse error:  Unmatched '}' in /var/www/html/wp-content/mu-plugins/vp-proxy-directus.php on line 681
[08-Mar-2026 09:13:46 UTC] PHP Parse error:  Unmatched '}' in /var/www/html/wp-content/mu-plugins/vp-proxy-directus.php on line 681
[08-Mar-2026 09:13:47 UTC] PHP Parse error:  Unmatched '}' in /var/www/html/wp-content/mu-plugins/vp-proxy-directus.php on line 681
[08-Mar-2026 09:14:18 UTC] PHP Parse error:  Unmatched '}' in /var/www/html/wp-content/mu-plugins/vp-proxy-directus.php on line 681
[08-Mar-2026 09:14:28 UTC] PHP Parse error:  Unmatched '}' in /var/www/html/wp-content/mu-plugins/vp-proxy-directus.php on line 681
[08-Mar-2026 09:14:29 UTC] PHP Parse error:  Unmatched '}' in /var/www/html/wp-content/mu-plugins/vp-proxy-directus.php on line 681
[08-Mar-2026 09:14:31 UTC] PHP Parse error:  Unmatched '}' in /var/www/html/wp-content/mu-plugins/vp-proxy-directus.php on line 681
[08-Mar-2026 09:14:32 UTC] PHP Parse error:  Unmatched '}' in /var/www/html/wp-content/mu-plugins/vp-proxy-directus.php on line 681
[08-Mar-2026 09:14:32 UTC] PHP Parse error:  Unmatched '}' in /var/www/html/wp-content/mu-plugins/vp-proxy-directus.php on line 681
[08-Mar-2026 09:14:33 UTC] PHP Parse error:  Unmatched '}' in /var/www/html/wp-content/mu-plugins/vp-proxy-directus.php on line 681
[08-Mar-2026 09:14:38 UTC] PHP Parse error:  Unmatched '}' in /var/www/html/wp-content/mu-plugins/vp-proxy-directus.php on line 681
[08-Mar-2026 09:14:41 UTC] PHP Parse error:  Unmatched '}' in /var/www/html/wp-content/mu-plugins/vp-proxy-directus.php on line 681
[08-Mar-2026 09:14:46 UTC] PHP Parse error:  Unmatched '}' in /var/www/html/wp-content/mu-plugins/vp-proxy-directus.php on line 681
[08-Mar-2026 09:15:20 UTC] PHP Parse error:  Unmatched '}' in /var/www/html/wp-content/mu-plugins/vp-proxy-directus.php on line 681
[08-Mar-2026 09:15:21 UTC] PHP Parse error:  Unmatched '}' in /var/www/html/wp-content/mu-plugins/vp-proxy-directus.php on line 681
[08-Mar-2026 09:15:21 UTC] PHP Parse error:  Unmatched '}' in /var/www/html/wp-content/mu-plugins/vp-proxy-directus.php on line 681
[08-Mar-2026 09:15:41 UTC] PHP Parse error:  Unmatched '}' in /var/www/html/wp-content/mu-plugins/vp-proxy-directus.php on line 681
[08-Mar-2026 09:15:43 UTC] PHP Parse error:  Unmatched '}' in /var/www/html/wp-content/mu-plugins/vp-proxy-directus.php on line 681
[08-Mar-2026 09:15:44 UTC] PHP Parse error:  Unmatched '}' in /var/www/html/wp-content/mu-plugins/vp-proxy-directus.php on line 681
[08-Mar-2026 09:15:44 UTC] PHP Parse error:  Unmatched '}' in /var/www/html/wp-content/mu-plugins/vp-proxy-directus.php on line 681
[08-Mar-2026 09:15:46 UTC] PHP Parse error:  Unmatched '}' in /var/www/html/wp-content/mu-plugins/vp-proxy-directus.php on line 681
[08-Mar-2026 09:15:46 UTC] PHP Parse error:  Unmatched '}' in /var/www/html/wp-content/mu-plugins/vp-proxy-directus.php on line 681
[08-Mar-2026 09:15:47 UTC] PHP Parse error:  Unmatched '}' in /var/www/html/wp-content/mu-plugins/vp-proxy-directus.php on line 681
[08-Mar-2026 09:15:48 UTC] PHP Parse error:  Unmatched '}' in /var/www/html/wp-content/mu-plugins/vp-proxy-directus.php on line 681
[08-Mar-2026 09:15:49 UTC] PHP Parse error:  Unmatched '}' in /var/www/html/wp-content/mu-plugins/vp-proxy-directus.php on line 681
[08-Mar-2026 09:15:50 UTC] PHP Parse error:  Unmatched '}' in /var/www/html/wp-content/mu-plugins/vp-proxy-directus.php on line 681
[08-Mar-2026 09:15:51 UTC] PHP Parse error:  Unmatched '}' in /var/www/html/wp-content/mu-plugins/vp-proxy-directus.php on line 681
[08-Mar-2026 09:15:59 UTC] PHP Parse error:  Unmatched '}' in /var/www/html/wp-content/mu-plugins/vp-proxy-directus.php on line 681
[08-Mar-2026 09:15:59 UTC] PHP Parse error:  Unmatched '}' in /var/www/html/wp-content/mu-plugins/vp-proxy-directus.php on line 681
[08-Mar-2026 09:16:01 UTC] PHP Parse error:  Unmatched '}' in /var/www/html/wp-content/mu-plugins/vp-proxy-directus.php on line 681
[08-Mar-2026 09:16:07 UTC] PHP Parse error:  Unmatched '}' in /var/www/html/wp-content/mu-plugins/vp-proxy-directus.php on line 681
[08-Mar-2026 09:16:11 UTC] PHP Parse error:  Unmatched '}' in /var/www/html/wp-content/mu-plugins/vp-proxy-directus.php on line 681
[08-Mar-2026 09:16:12 UTC] PHP Parse error:  Unmatched '}' in /var/www/html/wp-content/mu-plugins/vp-proxy-directus.php on line 681
[08-Mar-2026 09:16:14 UTC] PHP Parse error:  Unmatched '}' in /var/www/html/wp-content/mu-plugins/vp-proxy-directus.php on line 681
[08-Mar-2026 09:16:16 UTC] PHP Parse error:  Unmatched '}' in /var/www/html/wp-content/mu-plugins/vp-proxy-directus.php on line 681
[08-Mar-2026 09:16:17 UTC] PHP Parse error:  Unmatched '}' in /var/www/html/wp-content/mu-plugins/vp-proxy-directus.php on line 681
[08-Mar-2026 09:16:25 UTC] PHP Parse error:  Unmatched '}' in /var/www/html/wp-content/mu-plugins/vp-proxy-directus.php on line 681
[08-Mar-2026 09:16:27 UTC] PHP Parse error:  Unmatched '}' in /var/www/html/wp-content/mu-plugins/vp-proxy-directus.php on line 681
[08-Mar-2026 09:16:29 UTC] PHP Parse error:  Unmatched '}' in /var/www/html/wp-content/mu-plugins/vp-proxy-directus.php on line 681
[08-Mar-2026 09:16:30 UTC] PHP Parse error:  Unmatched '}' in /var/www/html/wp-content/mu-plugins/vp-proxy-directus.php on line 681
[08-Mar-2026 09:16:31 UTC] PHP Parse error:  Unmatched '}' in /var/www/html/wp-content/mu-plugins/vp-proxy-directus.php on line 681
[08-Mar-2026 09:16:32 UTC] PHP Parse error:  Unmatched '}' in /var/www/html/wp-content/mu-plugins/vp-proxy-directus.php on line 681
[08-Mar-2026 09:16:33 UTC] PHP Parse error:  Unmatched '}' in /var/www/html/wp-content/mu-plugins/vp-proxy-directus.php on line 681
[08-Mar-2026 09:16:35 UTC] PHP Parse error:  Unmatched '}' in /var/www/html/wp-content/mu-plugins/vp-proxy-directus.php on line 681
[08-Mar-2026 09:16:35 UTC] PHP Parse error:  Unmatched '}' in /var/www/html/wp-content/mu-plugins/vp-proxy-directus.php on line 681
[08-Mar-2026 09:16:37 UTC] PHP Parse error:  Unmatched '}' in /var/www/html/wp-content/mu-plugins/vp-proxy-directus.php on line 681
[08-Mar-2026 09:16:38 UTC] PHP Parse error:  Unmatched '}' in /var/www/html/wp-content/mu-plugins/vp-proxy-directus.php on line 681
[08-Mar-2026 09:16:40 UTC] PHP Parse error:  Unmatched '}' in /var/www/html/wp-content/mu-plugins/vp-proxy-directus.php on line 681
[08-Mar-2026 09:16:41 UTC] PHP Parse error:  Unmatched '}' in /var/www/html/wp-content/mu-plugins/vp-proxy-directus.php on line 681
[08-Mar-2026 09:16:42 UTC] PHP Parse error:  Unmatched '}' in /var/www/html/wp-content/mu-plugins/vp-proxy-directus.php on line 681
[08-Mar-2026 09:16:43 UTC] PHP Parse error:  Unmatched '}' in /var/www/html/wp-content/mu-plugins/vp-proxy-directus.php on line 681
[08-Mar-2026 09:16:53 UTC] PHP Parse error:  Unmatched '}' in /var/www/html/wp-content/mu-plugins/vp-proxy-directus.php on line 681
[08-Mar-2026 09:16:54 UTC] PHP Parse error:  Unmatched '}' in /var/www/html/wp-content/mu-plugins/vp-proxy-directus.php on line 681
[08-Mar-2026 09:16:55 UTC] PHP Parse error:  Unmatched '}' in /var/www/html/wp-content/mu-plugins/vp-proxy-directus.php on line 681
[08-Mar-2026 09:16:56 UTC] PHP Parse error:  Unmatched '}' in /var/www/html/wp-content/mu-plugins/vp-proxy-directus.php on line 681
[08-Mar-2026 09:16:56 UTC] PHP Parse error:  Unmatched '}' in /var/www/html/wp-content/mu-plugins/vp-proxy-directus.php on line 681
[08-Mar-2026 09:16:58 UTC] PHP Parse error:  Unmatched '}' in /var/www/html/wp-content/mu-plugins/vp-proxy-directus.php on line 681
[08-Mar-2026 09:17:27 UTC] PHP Parse error:  Unmatched '}' in /var/www/html/wp-content/mu-plugins/vp-proxy-directus.php on line 681
[08-Mar-2026 09:17:28 UTC] PHP Parse error:  Unmatched '}' in /var/www/html/wp-content/mu-plugins/vp-proxy-directus.php on line 681
[08-Mar-2026 09:17:29 UTC] PHP Parse error:  Unmatched '}' in /var/www/html/wp-content/mu-plugins/vp-proxy-directus.php on line 681
[08-Mar-2026 09:17:32 UTC] PHP Parse error:  Unmatched '}' in /var/www/html/wp-content/mu-plugins/vp-proxy-directus.php on line 681
[08-Mar-2026 09:17:33 UTC] PHP Parse error:  Unmatched '}' in /var/www/html/wp-content/mu-plugins/vp-proxy-directus.php on line 681
[08-Mar-2026 09:17:35 UTC] PHP Parse error:  Unmatched '}' in /var/www/html/wp-content/mu-plugins/vp-proxy-directus.php on line 681
[08-Mar-2026 09:17:36 UTC] PHP Parse error:  Unmatched '}' in /var/www/html/wp-content/mu-plugins/vp-proxy-directus.php on line 681
[08-Mar-2026 09:17:43 UTC] PHP Parse error:  Unmatched '}' in /var/www/html/wp-content/mu-plugins/vp-proxy-directus.php on line 681
[08-Mar-2026 09:17:46 UTC] PHP Parse error:  Unmatched '}' in /var/www/html/wp-content/mu-plugins/vp-proxy-directus.php on line 681
[08-Mar-2026 09:17:47 UTC] PHP Parse error:  Unmatched '}' in /var/www/html/wp-content/mu-plugins/vp-proxy-directus.php on line 681
[08-Mar-2026 09:17:47 UTC] PHP Parse error:  Unmatched '}' in /var/www/html/wp-content/mu-plugins/vp-proxy-directus.php on line 681
[08-Mar-2026 09:17:48 UTC] PHP Parse error:  Unmatched '}' in /var/www/html/wp-content/mu-plugins/vp-proxy-directus.php on line 681
[08-Mar-2026 09:17:49 UTC] PHP Parse error:  Unmatched '}' in /var/www/html/wp-content/mu-plugins/vp-proxy-directus.php on line 681
[08-Mar-2026 09:17:49 UTC] PHP Parse error:  Unmatched '}' in /var/www/html/wp-content/mu-plugins/vp-proxy-directus.php on line 681
[08-Mar-2026 09:17:51 UTC] PHP Parse error:  Unmatched '}' in /var/www/html/wp-content/mu-plugins/vp-proxy-directus.php on line 681
[08-Mar-2026 09:17:52 UTC] PHP Parse error:  Unmatched '}' in /var/www/html/wp-content/mu-plugins/vp-proxy-directus.php on line 681
[08-Mar-2026 09:18:23 UTC] PHP Parse error:  Unmatched '}' in /var/www/html/wp-content/mu-plugins/vp-proxy-directus.php on line 681
[08-Mar-2026 09:18:23 UTC] PHP Parse error:  Unmatched '}' in /var/www/html/wp-content/mu-plugins/vp-proxy-directus.php on line 681
[08-Mar-2026 09:18:24 UTC] PHP Parse error:  Unmatched '}' in /var/www/html/wp-content/mu-plugins/vp-proxy-directus.php on line 681
[08-Mar-2026 09:18:25 UTC] PHP Parse error:  Unmatched '}' in /var/www/html/wp-content/mu-plugins/vp-proxy-directus.php on line 681
[08-Mar-2026 09:18:25 UTC] PHP Parse error:  Unmatched '}' in /var/www/html/wp-content/mu-plugins/vp-proxy-directus.php on line 681
[08-Mar-2026 09:18:26 UTC] PHP Parse error:  Unmatched '}' in /var/www/html/wp-content/mu-plugins/vp-proxy-directus.php on line 681
[08-Mar-2026 09:18:28 UTC] PHP Parse error:  Unmatched '}' in /var/www/html/wp-content/mu-plugins/vp-proxy-directus.php on line 681
[08-Mar-2026 09:18:29 UTC] PHP Parse error:  Unmatched '}' in /var/www/html/wp-content/mu-plugins/vp-proxy-directus.php on line 681
[08-Mar-2026 09:18:29 UTC] PHP Parse error:  Unmatched '}' in /var/www/html/wp-content/mu-plugins/vp-proxy-directus.php on line 681
[08-Mar-2026 09:18:30 UTC] PHP Parse error:  Unmatched '}' in /var/www/html/wp-content/mu-plugins/vp-proxy-directus.php on line 681
[08-Mar-2026 09:18:31 UTC] PHP Parse error:  Unmatched '}' in /var/www/html/wp-content/mu-plugins/vp-proxy-directus.php on line 681
[08-Mar-2026 09:18:31 UTC] PHP Parse error:  Unmatched '}' in /var/www/html/wp-content/mu-plugins/vp-proxy-directus.php on line 681
[08-Mar-2026 09:18:31 UTC] PHP Parse error:  Unmatched '}' in /var/www/html/wp-content/mu-plugins/vp-proxy-directus.php on line 681
[08-Mar-2026 09:18:32 UTC] PHP Parse error:  Unmatched '}' in /var/www/html/wp-content/mu-plugins/vp-proxy-directus.php on line 681
[08-Mar-2026 09:18:33 UTC] PHP Parse error:  Unmatched '}' in /var/www/html/wp-content/mu-plugins/vp-proxy-directus.php on line 681
[08-Mar-2026 09:18:34 UTC] PHP Parse error:  Unmatched '}' in /var/www/html/wp-content/mu-plugins/vp-proxy-directus.php on line 681
[08-Mar-2026 09:18:36 UTC] PHP Parse error:  Unmatched '}' in /var/www/html/wp-content/mu-plugins/vp-proxy-directus.php on line 681
[08-Mar-2026 09:18:37 UTC] PHP Parse error:  Unmatched '}' in /var/www/html/wp-content/mu-plugins/vp-proxy-directus.php on line 681
[08-Mar-2026 09:18:38 UTC] PHP Parse error:  Unmatched '}' in /var/www/html/wp-content/mu-plugins/vp-proxy-directus.php on line 681
[08-Mar-2026 09:18:39 UTC] PHP Parse error:  Unmatched '}' in /var/www/html/wp-content/mu-plugins/vp-proxy-directus.php on line 681
[08-Mar-2026 09:18:39 UTC] PHP Parse error:  Unmatched '}' in /var/www/html/wp-content/mu-plugins/vp-proxy-directus.php on line 681
[08-Mar-2026 09:18:41 UTC] PHP Parse error:  Unmatched '}' in /var/www/html/wp-content/mu-plugins/vp-proxy-directus.php on line 681
[08-Mar-2026 09:18:42 UTC] PHP Parse error:  Unmatched '}' in /var/www/html/wp-content/mu-plugins/vp-proxy-directus.php on line 681
[08-Mar-2026 09:18:42 UTC] PHP Parse error:  Unmatched '}' in /var/www/html/wp-content/mu-plugins/vp-proxy-directus.php on line 681
[08-Mar-2026 09:18:43 UTC] PHP Parse error:  Unmatched '}' in /var/www/html/wp-content/mu-plugins/vp-proxy-directus.php on line 681
[08-Mar-2026 09:18:44 UTC] PHP Parse error:  Unmatched '}' in /var/www/html/wp-content/mu-plugins/vp-proxy-directus.php on line 681
[08-Mar-2026 09:18:45 UTC] PHP Parse error:  Unmatched '}' in /var/www/html/wp-content/mu-plugins/vp-proxy-directus.php on line 681
[08-Mar-2026 09:18:46 UTC] PHP Parse error:  Unmatched '}' in /var/www/html/wp-content/mu-plugins/vp-proxy-directus.php on line 681
[08-Mar-2026 09:18:47 UTC] PHP Parse error:  Unmatched '}' in /var/www/html/wp-content/mu-plugins/vp-proxy-directus.php on line 681
[08-Mar-2026 09:19:10 UTC] PHP Parse error:  Unmatched '}' in /var/www/html/wp-content/mu-plugins/vp-proxy-directus.php on line 681
[08-Mar-2026 09:19:11 UTC] PHP Parse error:  Unmatched '}' in /var/www/html/wp-content/mu-plugins/vp-proxy-directus.php on line 681
[08-Mar-2026 09:19:12 UTC] PHP Parse error:  Unmatched '}' in /var/www/html/wp-content/mu-plugins/vp-proxy-directus.php on line 681
[08-Mar-2026 09:19:13 UTC] PHP Parse error:  Unmatched '}' in /var/www/html/wp-content/mu-plugins/vp-proxy-directus.php on line 681
[08-Mar-2026 09:19:13 UTC] PHP Parse error:  Unmatched '}' in /var/www/html/wp-content/mu-plugins/vp-proxy-directus.php on line 681
[08-Mar-2026 09:19:20 UTC] PHP Parse error:  Unmatched '}' in /var/www/html/wp-content/mu-plugins/vp-proxy-directus.php on line 681
[08-Mar-2026 09:19:21 UTC] PHP Parse error:  Unmatched '}' in /var/www/html/wp-content/mu-plugins/vp-proxy-directus.php on line 681
[08-Mar-2026 09:19:33 UTC] PHP Parse error:  Unmatched '}' in /var/www/html/wp-content/mu-plugins/vp-proxy-directus.php on line 681
[08-Mar-2026 09:19:34 UTC] PHP Parse error:  Unmatched '}' in /var/www/html/wp-content/mu-plugins/vp-proxy-directus.php on line 681
[08-Mar-2026 09:19:35 UTC] PHP Parse error:  Unmatched '}' in /var/www/html/wp-content/mu-plugins/vp-proxy-directus.php on line 681
[08-Mar-2026 09:19:36 UTC] PHP Parse error:  Unmatched '}' in /var/www/html/wp-content/mu-plugins/vp-proxy-directus.php on line 681
[08-Mar-2026 09:19:39 UTC] PHP Parse error:  Unmatched '}' in /var/www/html/wp-content/mu-plugins/vp-proxy-directus.php on line 681
[08-Mar-2026 09:19:40 UTC] PHP Parse error:  Unmatched '}' in /var/www/html/wp-content/mu-plugins/vp-proxy-directus.php on line 681
[08-Mar-2026 09:19:41 UTC] PHP Parse error:  Unmatched '}' in /var/www/html/wp-content/mu-plugins/vp-proxy-directus.php on line 681
[08-Mar-2026 09:19:48 UTC] PHP Parse error:  Unmatched '}' in /var/www/html/wp-content/mu-plugins/vp-proxy-directus.php on line 681
[08-Mar-2026 09:19:51 UTC] PHP Parse error:  Unmatched '}' in /var/www/html/wp-content/mu-plugins/vp-proxy-directus.php on line 681
[08-Mar-2026 09:19:52 UTC] PHP Parse error:  Unmatched '}' in /var/www/html/wp-content/mu-plugins/vp-proxy-directus.php on line 681
[08-Mar-2026 09:19:56 UTC] PHP Parse error:  Unmatched '}' in /var/www/html/wp-content/mu-plugins/vp-proxy-directus.php on line 681
[08-Mar-2026 09:19:59 UTC] PHP Parse error:  Unmatched '}' in /var/www/html/wp-content/mu-plugins/vp-proxy-directus.php on line 681
[08-Mar-2026 09:19:59 UTC] PHP Parse error:  Unmatched '}' in /var/www/html/wp-content/mu-plugins/vp-proxy-directus.php on line 681
[08-Mar-2026 09:20:00 UTC] PHP Parse error:  Unmatched '}' in /var/www/html/wp-content/mu-plugins/vp-proxy-directus.php on line 681
[08-Mar-2026 09:20:31 UTC] PHP Parse error:  Unmatched '}' in /var/www/html/wp-content/mu-plugins/vp-proxy-directus.php on line 681
[08-Mar-2026 09:20:48 UTC] PHP Parse error:  Unmatched '}' in /var/www/html/wp-content/mu-plugins/vp-proxy-directus.php on line 681
[08-Mar-2026 09:21:02 UTC] PHP Parse error:  Unmatched '}' in /var/www/html/wp-content/mu-plugins/vp-proxy-directus.php on line 681
[08-Mar-2026 09:21:06 UTC] PHP Parse error:  Unmatched '}' in /var/www/html/wp-content/mu-plugins/vp-proxy-directus.php on line 681
[08-Mar-2026 09:21:07 UTC] PHP Parse error:  Unmatched '}' in /var/www/html/wp-content/mu-plugins/vp-proxy-directus.php on line 681
[08-Mar-2026 09:21:09 UTC] PHP Parse error:  Unmatched '}' in /var/www/html/wp-content/mu-plugins/vp-proxy-directus.php on line 681
[08-Mar-2026 09:21:10 UTC] PHP Parse error:  Unmatched '}' in /var/www/html/wp-content/mu-plugins/vp-proxy-directus.php on line 681
[08-Mar-2026 09:21:11 UTC] PHP Parse error:  Unmatched '}' in /var/www/html/wp-content/mu-plugins/vp-proxy-directus.php on line 681
[08-Mar-2026 09:21:12 UTC] PHP Parse error:  Unmatched '}' in /var/www/html/wp-content/mu-plugins/vp-proxy-directus.php on line 681
[08-Mar-2026 09:21:13 UTC] PHP Parse error:  Unmatched '}' in /var/www/html/wp-content/mu-plugins/vp-proxy-directus.php on line 681
[08-Mar-2026 09:21:14 UTC] PHP Parse error:  Unmatched '}' in /var/www/html/wp-content/mu-plugins/vp-proxy-directus.php on line 681
[08-Mar-2026 09:21:20 UTC] PHP Parse error:  Unmatched '}' in /var/www/html/wp-content/mu-plugins/vp-proxy-directus.php on line 681
[08-Mar-2026 09:21:23 UTC] PHP Parse error:  Unmatched '}' in /var/www/html/wp-content/mu-plugins/vp-proxy-directus.php on line 681
[08-Mar-2026 09:21:24 UTC] PHP Parse error:  Unmatched '}' in /var/www/html/wp-content/mu-plugins/vp-proxy-directus.php on line 681
[08-Mar-2026 09:21:25 UTC] PHP Parse error:  Unmatched '}' in /var/www/html/wp-content/mu-plugins/vp-proxy-directus.php on line 681
[08-Mar-2026 09:21:25 UTC] PHP Parse error:  Unmatched '}' in /var/www/html/wp-content/mu-plugins/vp-proxy-directus.php on line 681
[08-Mar-2026 09:21:26 UTC] PHP Parse error:  Unmatched '}' in /var/www/html/wp-content/mu-plugins/vp-proxy-directus.php on line 681
[08-Mar-2026 09:21:27 UTC] PHP Parse error:  Unmatched '}' in /var/www/html/wp-content/mu-plugins/vp-proxy-directus.php on line 681
[08-Mar-2026 09:21:28 UTC] PHP Parse error:  Unmatched '}' in /var/www/html/wp-content/mu-plugins/vp-proxy-directus.php on line 681
[08-Mar-2026 09:21:29 UTC] PHP Parse error:  Unmatched '}' in /var/www/html/wp-content/mu-plugins/vp-proxy-directus.php on line 681
[08-Mar-2026 09:21:30 UTC] PHP Parse error:  Unmatched '}' in /var/www/html/wp-content/mu-plugins/vp-proxy-directus.php on line 681
[08-Mar-2026 09:21:31 UTC] PHP Parse error:  Unmatched '}' in /var/www/html/wp-content/mu-plugins/vp-proxy-directus.php on line 681
[08-Mar-2026 09:21:32 UTC] PHP Parse error:  Unmatched '}' in /var/www/html/wp-content/mu-plugins/vp-proxy-directus.php on line 681
[08-Mar-2026 09:21:33 UTC] PHP Parse error:  Unmatched '}' in /var/www/html/wp-content/mu-plugins/vp-proxy-directus.php on line 681
[08-Mar-2026 09:21:33 UTC] PHP Parse error:  Unmatched '}' in /var/www/html/wp-content/mu-plugins/vp-proxy-directus.php on line 681
[08-Mar-2026 09:21:34 UTC] PHP Parse error:  Unmatched '}' in /var/www/html/wp-content/mu-plugins/vp-proxy-directus.php on line 681
[08-Mar-2026 09:21:36 UTC] PHP Parse error:  Unmatched '}' in /var/www/html/wp-content/mu-plugins/vp-proxy-directus.php on line 681
[08-Mar-2026 09:21:37 UTC] PHP Parse error:  Unmatched '}' in /var/www/html/wp-content/mu-plugins/vp-proxy-directus.php on line 681
[08-Mar-2026 09:21:37 UTC] PHP Parse error:  Unmatched '}' in /var/www/html/wp-content/mu-plugins/vp-proxy-directus.php on line 681
[08-Mar-2026 09:21:38 UTC] PHP Parse error:  Unmatched '}' in /var/www/html/wp-content/mu-plugins/vp-proxy-directus.php on line 681
[08-Mar-2026 09:21:40 UTC] PHP Parse error:  Unmatched '}' in /var/www/html/wp-content/mu-plugins/vp-proxy-directus.php on line 681
[08-Mar-2026 09:21:40 UTC] PHP Parse error:  Unmatched '}' in /var/www/html/wp-content/mu-plugins/vp-proxy-directus.php on line 681
[08-Mar-2026 09:21:42 UTC] PHP Parse error:  Unmatched '}' in /var/www/html/wp-content/mu-plugins/vp-proxy-directus.php on line 681
[08-Mar-2026 09:21:43 UTC] PHP Parse error:  Unmatched '}' in /var/www/html/wp-content/mu-plugins/vp-proxy-directus.php on line 681
[08-Mar-2026 09:21:45 UTC] PHP Parse error:  Unmatched '}' in /var/www/html/wp-content/mu-plugins/vp-proxy-directus.php on line 681
[08-Mar-2026 09:21:45 UTC] PHP Parse error:  Unmatched '}' in /var/www/html/wp-content/mu-plugins/vp-proxy-directus.php on line 681
[08-Mar-2026 09:21:45 UTC] PHP Parse error:  Unmatched '}' in /var/www/html/wp-content/mu-plugins/vp-proxy-directus.php on line 681
[08-Mar-2026 09:21:46 UTC] PHP Parse error:  Unmatched '}' in /var/www/html/wp-content/mu-plugins/vp-proxy-directus.php on line 681
[08-Mar-2026 09:21:46 UTC] PHP Parse error:  Unmatched '}' in /var/www/html/wp-content/mu-plugins/vp-proxy-directus.php on line 681
[08-Mar-2026 09:21:48 UTC] PHP Parse error:  Unmatched '}' in /var/www/html/wp-content/mu-plugins/vp-proxy-directus.php on line 681
[08-Mar-2026 09:21:49 UTC] PHP Parse error:  Unmatched '}' in /var/www/html/wp-content/mu-plugins/vp-proxy-directus.php on line 681
[08-Mar-2026 09:21:51 UTC] PHP Parse error:  Unmatched '}' in /var/www/html/wp-content/mu-plugins/vp-proxy-directus.php on line 681
[08-Mar-2026 09:21:52 UTC] PHP Parse error:  Unmatched '}' in /var/www/html/wp-content/mu-plugins/vp-proxy-directus.php on line 681
[08-Mar-2026 09:21:53 UTC] PHP Parse error:  Unmatched '}' in /var/www/html/wp-content/mu-plugins/vp-proxy-directus.php on line 681
[08-Mar-2026 09:21:54 UTC] PHP Parse error:  Unmatched '}' in /var/www/html/wp-content/mu-plugins/vp-proxy-directus.php on line 681
[08-Mar-2026 09:21:56 UTC] PHP Parse error:  Unmatched '}' in /var/www/html/wp-content/mu-plugins/vp-proxy-directus.php on line 681
[08-Mar-2026 09:21:57 UTC] PHP Parse error:  Unmatched '}' in /var/www/html/wp-content/mu-plugins/vp-proxy-directus.php on line 681
[08-Mar-2026 09:21:58 UTC] PHP Parse error:  Unmatched '}' in /var/www/html/wp-content/mu-plugins/vp-proxy-directus.php on line 681
[08-Mar-2026 09:21:58 UTC] PHP Parse error:  Unmatched '}' in /var/www/html/wp-content/mu-plugins/vp-proxy-directus.php on line 681
[08-Mar-2026 09:22:00 UTC] PHP Parse error:  Unmatched '}' in /var/www/html/wp-content/mu-plugins/vp-proxy-directus.php on line 681
[08-Mar-2026 09:22:01 UTC] PHP Parse error:  Unmatched '}' in /var/www/html/wp-content/mu-plugins/vp-proxy-directus.php on line 681
[08-Mar-2026 09:22:02 UTC] PHP Parse error:  Unmatched '}' in /var/www/html/wp-content/mu-plugins/vp-proxy-directus.php on line 681
[08-Mar-2026 09:22:03 UTC] PHP Parse error:  Unmatched '}' in /var/www/html/wp-content/mu-plugins/vp-proxy-directus.php on line 681
[08-Mar-2026 09:22:04 UTC] PHP Parse error:  Unmatched '}' in /var/www/html/wp-content/mu-plugins/vp-proxy-directus.php on line 681
[08-Mar-2026 09:22:04 UTC] PHP Parse error:  Unmatched '}' in /var/www/html/wp-content/mu-plugins/vp-proxy-directus.php on line 681
[08-Mar-2026 09:22:06 UTC] PHP Parse error:  Unmatched '}' in /var/www/html/wp-content/mu-plugins/vp-proxy-directus.php on line 681
[08-Mar-2026 09:22:06 UTC] PHP Parse error:  Unmatched '}' in /var/www/html/wp-content/mu-plugins/vp-proxy-directus.php on line 681
[08-Mar-2026 09:22:07 UTC] PHP Parse error:  Unmatched '}' in /var/www/html/wp-content/mu-plugins/vp-proxy-directus.php on line 681
[08-Mar-2026 09:22:08 UTC] PHP Parse error:  Unmatched '}' in /var/www/html/wp-content/mu-plugins/vp-proxy-directus.php on line 681
[08-Mar-2026 09:22:08 UTC] PHP Parse error:  Unmatched '}' in /var/www/html/wp-content/mu-plugins/vp-proxy-directus.php on line 681
[08-Mar-2026 09:22:09 UTC] PHP Parse error:  Unmatched '}' in /var/www/html/wp-content/mu-plugins/vp-proxy-directus.php on line 681
[08-Mar-2026 09:22:11 UTC] PHP Parse error:  Unmatched '}' in /var/www/html/wp-content/mu-plugins/vp-proxy-directus.php on line 681
[08-Mar-2026 09:22:14 UTC] PHP Parse error:  Unmatched '}' in /var/www/html/wp-content/mu-plugins/vp-proxy-directus.php on line 681
[08-Mar-2026 09:22:16 UTC] PHP Parse error:  Unmatched '}' in /var/www/html/wp-content/mu-plugins/vp-proxy-directus.php on line 681
[08-Mar-2026 09:22:26 UTC] PHP Parse error:  Unmatched '}' in /var/www/html/wp-content/mu-plugins/vp-proxy-directus.php on line 681
[08-Mar-2026 09:22:28 UTC] PHP Parse error:  Unmatched '}' in /var/www/html/wp-content/mu-plugins/vp-proxy-directus.php on line 681
[08-Mar-2026 09:22:28 UTC] PHP Parse error:  Unmatched '}' in /var/www/html/wp-content/mu-plugins/vp-proxy-directus.php on line 681
[08-Mar-2026 09:22:29 UTC] PHP Parse error:  Unmatched '}' in /var/www/html/wp-content/mu-plugins/vp-proxy-directus.php on line 681
[08-Mar-2026 09:22:30 UTC] PHP Parse error:  Unmatched '}' in /var/www/html/wp-content/mu-plugins/vp-proxy-directus.php on line 681
[08-Mar-2026 09:22:41 UTC] PHP Parse error:  Unmatched '}' in /var/www/html/wp-content/mu-plugins/vp-proxy-directus.php on line 681
[08-Mar-2026 09:22:43 UTC] PHP Parse error:  Unmatched '}' in /var/www/html/wp-content/mu-plugins/vp-proxy-directus.php on line 681
[08-Mar-2026 09:22:44 UTC] PHP Parse error:  Unmatched '}' in /var/www/html/wp-content/mu-plugins/vp-proxy-directus.php on line 681
[08-Mar-2026 09:22:45 UTC] PHP Parse error:  Unmatched '}' in /var/www/html/wp-content/mu-plugins/vp-proxy-directus.php on line 681
[08-Mar-2026 09:22:45 UTC] PHP Parse error:  Unmatched '}' in /var/www/html/wp-content/mu-plugins/vp-proxy-directus.php on line 681
[08-Mar-2026 09:22:46 UTC] PHP Parse error:  Unmatched '}' in /var/www/html/wp-content/mu-plugins/vp-proxy-directus.php on line 681
[08-Mar-2026 09:22:46 UTC] PHP Parse error:  Unmatched '}' in /var/www/html/wp-content/mu-plugins/vp-proxy-directus.php on line 681
[08-Mar-2026 09:22:47 UTC] PHP Parse error:  Unmatched '}' in /var/www/html/wp-content/mu-plugins/vp-proxy-directus.php on line 681
[08-Mar-2026 09:23:17 UTC] PHP Parse error:  Unmatched '}' in /var/www/html/wp-content/mu-plugins/vp-proxy-directus.php on line 681
[08-Mar-2026 09:23:18 UTC] PHP Parse error:  Unmatched '}' in /var/www/html/wp-content/mu-plugins/vp-proxy-directus.php on line 681
[08-Mar-2026 09:23:18 UTC] PHP Parse error:  Unmatched '}' in /var/www/html/wp-content/mu-plugins/vp-proxy-directus.php on line 681
[08-Mar-2026 09:23:19 UTC] PHP Parse error:  Unmatched '}' in /var/www/html/wp-content/mu-plugins/vp-proxy-directus.php on line 681
[08-Mar-2026 09:23:20 UTC] PHP Parse error:  Unmatched '}' in /var/www/html/wp-content/mu-plugins/vp-proxy-directus.php on line 681
[08-Mar-2026 09:23:20 UTC] PHP Parse error:  Unmatched '}' in /var/www/html/wp-content/mu-plugins/vp-proxy-directus.php on line 681
[08-Mar-2026 09:23:21 UTC] PHP Parse error:  Unmatched '}' in /var/www/html/wp-content/mu-plugins/vp-proxy-directus.php on line 681
[08-Mar-2026 09:23:24 UTC] PHP Parse error:  Unmatched '}' in /var/www/html/wp-content/mu-plugins/vp-proxy-directus.php on line 681
[08-Mar-2026 09:23:25 UTC] PHP Parse error:  Unmatched '}' in /var/www/html/wp-content/mu-plugins/vp-proxy-directus.php on line 681
[08-Mar-2026 09:23:26 UTC] PHP Parse error:  Unmatched '}' in /var/www/html/wp-content/mu-plugins/vp-proxy-directus.php on line 681
[08-Mar-2026 09:23:28 UTC] PHP Parse error:  Unmatched '}' in /var/www/html/wp-content/mu-plugins/vp-proxy-directus.php on line 681
[08-Mar-2026 09:23:29 UTC] PHP Parse error:  Unmatched '}' in /var/www/html/wp-content/mu-plugins/vp-proxy-directus.php on line 681
[08-Mar-2026 09:23:30 UTC] PHP Parse error:  Unmatched '}' in /var/www/html/wp-content/mu-plugins/vp-proxy-directus.php on line 681
[08-Mar-2026 09:23:30 UTC] PHP Parse error:  Unmatched '}' in /var/www/html/wp-content/mu-plugins/vp-proxy-directus.php on line 681
[08-Mar-2026 09:23:31 UTC] PHP Parse error:  Unmatched '}' in /var/www/html/wp-content/mu-plugins/vp-proxy-directus.php on line 681
[08-Mar-2026 09:23:32 UTC] PHP Parse error:  Unmatched '}' in /var/www/html/wp-content/mu-plugins/vp-proxy-directus.php on line 681
[08-Mar-2026 09:23:32 UTC] PHP Parse error:  Unmatched '}' in /var/www/html/wp-content/mu-plugins/vp-proxy-directus.php on line 681
[08-Mar-2026 09:23:33 UTC] PHP Parse error:  Unmatched '}' in /var/www/html/wp-content/mu-plugins/vp-proxy-directus.php on line 681
[08-Mar-2026 09:23:34 UTC] PHP Parse error:  Unmatched '}' in /var/www/html/wp-content/mu-plugins/vp-proxy-directus.php on line 681
[08-Mar-2026 09:23:34 UTC] PHP Parse error:  Unmatched '}' in /var/www/html/wp-content/mu-plugins/vp-proxy-directus.php on line 681
[08-Mar-2026 09:23:36 UTC] PHP Parse error:  Unmatched '}' in /var/www/html/wp-content/mu-plugins/vp-proxy-directus.php on line 681
[08-Mar-2026 09:23:37 UTC] PHP Parse error:  Unmatched '}' in /var/www/html/wp-content/mu-plugins/vp-proxy-directus.php on line 681
[08-Mar-2026 09:23:38 UTC] PHP Parse error:  Unmatched '}' in /var/www/html/wp-content/mu-plugins/vp-proxy-directus.php on line 681
[08-Mar-2026 09:23:42 UTC] PHP Parse error:  Unmatched '}' in /var/www/html/wp-content/mu-plugins/vp-proxy-directus.php on line 681
[08-Mar-2026 09:23:45 UTC] PHP Parse error:  Unmatched '}' in /var/www/html/wp-content/mu-plugins/vp-proxy-directus.php on line 681
[08-Mar-2026 09:23:46 UTC] PHP Parse error:  Unmatched '}' in /var/www/html/wp-content/mu-plugins/vp-proxy-directus.php on line 681
[08-Mar-2026 09:23:57 UTC] PHP Parse error:  Unmatched '}' in /var/www/html/wp-content/mu-plugins/vp-proxy-directus.php on line 681
[08-Mar-2026 09:23:58 UTC] PHP Parse error:  Unmatched '}' in /var/www/html/wp-content/mu-plugins/vp-proxy-directus.php on line 681
[08-Mar-2026 09:23:59 UTC] PHP Parse error:  Unmatched '}' in /var/www/html/wp-content/mu-plugins/vp-proxy-directus.php on line 681
[08-Mar-2026 09:24:00 UTC] PHP Parse error:  Unmatched '}' in /var/www/html/wp-content/mu-plugins/vp-proxy-directus.php on line 681
[08-Mar-2026 09:24:00 UTC] PHP Parse error:  Unmatched '}' in /var/www/html/wp-content/mu-plugins/vp-proxy-directus.php on line 681
[08-Mar-2026 09:24:01 UTC] PHP Parse error:  Unmatched '}' in /var/www/html/wp-content/mu-plugins/vp-proxy-directus.php on line 681
[08-Mar-2026 09:24:02 UTC] PHP Parse error:  Unmatched '}' in /var/www/html/wp-content/mu-plugins/vp-proxy-directus.php on line 681
[08-Mar-2026 09:24:08 UTC] PHP Parse error:  Unmatched '}' in /var/www/html/wp-content/mu-plugins/vp-proxy-directus.php on line 681
[08-Mar-2026 09:24:12 UTC] PHP Parse error:  Unmatched '}' in /var/www/html/wp-content/mu-plugins/vp-proxy-directus.php on line 681
[08-Mar-2026 09:24:13 UTC] PHP Parse error:  Unmatched '}' in /var/www/html/wp-content/mu-plugins/vp-proxy-directus.php on line 681
[08-Mar-2026 09:24:14 UTC] PHP Parse error:  Unmatched '}' in /var/www/html/wp-content/mu-plugins/vp-proxy-directus.php on line 681
[08-Mar-2026 09:24:15 UTC] PHP Parse error:  Unmatched '}' in /var/www/html/wp-content/mu-plugins/vp-proxy-directus.php on line 681
[08-Mar-2026 09:24:16 UTC] PHP Parse error:  Unmatched '}' in /var/www/html/wp-content/mu-plugins/vp-proxy-directus.php on line 681
[08-Mar-2026 09:24:17 UTC] PHP Parse error:  Unmatched '}' in /var/www/html/wp-content/mu-plugins/vp-proxy-directus.php on line 681
[08-Mar-2026 09:24:18 UTC] PHP Parse error:  Unmatched '}' in /var/www/html/wp-content/mu-plugins/vp-proxy-directus.php on line 681
[08-Mar-2026 09:24:19 UTC] PHP Parse error:  Unmatched '}' in /var/www/html/wp-content/mu-plugins/vp-proxy-directus.php on line 681
[08-Mar-2026 09:24:20 UTC] PHP Parse error:  Unmatched '}' in /var/www/html/wp-content/mu-plugins/vp-proxy-directus.php on line 681
[08-Mar-2026 09:24:22 UTC] PHP Parse error:  Unmatched '}' in /var/www/html/wp-content/mu-plugins/vp-proxy-directus.php on line 681
[08-Mar-2026 09:24:23 UTC] PHP Parse error:  Unmatched '}' in /var/www/html/wp-content/mu-plugins/vp-proxy-directus.php on line 681
[08-Mar-2026 09:24:23 UTC] PHP Parse error:  Unmatched '}' in /var/www/html/wp-content/mu-plugins/vp-proxy-directus.php on line 681
[08-Mar-2026 09:24:27 UTC] PHP Parse error:  Unmatched '}' in /var/www/html/wp-content/mu-plugins/vp-proxy-directus.php on line 681
[08-Mar-2026 09:24:27 UTC] PHP Parse error:  Unmatched '}' in /var/www/html/wp-content/mu-plugins/vp-proxy-directus.php on line 681
[08-Mar-2026 09:24:28 UTC] PHP Parse error:  Unmatched '}' in /var/www/html/wp-content/mu-plugins/vp-proxy-directus.php on line 681
[08-Mar-2026 09:24:32 UTC] PHP Parse error:  Unmatched '}' in /var/www/html/wp-content/mu-plugins/vp-proxy-directus.php on line 681
[08-Mar-2026 09:24:40 UTC] PHP Parse error:  Unmatched '}' in /var/www/html/wp-content/mu-plugins/vp-proxy-directus.php on line 681
[08-Mar-2026 09:24:42 UTC] PHP Parse error:  Unmatched '}' in /var/www/html/wp-content/mu-plugins/vp-proxy-directus.php on line 681
[08-Mar-2026 09:25:05 UTC] PHP Parse error:  Unmatched '}' in /var/www/html/wp-content/mu-plugins/vp-proxy-directus.php on line 681
[08-Mar-2026 09:25:07 UTC] PHP Parse error:  Unmatched '}' in /var/www/html/wp-content/mu-plugins/vp-proxy-directus.php on line 681
[08-Mar-2026 09:25:08 UTC] PHP Parse error:  Unmatched '}' in /var/www/html/wp-content/mu-plugins/vp-proxy-directus.php on line 681
[08-Mar-2026 09:25:09 UTC] PHP Parse error:  Unmatched '}' in /var/www/html/wp-content/mu-plugins/vp-proxy-directus.php on line 681
[08-Mar-2026 09:25:17 UTC] PHP Parse error:  Unmatched '}' in /var/www/html/wp-content/mu-plugins/vp-proxy-directus.php on line 681
[08-Mar-2026 09:25:20 UTC] PHP Parse error:  Unmatched '}' in /var/www/html/wp-content/mu-plugins/vp-proxy-directus.php on line 681
[08-Mar-2026 09:25:21 UTC] PHP Parse error:  Unmatched '}' in /var/www/html/wp-content/mu-plugins/vp-proxy-directus.php on line 681
[08-Mar-2026 09:25:21 UTC] PHP Parse error:  Unmatched '}' in /var/www/html/wp-content/mu-plugins/vp-proxy-directus.php on line 681
[08-Mar-2026 09:25:26 UTC] PHP Parse error:  Unmatched '}' in /var/www/html/wp-content/mu-plugins/vp-proxy-directus.php on line 681
[08-Mar-2026 09:25:27 UTC] PHP Parse error:  Unmatched '}' in /var/www/html/wp-content/mu-plugins/vp-proxy-directus.php on line 681
[08-Mar-2026 09:25:28 UTC] PHP Parse error:  Unmatched '}' in /var/www/html/wp-content/mu-plugins/vp-proxy-directus.php on line 681
[08-Mar-2026 09:25:29 UTC] PHP Parse error:  Unmatched '}' in /var/www/html/wp-content/mu-plugins/vp-proxy-directus.php on line 681
[08-Mar-2026 09:25:30 UTC] PHP Parse error:  Unmatched '}' in /var/www/html/wp-content/mu-plugins/vp-proxy-directus.php on line 681
[08-Mar-2026 09:25:32 UTC] PHP Parse error:  Unmatched '}' in /var/www/html/wp-content/mu-plugins/vp-proxy-directus.php on line 681
[08-Mar-2026 09:25:39 UTC] PHP Parse error:  Unmatched '}' in /var/www/html/wp-content/mu-plugins/vp-proxy-directus.php on line 681
[08-Mar-2026 09:25:59 UTC] PHP Parse error:  Unmatched '}' in /var/www/html/wp-content/mu-plugins/vp-proxy-directus.php on line 681
[08-Mar-2026 09:26:10 UTC] PHP Parse error:  Unmatched '}' in /var/www/html/wp-content/mu-plugins/vp-proxy-directus.php on line 681
[08-Mar-2026 09:26:10 UTC] PHP Parse error:  Unmatched '}' in /var/www/html/wp-content/mu-plugins/vp-proxy-directus.php on line 681
[08-Mar-2026 09:26:11 UTC] PHP Parse error:  Unmatched '}' in /var/www/html/wp-content/mu-plugins/vp-proxy-directus.php on line 681
[08-Mar-2026 09:26:14 UTC] PHP Parse error:  Unmatched '}' in /var/www/html/wp-content/mu-plugins/vp-proxy-directus.php on line 681
[08-Mar-2026 09:26:15 UTC] PHP Parse error:  Unmatched '}' in /var/www/html/wp-content/mu-plugins/vp-proxy-directus.php on line 681
[08-Mar-2026 09:26:15 UTC] PHP Parse error:  Unmatched '}' in /var/www/html/wp-content/mu-plugins/vp-proxy-directus.php on line 681
[08-Mar-2026 09:26:21 UTC] PHP Parse error:  Unmatched '}' in /var/www/html/wp-content/mu-plugins/vp-proxy-directus.php on line 681
[08-Mar-2026 09:26:22 UTC] PHP Parse error:  Unmatched '}' in /var/www/html/wp-content/mu-plugins/vp-proxy-directus.php on line 681
[08-Mar-2026 09:26:22 UTC] PHP Parse error:  Unmatched '}' in /var/www/html/wp-content/mu-plugins/vp-proxy-directus.php on line 681
[08-Mar-2026 09:26:33 UTC] PHP Parse error:  Unmatched '}' in /var/www/html/wp-content/mu-plugins/vp-proxy-directus.php on line 681
[08-Mar-2026 09:26:42 UTC] PHP Parse error:  Unmatched '}' in /var/www/html/wp-content/mu-plugins/vp-proxy-directus.php on line 681
[08-Mar-2026 09:26:43 UTC] PHP Parse error:  Unmatched '}' in /var/www/html/wp-content/mu-plugins/vp-proxy-directus.php on line 681
[08-Mar-2026 09:26:44 UTC] PHP Parse error:  Unmatched '}' in /var/www/html/wp-content/mu-plugins/vp-proxy-directus.php on line 681
[08-Mar-2026 09:26:46 UTC] PHP Parse error:  Unmatched '}' in /var/www/html/wp-content/mu-plugins/vp-proxy-directus.php on line 681
[08-Mar-2026 09:26:46 UTC] PHP Parse error:  Unmatched '}' in /var/www/html/wp-content/mu-plugins/vp-proxy-directus.php on line 681
[08-Mar-2026 09:26:47 UTC] PHP Parse error:  Unmatched '}' in /var/www/html/wp-content/mu-plugins/vp-proxy-directus.php on line 681
[08-Mar-2026 09:26:48 UTC] PHP Parse error:  Unmatched '}' in /var/www/html/wp-content/mu-plugins/vp-proxy-directus.php on line 681
[08-Mar-2026 09:26:48 UTC] PHP Parse error:  Unmatched '}' in /var/www/html/wp-content/mu-plugins/vp-proxy-directus.php on line 681
[08-Mar-2026 09:26:49 UTC] PHP Parse error:  Unmatched '}' in /var/www/html/wp-content/mu-plugins/vp-proxy-directus.php on line 681
[08-Mar-2026 09:26:50 UTC] PHP Parse error:  Unmatched '}' in /var/www/html/wp-content/mu-plugins/vp-proxy-directus.php on line 681
[08-Mar-2026 09:26:51 UTC] PHP Parse error:  Unmatched '}' in /var/www/html/wp-content/mu-plugins/vp-proxy-directus.php on line 681
[08-Mar-2026 09:26:52 UTC] PHP Parse error:  Unmatched '}' in /var/www/html/wp-content/mu-plugins/vp-proxy-directus.php on line 681
[08-Mar-2026 09:27:11 UTC] PHP Parse error:  Unmatched '}' in /var/www/html/wp-content/mu-plugins/vp-proxy-directus.php on line 681
[08-Mar-2026 09:27:11 UTC] PHP Parse error:  Unmatched '}' in /var/www/html/wp-content/mu-plugins/vp-proxy-directus.php on line 681
[08-Mar-2026 09:27:12 UTC] PHP Parse error:  Unmatched '}' in /var/www/html/wp-content/mu-plugins/vp-proxy-directus.php on line 681
[08-Mar-2026 09:27:13 UTC] PHP Parse error:  Unmatched '}' in /var/www/html/wp-content/mu-plugins/vp-proxy-directus.php on line 681
[08-Mar-2026 09:27:17 UTC] PHP Parse error:  Unmatched '}' in /var/www/html/wp-content/mu-plugins/vp-proxy-directus.php on line 681
[08-Mar-2026 09:27:18 UTC] PHP Parse error:  Unmatched '}' in /var/www/html/wp-content/mu-plugins/vp-proxy-directus.php on line 681
[08-Mar-2026 09:27:19 UTC] PHP Parse error:  Unmatched '}' in /var/www/html/wp-content/mu-plugins/vp-proxy-directus.php on line 681
[08-Mar-2026 09:27:20 UTC] PHP Parse error:  Unmatched '}' in /var/www/html/wp-content/mu-plugins/vp-proxy-directus.php on line 681
[08-Mar-2026 09:27:20 UTC] PHP Parse error:  Unmatched '}' in /var/www/html/wp-content/mu-plugins/vp-proxy-directus.php on line 681
[08-Mar-2026 09:27:53 UTC] PHP Parse error:  Unmatched '}' in /var/www/html/wp-content/mu-plugins/vp-proxy-directus.php on line 681
[08-Mar-2026 09:27:59 UTC] PHP Parse error:  Unmatched '}' in /var/www/html/wp-content/mu-plugins/vp-proxy-directus.php on line 681
[08-Mar-2026 09:28:00 UTC] PHP Parse error:  Unmatched '}' in /var/www/html/wp-content/mu-plugins/vp-proxy-directus.php on line 681
[08-Mar-2026 09:28:02 UTC] PHP Parse error:  Unmatched '}' in /var/www/html/wp-content/mu-plugins/vp-proxy-directus.php on line 681
[08-Mar-2026 09:28:06 UTC] PHP Parse error:  Unmatched '}' in /var/www/html/wp-content/mu-plugins/vp-proxy-directus.php on line 681
[08-Mar-2026 09:28:09 UTC] PHP Parse error:  Unmatched '}' in /var/www/html/wp-content/mu-plugins/vp-proxy-directus.php on line 681
[08-Mar-2026 09:28:12 UTC] PHP Parse error:  Unmatched '}' in /var/www/html/wp-content/mu-plugins/vp-proxy-directus.php on line 681
[08-Mar-2026 09:28:13 UTC] PHP Parse error:  Unmatched '}' in /var/www/html/wp-content/mu-plugins/vp-proxy-directus.php on line 681
[08-Mar-2026 09:28:14 UTC] PHP Parse error:  Unmatched '}' in /var/www/html/wp-content/mu-plugins/vp-proxy-directus.php on line 681
[08-Mar-2026 09:28:15 UTC] PHP Parse error:  Unmatched '}' in /var/www/html/wp-content/mu-plugins/vp-proxy-directus.php on line 681
[08-Mar-2026 09:28:16 UTC] PHP Parse error:  Unmatched '}' in /var/www/html/wp-content/mu-plugins/vp-proxy-directus.php on line 681
[08-Mar-2026 09:28:18 UTC] PHP Parse error:  Unmatched '}' in /var/www/html/wp-content/mu-plugins/vp-proxy-directus.php on line 681
[08-Mar-2026 09:28:19 UTC] PHP Parse error:  Unmatched '}' in /var/www/html/wp-content/mu-plugins/vp-proxy-directus.php on line 681
[08-Mar-2026 09:28:20 UTC] PHP Parse error:  Unmatched '}' in /var/www/html/wp-content/mu-plugins/vp-proxy-directus.php on line 681
[08-Mar-2026 09:28:27 UTC] PHP Parse error:  Unmatched '}' in /var/www/html/wp-content/mu-plugins/vp-proxy-directus.php on line 681
[08-Mar-2026 09:28:31 UTC] PHP Parse error:  Unmatched '}' in /var/www/html/wp-content/mu-plugins/vp-proxy-directus.php on line 681
[08-Mar-2026 09:28:32 UTC] PHP Parse error:  Unmatched '}' in /var/www/html/wp-content/mu-plugins/vp-proxy-directus.php on line 681
[08-Mar-2026 09:28:33 UTC] PHP Parse error:  Unmatched '}' in /var/www/html/wp-content/mu-plugins/vp-proxy-directus.php on line 681
[08-Mar-2026 09:28:33 UTC] PHP Parse error:  Unmatched '}' in /var/www/html/wp-content/mu-plugins/vp-proxy-directus.php on line 681
[08-Mar-2026 09:28:35 UTC] PHP Parse error:  Unmatched '}' in /var/www/html/wp-content/mu-plugins/vp-proxy-directus.php on line 681
[08-Mar-2026 09:28:36 UTC] PHP Parse error:  Unmatched '}' in /var/www/html/wp-content/mu-plugins/vp-proxy-directus.php on line 681
[08-Mar-2026 09:28:37 UTC] PHP Parse error:  Unmatched '}' in /var/www/html/wp-content/mu-plugins/vp-proxy-directus.php on line 681
[08-Mar-2026 09:28:38 UTC] PHP Parse error:  Unmatched '}' in /var/www/html/wp-content/mu-plugins/vp-proxy-directus.php on line 681
[08-Mar-2026 09:28:39 UTC] PHP Parse error:  Unmatched '}' in /var/www/html/wp-content/mu-plugins/vp-proxy-directus.php on line 681
[08-Mar-2026 09:28:40 UTC] PHP Parse error:  Unmatched '}' in /var/www/html/wp-content/mu-plugins/vp-proxy-directus.php on line 681
[08-Mar-2026 09:28:41 UTC] PHP Parse error:  Unmatched '}' in /var/www/html/wp-content/mu-plugins/vp-proxy-directus.php on line 681
[08-Mar-2026 09:28:42 UTC] PHP Parse error:  Unmatched '}' in /var/www/html/wp-content/mu-plugins/vp-proxy-directus.php on line 681
[08-Mar-2026 09:28:45 UTC] PHP Parse error:  Unmatched '}' in /var/www/html/wp-content/mu-plugins/vp-proxy-directus.php on line 681
[08-Mar-2026 09:29:15 UTC] PHP Parse error:  Unmatched '}' in /var/www/html/wp-content/mu-plugins/vp-proxy-directus.php on line 681
[08-Mar-2026 09:29:16 UTC] PHP Parse error:  Unmatched '}' in /var/www/html/wp-content/mu-plugins/vp-proxy-directus.php on line 681
[08-Mar-2026 09:29:17 UTC] PHP Parse error:  Unmatched '}' in /var/www/html/wp-content/mu-plugins/vp-proxy-directus.php on line 681
[08-Mar-2026 09:29:28 UTC] PHP Parse error:  Unmatched '}' in /var/www/html/wp-content/mu-plugins/vp-proxy-directus.php on line 681
[08-Mar-2026 09:29:30 UTC] PHP Parse error:  Unmatched '}' in /var/www/html/wp-content/mu-plugins/vp-proxy-directus.php on line 681
[08-Mar-2026 09:29:32 UTC] PHP Parse error:  Unmatched '}' in /var/www/html/wp-content/mu-plugins/vp-proxy-directus.php on line 681
[08-Mar-2026 09:29:34 UTC] PHP Parse error:  Unmatched '}' in /var/www/html/wp-content/mu-plugins/vp-proxy-directus.php on line 681
[08-Mar-2026 09:29:36 UTC] PHP Parse error:  Unmatched '}' in /var/www/html/wp-content/mu-plugins/vp-proxy-directus.php on line 681
[08-Mar-2026 09:29:37 UTC] PHP Parse error:  Unmatched '}' in /var/www/html/wp-content/mu-plugins/vp-proxy-directus.php on line 681
[08-Mar-2026 09:29:39 UTC] PHP Parse error:  Unmatched '}' in /var/www/html/wp-content/mu-plugins/vp-proxy-directus.php on line 681
[08-Mar-2026 09:29:41 UTC] PHP Parse error:  Unmatched '}' in /var/www/html/wp-content/mu-plugins/vp-proxy-directus.php on line 681
[08-Mar-2026 09:29:42 UTC] PHP Parse error:  Unmatched '}' in /var/www/html/wp-content/mu-plugins/vp-proxy-directus.php on line 681
[08-Mar-2026 09:29:42 UTC] PHP Parse error:  Unmatched '}' in /var/www/html/wp-content/mu-plugins/vp-proxy-directus.php on line 681
[08-Mar-2026 09:29:43 UTC] PHP Parse error:  Unmatched '}' in /var/www/html/wp-content/mu-plugins/vp-proxy-directus.php on line 681
[08-Mar-2026 09:29:43 UTC] PHP Parse error:  Unmatched '}' in /var/www/html/wp-content/mu-plugins/vp-proxy-directus.php on line 681
[08-Mar-2026 09:29:44 UTC] PHP Parse error:  Unmatched '}' in /var/www/html/wp-content/mu-plugins/vp-proxy-directus.php on line 681
[08-Mar-2026 09:29:45 UTC] PHP Parse error:  Unmatched '}' in /var/www/html/wp-content/mu-plugins/vp-proxy-directus.php on line 681
[08-Mar-2026 09:29:46 UTC] PHP Parse error:  Unmatched '}' in /var/www/html/wp-content/mu-plugins/vp-proxy-directus.php on line 681
[08-Mar-2026 09:29:47 UTC] PHP Parse error:  Unmatched '}' in /var/www/html/wp-content/mu-plugins/vp-proxy-directus.php on line 681
[08-Mar-2026 09:29:48 UTC] PHP Parse error:  Unmatched '}' in /var/www/html/wp-content/mu-plugins/vp-proxy-directus.php on line 681
[08-Mar-2026 09:29:48 UTC] PHP Parse error:  Unmatched '}' in /var/www/html/wp-content/mu-plugins/vp-proxy-directus.php on line 681
[08-Mar-2026 09:29:49 UTC] PHP Parse error:  Unmatched '}' in /var/www/html/wp-content/mu-plugins/vp-proxy-directus.php on line 681
[08-Mar-2026 09:29:49 UTC] PHP Parse error:  Unmatched '}' in /var/www/html/wp-content/mu-plugins/vp-proxy-directus.php on line 681
[08-Mar-2026 09:29:51 UTC] PHP Parse error:  Unmatched '}' in /var/www/html/wp-content/mu-plugins/vp-proxy-directus.php on line 681
[08-Mar-2026 09:29:52 UTC] PHP Parse error:  Unmatched '}' in /var/www/html/wp-content/mu-plugins/vp-proxy-directus.php on line 681
[08-Mar-2026 09:29:53 UTC] PHP Parse error:  Unmatched '}' in /var/www/html/wp-content/mu-plugins/vp-proxy-directus.php on line 681
[08-Mar-2026 09:29:54 UTC] PHP Parse error:  Unmatched '}' in /var/www/html/wp-content/mu-plugins/vp-proxy-directus.php on line 681
[08-Mar-2026 09:29:56 UTC] PHP Parse error:  Unmatched '}' in /var/www/html/wp-content/mu-plugins/vp-proxy-directus.php on line 681
[08-Mar-2026 09:29:57 UTC] PHP Parse error:  Unmatched '}' in /var/www/html/wp-content/mu-plugins/vp-proxy-directus.php on line 681
[08-Mar-2026 09:29:58 UTC] PHP Parse error:  Unmatched '}' in /var/www/html/wp-content/mu-plugins/vp-proxy-directus.php on line 681
[08-Mar-2026 09:30:01 UTC] PHP Parse error:  Unmatched '}' in /var/www/html/wp-content/mu-plugins/vp-proxy-directus.php on line 681
[08-Mar-2026 09:30:02 UTC] PHP Parse error:  Unmatched '}' in /var/www/html/wp-content/mu-plugins/vp-proxy-directus.php on line 681
[08-Mar-2026 09:30:13 UTC] PHP Parse error:  Unmatched '}' in /var/www/html/wp-content/mu-plugins/vp-proxy-directus.php on line 681
[08-Mar-2026 09:30:14 UTC] PHP Parse error:  Unmatched '}' in /var/www/html/wp-content/mu-plugins/vp-proxy-directus.php on line 681
[08-Mar-2026 09:30:26 UTC] PHP Parse error:  Unmatched '}' in /var/www/html/wp-content/mu-plugins/vp-proxy-directus.php on line 681
[08-Mar-2026 09:30:28 UTC] PHP Parse error:  Unmatched '}' in /var/www/html/wp-content/mu-plugins/vp-proxy-directus.php on line 681
[08-Mar-2026 09:30:29 UTC] PHP Parse error:  Unmatched '}' in /var/www/html/wp-content/mu-plugins/vp-proxy-directus.php on line 681
[08-Mar-2026 09:30:37 UTC] PHP Parse error:  Unmatched '}' in /var/www/html/wp-content/mu-plugins/vp-proxy-directus.php on line 681
[08-Mar-2026 09:30:48 UTC] PHP Parse error:  Unmatched '}' in /var/www/html/wp-content/mu-plugins/vp-proxy-directus.php on line 681
[08-Mar-2026 09:30:51 UTC] PHP Parse error:  Unmatched '}' in /var/www/html/wp-content/mu-plugins/vp-proxy-directus.php on line 681
[08-Mar-2026 09:30:56 UTC] PHP Parse error:  Unmatched '}' in /var/www/html/wp-content/mu-plugins/vp-proxy-directus.php on line 681
[08-Mar-2026 09:31:05 UTC] PHP Parse error:  Unmatched '}' in /var/www/html/wp-content/mu-plugins/vp-proxy-directus.php on line 681
[08-Mar-2026 09:31:11 UTC] PHP Parse error:  Unmatched '}' in /var/www/html/wp-content/mu-plugins/vp-proxy-directus.php on line 681
[08-Mar-2026 09:31:19 UTC] PHP Parse error:  Unmatched '}' in /var/www/html/wp-content/mu-plugins/vp-proxy-directus.php on line 681
[08-Mar-2026 09:31:27 UTC] PHP Parse error:  Unmatched '}' in /var/www/html/wp-content/mu-plugins/vp-proxy-directus.php on line 681
[08-Mar-2026 09:31:35 UTC] PHP Parse error:  Unmatched '}' in /var/www/html/wp-content/mu-plugins/vp-proxy-directus.php on line 681
[08-Mar-2026 09:31:36 UTC] PHP Parse error:  Unmatched '}' in /var/www/html/wp-content/mu-plugins/vp-proxy-directus.php on line 681
[08-Mar-2026 09:31:37 UTC] PHP Parse error:  Unmatched '}' in /var/www/html/wp-content/mu-plugins/vp-proxy-directus.php on line 681
[08-Mar-2026 09:31:44 UTC] PHP Parse error:  Unmatched '}' in /var/www/html/wp-content/mu-plugins/vp-proxy-directus.php on line 681
[08-Mar-2026 09:31:55 UTC] PHP Parse error:  Unmatched '}' in /var/www/html/wp-content/mu-plugins/vp-proxy-directus.php on line 681
[08-Mar-2026 09:31:59 UTC] PHP Parse error:  Unmatched '}' in /var/www/html/wp-content/mu-plugins/vp-proxy-directus.php on line 681
[08-Mar-2026 09:32:15 UTC] PHP Parse error:  Unmatched '}' in /var/www/html/wp-content/mu-plugins/vp-proxy-directus.php on line 681
[08-Mar-2026 09:32:28 UTC] PHP Parse error:  Unmatched '}' in /var/www/html/wp-content/mu-plugins/vp-proxy-directus.php on line 681
[08-Mar-2026 09:32:30 UTC] PHP Parse error:  Unmatched '}' in /var/www/html/wp-content/mu-plugins/vp-proxy-directus.php on line 681
[08-Mar-2026 09:32:31 UTC] PHP Parse error:  Unmatched '}' in /var/www/html/wp-content/mu-plugins/vp-proxy-directus.php on line 681
[08-Mar-2026 09:32:32 UTC] PHP Parse error:  Unmatched '}' in /var/www/html/wp-content/mu-plugins/vp-proxy-directus.php on line 681
[08-Mar-2026 09:32:33 UTC] PHP Parse error:  Unmatched '}' in /var/www/html/wp-content/mu-plugins/vp-proxy-directus.php on line 681
[08-Mar-2026 09:32:33 UTC] PHP Parse error:  Unmatched '}' in /var/www/html/wp-content/mu-plugins/vp-proxy-directus.php on line 681
[08-Mar-2026 09:32:34 UTC] PHP Parse error:  Unmatched '}' in /var/www/html/wp-content/mu-plugins/vp-proxy-directus.php on line 681
[08-Mar-2026 09:32:34 UTC] PHP Parse error:  Unmatched '}' in /var/www/html/wp-content/mu-plugins/vp-proxy-directus.php on line 681
[08-Mar-2026 09:32:37 UTC] PHP Parse error:  Unmatched '}' in /var/www/html/wp-content/mu-plugins/vp-proxy-directus.php on line 681
[08-Mar-2026 09:32:44 UTC] PHP Parse error:  Unmatched '}' in /var/www/html/wp-content/mu-plugins/vp-proxy-directus.php on line 681
[08-Mar-2026 09:32:52 UTC] PHP Parse error:  Unmatched '}' in /var/www/html/wp-content/mu-plugins/vp-proxy-directus.php on line 681
[08-Mar-2026 09:32:55 UTC] PHP Parse error:  Unmatched '}' in /var/www/html/wp-content/mu-plugins/vp-proxy-directus.php on line 681
[08-Mar-2026 09:32:57 UTC] PHP Parse error:  Unmatched '}' in /var/www/html/wp-content/mu-plugins/vp-proxy-directus.php on line 681
[08-Mar-2026 09:32:59 UTC] PHP Parse error:  Unmatched '}' in /var/www/html/wp-content/mu-plugins/vp-proxy-directus.php on line 681
[08-Mar-2026 09:33:03 UTC] PHP Parse error:  Unmatched '}' in /var/www/html/wp-content/mu-plugins/vp-proxy-directus.php on line 681
[08-Mar-2026 09:33:06 UTC] PHP Parse error:  Unmatched '}' in /var/www/html/wp-content/mu-plugins/vp-proxy-directus.php on line 681
[08-Mar-2026 09:33:06 UTC] PHP Parse error:  Unmatched '}' in /var/www/html/wp-content/mu-plugins/vp-proxy-directus.php on line 681
[08-Mar-2026 09:33:07 UTC] PHP Parse error:  Unmatched '}' in /var/www/html/wp-content/mu-plugins/vp-proxy-directus.php on line 681
[08-Mar-2026 09:33:07 UTC] PHP Parse error:  Unmatched '}' in /var/www/html/wp-content/mu-plugins/vp-proxy-directus.php on line 681
[08-Mar-2026 09:33:23 UTC] PHP Parse error:  Unmatched '}' in /var/www/html/wp-content/mu-plugins/vp-proxy-directus.php on line 681
[08-Mar-2026 09:33:35 UTC] PHP Parse error:  Unmatched '}' in /var/www/html/wp-content/mu-plugins/vp-proxy-directus.php on line 681
[08-Mar-2026 09:33:35 UTC] PHP Parse error:  Unmatched '}' in /var/www/html/wp-content/mu-plugins/vp-proxy-directus.php on line 681
[08-Mar-2026 09:33:36 UTC] PHP Parse error:  Unmatched '}' in /var/www/html/wp-content/mu-plugins/vp-proxy-directus.php on line 681
[08-Mar-2026 09:33:38 UTC] PHP Parse error:  Unmatched '}' in /var/www/html/wp-content/mu-plugins/vp-proxy-directus.php on line 681
[08-Mar-2026 09:33:38 UTC] PHP Parse error:  Unmatched '}' in /var/www/html/wp-content/mu-plugins/vp-proxy-directus.php on line 681
[08-Mar-2026 09:33:39 UTC] PHP Parse error:  Unmatched '}' in /var/www/html/wp-content/mu-plugins/vp-proxy-directus.php on line 681
[08-Mar-2026 09:33:39 UTC] PHP Parse error:  Unmatched '}' in /var/www/html/wp-content/mu-plugins/vp-proxy-directus.php on line 681
[08-Mar-2026 09:33:40 UTC] PHP Parse error:  Unmatched '}' in /var/www/html/wp-content/mu-plugins/vp-proxy-directus.php on line 681
[08-Mar-2026 09:33:40 UTC] PHP Parse error:  Unmatched '}' in /var/www/html/wp-content/mu-plugins/vp-proxy-directus.php on line 681
[08-Mar-2026 09:33:41 UTC] PHP Parse error:  Unmatched '}' in /var/www/html/wp-content/mu-plugins/vp-proxy-directus.php on line 681
[08-Mar-2026 09:33:42 UTC] PHP Parse error:  Unmatched '}' in /var/www/html/wp-content/mu-plugins/vp-proxy-directus.php on line 681
[08-Mar-2026 09:34:00 UTC] PHP Parse error:  Unmatched '}' in /var/www/html/wp-content/mu-plugins/vp-proxy-directus.php on line 681
[08-Mar-2026 09:34:02 UTC] PHP Parse error:  Unmatched '}' in /var/www/html/wp-content/mu-plugins/vp-proxy-directus.php on line 681
[08-Mar-2026 09:34:02 UTC] PHP Parse error:  Unmatched '}' in /var/www/html/wp-content/mu-plugins/vp-proxy-directus.php on line 681
[08-Mar-2026 09:34:04 UTC] PHP Parse error:  Unmatched '}' in /var/www/html/wp-content/mu-plugins/vp-proxy-directus.php on line 681
[08-Mar-2026 09:34:05 UTC] PHP Parse error:  Unmatched '}' in /var/www/html/wp-content/mu-plugins/vp-proxy-directus.php on line 681
[08-Mar-2026 09:34:05 UTC] PHP Parse error:  Unmatched '}' in /var/www/html/wp-content/mu-plugins/vp-proxy-directus.php on line 681
[08-Mar-2026 09:34:06 UTC] PHP Parse error:  Unmatched '}' in /var/www/html/wp-content/mu-plugins/vp-proxy-directus.php on line 681
[08-Mar-2026 09:34:17 UTC] PHP Parse error:  Unmatched '}' in /var/www/html/wp-content/mu-plugins/vp-proxy-directus.php on line 681
[08-Mar-2026 09:34:18 UTC] PHP Parse error:  Unmatched '}' in /var/www/html/wp-content/mu-plugins/vp-proxy-directus.php on line 681
[08-Mar-2026 09:34:19 UTC] PHP Parse error:  Unmatched '}' in /var/www/html/wp-content/mu-plugins/vp-proxy-directus.php on line 681
[08-Mar-2026 09:34:21 UTC] PHP Parse error:  Unmatched '}' in /var/www/html/wp-content/mu-plugins/vp-proxy-directus.php on line 681
[08-Mar-2026 09:34:23 UTC] PHP Parse error:  Unmatched '}' in /var/www/html/wp-content/mu-plugins/vp-proxy-directus.php on line 681
[08-Mar-2026 09:34:24 UTC] PHP Parse error:  Unmatched '}' in /var/www/html/wp-content/mu-plugins/vp-proxy-directus.php on line 681
[08-Mar-2026 09:34:26 UTC] PHP Parse error:  Unmatched '}' in /var/www/html/wp-content/mu-plugins/vp-proxy-directus.php on line 681
[08-Mar-2026 09:34:40 UTC] PHP Parse error:  Unmatched '}' in /var/www/html/wp-content/mu-plugins/vp-proxy-directus.php on line 681
[08-Mar-2026 09:34:40 UTC] PHP Parse error:  Unmatched '}' in /var/www/html/wp-content/mu-plugins/vp-proxy-directus.php on line 681
[08-Mar-2026 09:34:42 UTC] PHP Parse error:  Unmatched '}' in /var/www/html/wp-content/mu-plugins/vp-proxy-directus.php on line 681
[08-Mar-2026 09:34:44 UTC] PHP Parse error:  Unmatched '}' in /var/www/html/wp-content/mu-plugins/vp-proxy-directus.php on line 681
[08-Mar-2026 09:34:45 UTC] PHP Parse error:  Unmatched '}' in /var/www/html/wp-content/mu-plugins/vp-proxy-directus.php on line 681
[08-Mar-2026 09:34:47 UTC] PHP Parse error:  Unmatched '}' in /var/www/html/wp-content/mu-plugins/vp-proxy-directus.php on line 681
[08-Mar-2026 09:34:48 UTC] PHP Parse error:  Unmatched '}' in /var/www/html/wp-content/mu-plugins/vp-proxy-directus.php on line 681
[08-Mar-2026 09:34:50 UTC] PHP Parse error:  Unmatched '}' in /var/www/html/wp-content/mu-plugins/vp-proxy-directus.php on line 681
[08-Mar-2026 09:34:53 UTC] PHP Parse error:  Unmatched '}' in /var/www/html/wp-content/mu-plugins/vp-proxy-directus.php on line 681
[08-Mar-2026 09:34:55 UTC] PHP Parse error:  Unmatched '}' in /var/www/html/wp-content/mu-plugins/vp-proxy-directus.php on line 681
[08-Mar-2026 09:35:03 UTC] PHP Parse error:  Unmatched '}' in /var/www/html/wp-content/mu-plugins/vp-proxy-directus.php on line 681
[08-Mar-2026 09:35:04 UTC] PHP Parse error:  Unmatched '}' in /var/www/html/wp-content/mu-plugins/vp-proxy-directus.php on line 681
[08-Mar-2026 09:35:04 UTC] PHP Parse error:  Unmatched '}' in /var/www/html/wp-content/mu-plugins/vp-proxy-directus.php on line 681
[08-Mar-2026 09:35:05 UTC] PHP Parse error:  Unmatched '}' in /var/www/html/wp-content/mu-plugins/vp-proxy-directus.php on line 681
[08-Mar-2026 09:35:07 UTC] PHP Parse error:  Unmatched '}' in /var/www/html/wp-content/mu-plugins/vp-proxy-directus.php on line 681
[08-Mar-2026 09:35:20 UTC] PHP Parse error:  Unmatched '}' in /var/www/html/wp-content/mu-plugins/vp-proxy-directus.php on line 681
[08-Mar-2026 09:35:21 UTC] PHP Parse error:  Unmatched '}' in /var/www/html/wp-content/mu-plugins/vp-proxy-directus.php on line 681
[08-Mar-2026 09:35:22 UTC] PHP Parse error:  Unmatched '}' in /var/www/html/wp-content/mu-plugins/vp-proxy-directus.php on line 681
[08-Mar-2026 09:35:23 UTC] PHP Parse error:  Unmatched '}' in /var/www/html/wp-content/mu-plugins/vp-proxy-directus.php on line 681
[08-Mar-2026 09:35:24 UTC] PHP Parse error:  Unmatched '}' in /var/www/html/wp-content/mu-plugins/vp-proxy-directus.php on line 681
[08-Mar-2026 09:35:25 UTC] PHP Parse error:  Unmatched '}' in /var/www/html/wp-content/mu-plugins/vp-proxy-directus.php on line 681
[08-Mar-2026 09:35:26 UTC] PHP Parse error:  Unmatched '}' in /var/www/html/wp-content/mu-plugins/vp-proxy-directus.php on line 681
[08-Mar-2026 09:35:27 UTC] PHP Parse error:  Unmatched '}' in /var/www/html/wp-content/mu-plugins/vp-proxy-directus.php on line 681
[08-Mar-2026 09:35:28 UTC] PHP Parse error:  Unmatched '}' in /var/www/html/wp-content/mu-plugins/vp-proxy-directus.php on line 681
[08-Mar-2026 09:35:29 UTC] PHP Parse error:  Unmatched '}' in /var/www/html/wp-content/mu-plugins/vp-proxy-directus.php on line 681
[08-Mar-2026 09:35:30 UTC] PHP Parse error:  Unmatched '}' in /var/www/html/wp-content/mu-plugins/vp-proxy-directus.php on line 681
[08-Mar-2026 09:35:31 UTC] PHP Parse error:  Unmatched '}' in /var/www/html/wp-content/mu-plugins/vp-proxy-directus.php on line 681
[08-Mar-2026 09:35:39 UTC] PHP Parse error:  Unmatched '}' in /var/www/html/wp-content/mu-plugins/vp-proxy-directus.php on line 681
[08-Mar-2026 09:35:39 UTC] PHP Parse error:  Unmatched '}' in /var/www/html/wp-content/mu-plugins/vp-proxy-directus.php on line 681
[08-Mar-2026 09:35:40 UTC] PHP Parse error:  Unmatched '}' in /var/www/html/wp-content/mu-plugins/vp-proxy-directus.php on line 681
[08-Mar-2026 09:35:41 UTC] PHP Parse error:  Unmatched '}' in /var/www/html/wp-content/mu-plugins/vp-proxy-directus.php on line 681
[08-Mar-2026 09:35:43 UTC] PHP Parse error:  Unmatched '}' in /var/www/html/wp-content/mu-plugins/vp-proxy-directus.php on line 681
[08-Mar-2026 09:35:46 UTC] PHP Parse error:  Unmatched '}' in /var/www/html/wp-content/mu-plugins/vp-proxy-directus.php on line 681
[08-Mar-2026 09:35:48 UTC] PHP Parse error:  Unmatched '}' in /var/www/html/wp-content/mu-plugins/vp-proxy-directus.php on line 681
[08-Mar-2026 09:35:59 UTC] PHP Parse error:  Unmatched '}' in /var/www/html/wp-content/mu-plugins/vp-proxy-directus.php on line 681
[08-Mar-2026 09:36:00 UTC] PHP Parse error:  Unmatched '}' in /var/www/html/wp-content/mu-plugins/vp-proxy-directus.php on line 681
[08-Mar-2026 09:36:03 UTC] PHP Parse error:  Unmatched '}' in /var/www/html/wp-content/mu-plugins/vp-proxy-directus.php on line 681
[08-Mar-2026 09:36:03 UTC] PHP Parse error:  Unmatched '}' in /var/www/html/wp-content/mu-plugins/vp-proxy-directus.php on line 681
[08-Mar-2026 09:36:04 UTC] PHP Parse error:  Unmatched '}' in /var/www/html/wp-content/mu-plugins/vp-proxy-directus.php on line 681
[08-Mar-2026 09:36:05 UTC] PHP Parse error:  Unmatched '}' in /var/www/html/wp-content/mu-plugins/vp-proxy-directus.php on line 681
[08-Mar-2026 09:36:11 UTC] PHP Parse error:  Unmatched '}' in /var/www/html/wp-content/mu-plugins/vp-proxy-directus.php on line 681
[08-Mar-2026 09:36:15 UTC] PHP Parse error:  Unmatched '}' in /var/www/html/wp-content/mu-plugins/vp-proxy-directus.php on line 681
[08-Mar-2026 09:36:15 UTC] PHP Parse error:  Unmatched '}' in /var/www/html/wp-content/mu-plugins/vp-proxy-directus.php on line 681
[08-Mar-2026 09:36:16 UTC] PHP Parse error:  Unmatched '}' in /var/www/html/wp-content/mu-plugins/vp-proxy-directus.php on line 681
[08-Mar-2026 09:36:17 UTC] PHP Parse error:  Unmatched '}' in /var/www/html/wp-content/mu-plugins/vp-proxy-directus.php on line 681
[08-Mar-2026 09:36:17 UTC] PHP Parse error:  Unmatched '}' in /var/www/html/wp-content/mu-plugins/vp-proxy-directus.php on line 681
[08-Mar-2026 09:36:18 UTC] PHP Parse error:  Unmatched '}' in /var/www/html/wp-content/mu-plugins/vp-proxy-directus.php on line 681
[08-Mar-2026 09:36:18 UTC] PHP Parse error:  Unmatched '}' in /var/www/html/wp-content/mu-plugins/vp-proxy-directus.php on line 681
[08-Mar-2026 09:36:21 UTC] PHP Parse error:  Unmatched '}' in /var/www/html/wp-content/mu-plugins/vp-proxy-directus.php on line 681
[08-Mar-2026 09:36:22 UTC] PHP Parse error:  Unmatched '}' in /var/www/html/wp-content/mu-plugins/vp-proxy-directus.php on line 681
[08-Mar-2026 09:36:23 UTC] PHP Parse error:  Unmatched '}' in /var/www/html/wp-content/mu-plugins/vp-proxy-directus.php on line 681
[08-Mar-2026 09:36:24 UTC] PHP Parse error:  Unmatched '}' in /var/www/html/wp-content/mu-plugins/vp-proxy-directus.php on line 681
[08-Mar-2026 09:36:26 UTC] PHP Parse error:  Unmatched '}' in /var/www/html/wp-content/mu-plugins/vp-proxy-directus.php on line 681
[08-Mar-2026 09:36:26 UTC] PHP Parse error:  Unmatched '}' in /var/www/html/wp-content/mu-plugins/vp-proxy-directus.php on line 681
[08-Mar-2026 09:36:28 UTC] PHP Parse error:  Unmatched '}' in /var/www/html/wp-content/mu-plugins/vp-proxy-directus.php on line 681
[08-Mar-2026 09:36:30 UTC] PHP Parse error:  Unmatched '}' in /var/www/html/wp-content/mu-plugins/vp-proxy-directus.php on line 681
[08-Mar-2026 09:36:30 UTC] PHP Parse error:  Unmatched '}' in /var/www/html/wp-content/mu-plugins/vp-proxy-directus.php on line 681
[08-Mar-2026 09:36:32 UTC] PHP Parse error:  Unmatched '}' in /var/www/html/wp-content/mu-plugins/vp-proxy-directus.php on line 681
[08-Mar-2026 09:36:33 UTC] PHP Parse error:  Unmatched '}' in /var/www/html/wp-content/mu-plugins/vp-proxy-directus.php on line 681
[08-Mar-2026 09:36:38 UTC] PHP Parse error:  Unmatched '}' in /var/www/html/wp-content/mu-plugins/vp-proxy-directus.php on line 681
[08-Mar-2026 09:36:44 UTC] PHP Parse error:  Unmatched '}' in /var/www/html/wp-content/mu-plugins/vp-proxy-directus.php on line 681
[08-Mar-2026 09:36:45 UTC] PHP Parse error:  Unmatched '}' in /var/www/html/wp-content/mu-plugins/vp-proxy-directus.php on line 681
[08-Mar-2026 09:36:49 UTC] PHP Parse error:  Unmatched '}' in /var/www/html/wp-content/mu-plugins/vp-proxy-directus.php on line 681
[08-Mar-2026 09:36:52 UTC] PHP Parse error:  Unmatched '}' in /var/www/html/wp-content/mu-plugins/vp-proxy-directus.php on line 681
[08-Mar-2026 09:36:57 UTC] PHP Parse error:  Unmatched '}' in /var/www/html/wp-content/mu-plugins/vp-proxy-directus.php on line 681
[08-Mar-2026 09:37:01 UTC] PHP Parse error:  Unmatched '}' in /var/www/html/wp-content/mu-plugins/vp-proxy-directus.php on line 681
[08-Mar-2026 09:37:01 UTC] PHP Parse error:  Unmatched '}' in /var/www/html/wp-content/mu-plugins/vp-proxy-directus.php on line 681
[08-Mar-2026 09:37:02 UTC] PHP Parse error:  Unmatched '}' in /var/www/html/wp-content/mu-plugins/vp-proxy-directus.php on line 681
[08-Mar-2026 09:37:02 UTC] PHP Parse error:  Unmatched '}' in /var/www/html/wp-content/mu-plugins/vp-proxy-directus.php on line 681
[08-Mar-2026 09:37:03 UTC] PHP Parse error:  Unmatched '}' in /var/www/html/wp-content/mu-plugins/vp-proxy-directus.php on line 681
[08-Mar-2026 09:37:04 UTC] PHP Parse error:  Unmatched '}' in /var/www/html/wp-content/mu-plugins/vp-proxy-directus.php on line 681
[08-Mar-2026 09:37:05 UTC] PHP Parse error:  Unmatched '}' in /var/www/html/wp-content/mu-plugins/vp-proxy-directus.php on line 681
[08-Mar-2026 09:37:05 UTC] PHP Parse error:  Unmatched '}' in /var/www/html/wp-content/mu-plugins/vp-proxy-directus.php on line 681
[08-Mar-2026 09:37:07 UTC] PHP Parse error:  Unmatched '}' in /var/www/html/wp-content/mu-plugins/vp-proxy-directus.php on line 681
[08-Mar-2026 09:37:09 UTC] PHP Parse error:  Unmatched '}' in /var/www/html/wp-content/mu-plugins/vp-proxy-directus.php on line 681
[08-Mar-2026 09:37:14 UTC] PHP Parse error:  Unmatched '}' in /var/www/html/wp-content/mu-plugins/vp-proxy-directus.php on line 681
[08-Mar-2026 09:37:15 UTC] PHP Parse error:  Unmatched '}' in /var/www/html/wp-content/mu-plugins/vp-proxy-directus.php on line 681
[08-Mar-2026 09:37:15 UTC] PHP Parse error:  Unmatched '}' in /var/www/html/wp-content/mu-plugins/vp-proxy-directus.php on line 681
[08-Mar-2026 09:37:17 UTC] PHP Parse error:  Unmatched '}' in /var/www/html/wp-content/mu-plugins/vp-proxy-directus.php on line 681
[08-Mar-2026 09:37:18 UTC] PHP Parse error:  Unmatched '}' in /var/www/html/wp-content/mu-plugins/vp-proxy-directus.php on line 681
[08-Mar-2026 09:37:19 UTC] PHP Parse error:  Unmatched '}' in /var/www/html/wp-content/mu-plugins/vp-proxy-directus.php on line 681
[08-Mar-2026 09:37:19 UTC] PHP Parse error:  Unmatched '}' in /var/www/html/wp-content/mu-plugins/vp-proxy-directus.php on line 681
[08-Mar-2026 09:37:33 UTC] PHP Parse error:  Unmatched '}' in /var/www/html/wp-content/mu-plugins/vp-proxy-directus.php on line 681
[08-Mar-2026 09:37:38 UTC] PHP Parse error:  Unmatched '}' in /var/www/html/wp-content/mu-plugins/vp-proxy-directus.php on line 681
[08-Mar-2026 09:37:39 UTC] PHP Parse error:  Unmatched '}' in /var/www/html/wp-content/mu-plugins/vp-proxy-directus.php on line 681
[08-Mar-2026 09:37:39 UTC] PHP Parse error:  Unmatched '}' in /var/www/html/wp-content/mu-plugins/vp-proxy-directus.php on line 681
[08-Mar-2026 09:37:39 UTC] PHP Parse error:  Unmatched '}' in /var/www/html/wp-content/mu-plugins/vp-proxy-directus.php on line 681
[08-Mar-2026 09:37:41 UTC] PHP Parse error:  Unmatched '}' in /var/www/html/wp-content/mu-plugins/vp-proxy-directus.php on line 681
[08-Mar-2026 09:37:43 UTC] PHP Parse error:  Unmatched '}' in /var/www/html/wp-content/mu-plugins/vp-proxy-directus.php on line 681
[08-Mar-2026 09:37:44 UTC] PHP Parse error:  Unmatched '}' in /var/www/html/wp-content/mu-plugins/vp-proxy-directus.php on line 681
[08-Mar-2026 09:38:15 UTC] PHP Parse error:  Unmatched '}' in /var/www/html/wp-content/mu-plugins/vp-proxy-directus.php on line 681
[08-Mar-2026 09:38:17 UTC] PHP Parse error:  Unmatched '}' in /var/www/html/wp-content/mu-plugins/vp-proxy-directus.php on line 681
[08-Mar-2026 09:38:18 UTC] PHP Parse error:  Unmatched '}' in /var/www/html/wp-content/mu-plugins/vp-proxy-directus.php on line 681
[08-Mar-2026 09:38:19 UTC] PHP Parse error:  Unmatched '}' in /var/www/html/wp-content/mu-plugins/vp-proxy-directus.php on line 681
[08-Mar-2026 09:38:29 UTC] PHP Parse error:  Unmatched '}' in /var/www/html/wp-content/mu-plugins/vp-proxy-directus.php on line 681
[08-Mar-2026 09:38:30 UTC] PHP Parse error:  Unmatched '}' in /var/www/html/wp-content/mu-plugins/vp-proxy-directus.php on line 681
[08-Mar-2026 09:38:31 UTC] PHP Parse error:  Unmatched '}' in /var/www/html/wp-content/mu-plugins/vp-proxy-directus.php on line 681
[08-Mar-2026 09:38:33 UTC] PHP Parse error:  Unmatched '}' in /var/www/html/wp-content/mu-plugins/vp-proxy-directus.php on line 681
[08-Mar-2026 09:38:33 UTC] PHP Parse error:  Unmatched '}' in /var/www/html/wp-content/mu-plugins/vp-proxy-directus.php on line 681
[08-Mar-2026 09:38:44 UTC] PHP Parse error:  Unmatched '}' in /var/www/html/wp-content/mu-plugins/vp-proxy-directus.php on line 681
[08-Mar-2026 09:38:45 UTC] PHP Parse error:  Unmatched '}' in /var/www/html/wp-content/mu-plugins/vp-proxy-directus.php on line 681
[08-Mar-2026 09:38:45 UTC] PHP Parse error:  Unmatched '}' in /var/www/html/wp-content/mu-plugins/vp-proxy-directus.php on line 681
[08-Mar-2026 09:38:46 UTC] PHP Parse error:  Unmatched '}' in /var/www/html/wp-content/mu-plugins/vp-proxy-directus.php on line 681
[08-Mar-2026 09:38:48 UTC] PHP Parse error:  Unmatched '}' in /var/www/html/wp-content/mu-plugins/vp-proxy-directus.php on line 681
[08-Mar-2026 09:38:49 UTC] PHP Parse error:  Unmatched '}' in /var/www/html/wp-content/mu-plugins/vp-proxy-directus.php on line 681
[08-Mar-2026 09:38:50 UTC] PHP Parse error:  Unmatched '}' in /var/www/html/wp-content/mu-plugins/vp-proxy-directus.php on line 681
[08-Mar-2026 09:38:50 UTC] PHP Parse error:  Unmatched '}' in /var/www/html/wp-content/mu-plugins/vp-proxy-directus.php on line 681
[08-Mar-2026 09:38:52 UTC] PHP Parse error:  Unmatched '}' in /var/www/html/wp-content/mu-plugins/vp-proxy-directus.php on line 681
[08-Mar-2026 09:38:53 UTC] PHP Parse error:  Unmatched '}' in /var/www/html/wp-content/mu-plugins/vp-proxy-directus.php on line 681
[08-Mar-2026 09:38:54 UTC] PHP Parse error:  Unmatched '}' in /var/www/html/wp-content/mu-plugins/vp-proxy-directus.php on line 681
[08-Mar-2026 09:39:00 UTC] PHP Parse error:  Unmatched '}' in /var/www/html/wp-content/mu-plugins/vp-proxy-directus.php on line 681
[08-Mar-2026 09:39:14 UTC] PHP Parse error:  Unmatched '}' in /var/www/html/wp-content/mu-plugins/vp-proxy-directus.php on line 681
[08-Mar-2026 09:39:16 UTC] PHP Parse error:  Unmatched '}' in /var/www/html/wp-content/mu-plugins/vp-proxy-directus.php on line 681
[08-Mar-2026 09:39:16 UTC] PHP Parse error:  Unmatched '}' in /var/www/html/wp-content/mu-plugins/vp-proxy-directus.php on line 681
[08-Mar-2026 09:39:17 UTC] PHP Parse error:  Unmatched '}' in /var/www/html/wp-content/mu-plugins/vp-proxy-directus.php on line 681
[08-Mar-2026 09:39:18 UTC] PHP Parse error:  Unmatched '}' in /var/www/html/wp-content/mu-plugins/vp-proxy-directus.php on line 681
[08-Mar-2026 09:39:30 UTC] PHP Parse error:  Unmatched '}' in /var/www/html/wp-content/mu-plugins/vp-proxy-directus.php on line 681
[08-Mar-2026 09:39:31 UTC] PHP Parse error:  Unmatched '}' in /var/www/html/wp-content/mu-plugins/vp-proxy-directus.php on line 681
[08-Mar-2026 09:39:31 UTC] PHP Parse error:  Unmatched '}' in /var/www/html/wp-content/mu-plugins/vp-proxy-directus.php on line 681
[08-Mar-2026 09:39:32 UTC] PHP Parse error:  Unmatched '}' in /var/www/html/wp-content/mu-plugins/vp-proxy-directus.php on line 681
[08-Mar-2026 09:39:33 UTC] PHP Parse error:  Unmatched '}' in /var/www/html/wp-content/mu-plugins/vp-proxy-directus.php on line 681
[08-Mar-2026 09:39:35 UTC] PHP Parse error:  Unmatched '}' in /var/www/html/wp-content/mu-plugins/vp-proxy-directus.php on line 681
[08-Mar-2026 09:39:36 UTC] PHP Parse error:  Unmatched '}' in /var/www/html/wp-content/mu-plugins/vp-proxy-directus.php on line 681
[08-Mar-2026 09:39:38 UTC] PHP Parse error:  Unmatched '}' in /var/www/html/wp-content/mu-plugins/vp-proxy-directus.php on line 681
[08-Mar-2026 09:39:39 UTC] PHP Parse error:  Unmatched '}' in /var/www/html/wp-content/mu-plugins/vp-proxy-directus.php on line 681
[08-Mar-2026 09:39:40 UTC] PHP Parse error:  Unmatched '}' in /var/www/html/wp-content/mu-plugins/vp-proxy-directus.php on line 681
[08-Mar-2026 09:39:41 UTC] PHP Parse error:  Unmatched '}' in /var/www/html/wp-content/mu-plugins/vp-proxy-directus.php on line 681
[08-Mar-2026 09:39:42 UTC] PHP Parse error:  Unmatched '}' in /var/www/html/wp-content/mu-plugins/vp-proxy-directus.php on line 681
[08-Mar-2026 09:39:46 UTC] PHP Parse error:  Unmatched '}' in /var/www/html/wp-content/mu-plugins/vp-proxy-directus.php on line 681
[08-Mar-2026 09:39:47 UTC] PHP Parse error:  Unmatched '}' in /var/www/html/wp-content/mu-plugins/vp-proxy-directus.php on line 681
[08-Mar-2026 09:39:48 UTC] PHP Parse error:  Unmatched '}' in /var/www/html/wp-content/mu-plugins/vp-proxy-directus.php on line 681
[08-Mar-2026 09:39:49 UTC] PHP Parse error:  Unmatched '}' in /var/www/html/wp-content/mu-plugins/vp-proxy-directus.php on line 681
[08-Mar-2026 09:39:55 UTC] PHP Parse error:  Unmatched '}' in /var/www/html/wp-content/mu-plugins/vp-proxy-directus.php on line 681
[08-Mar-2026 09:39:58 UTC] PHP Parse error:  Unmatched '}' in /var/www/html/wp-content/mu-plugins/vp-proxy-directus.php on line 681
[08-Mar-2026 09:39:58 UTC] PHP Parse error:  Unmatched '}' in /var/www/html/wp-content/mu-plugins/vp-proxy-directus.php on line 681
[08-Mar-2026 09:40:12 UTC] PHP Parse error:  Unmatched '}' in /var/www/html/wp-content/mu-plugins/vp-proxy-directus.php on line 681
[08-Mar-2026 09:40:30 UTC] PHP Parse error:  Unmatched '}' in /var/www/html/wp-content/mu-plugins/vp-proxy-directus.php on line 681
[08-Mar-2026 09:40:31 UTC] PHP Parse error:  Unmatched '}' in /var/www/html/wp-content/mu-plugins/vp-proxy-directus.php on line 681
[08-Mar-2026 09:40:33 UTC] PHP Parse error:  Unmatched '}' in /var/www/html/wp-content/mu-plugins/vp-proxy-directus.php on line 681
[08-Mar-2026 09:40:34 UTC] PHP Parse error:  Unmatched '}' in /var/www/html/wp-content/mu-plugins/vp-proxy-directus.php on line 681
[08-Mar-2026 09:40:38 UTC] PHP Parse error:  Unmatched '}' in /var/www/html/wp-content/mu-plugins/vp-proxy-directus.php on line 681
[08-Mar-2026 09:40:42 UTC] PHP Parse error:  Unmatched '}' in /var/www/html/wp-content/mu-plugins/vp-proxy-directus.php on line 681
[08-Mar-2026 09:40:43 UTC] PHP Parse error:  Unmatched '}' in /var/www/html/wp-content/mu-plugins/vp-proxy-directus.php on line 681
[08-Mar-2026 09:40:45 UTC] PHP Parse error:  Unmatched '}' in /var/www/html/wp-content/mu-plugins/vp-proxy-directus.php on line 681
[08-Mar-2026 09:40:47 UTC] PHP Parse error:  Unmatched '}' in /var/www/html/wp-content/mu-plugins/vp-proxy-directus.php on line 681
[08-Mar-2026 09:40:47 UTC] PHP Parse error:  Unmatched '}' in /var/www/html/wp-content/mu-plugins/vp-proxy-directus.php on line 681
[08-Mar-2026 09:40:48 UTC] PHP Parse error:  Unmatched '}' in /var/www/html/wp-content/mu-plugins/vp-proxy-directus.php on line 681
[08-Mar-2026 09:40:51 UTC] PHP Parse error:  Unmatched '}' in /var/www/html/wp-content/mu-plugins/vp-proxy-directus.php on line 681
[08-Mar-2026 09:40:53 UTC] PHP Parse error:  Unmatched '}' in /var/www/html/wp-content/mu-plugins/vp-proxy-directus.php on line 681
[08-Mar-2026 09:40:58 UTC] PHP Parse error:  Unmatched '}' in /var/www/html/wp-content/mu-plugins/vp-proxy-directus.php on line 681
[08-Mar-2026 09:41:01 UTC] PHP Parse error:  Unmatched '}' in /var/www/html/wp-content/mu-plugins/vp-proxy-directus.php on line 681
[08-Mar-2026 09:41:05 UTC] PHP Parse error:  Unmatched '}' in /var/www/html/wp-content/mu-plugins/vp-proxy-directus.php on line 681
[08-Mar-2026 09:41:07 UTC] PHP Parse error:  Unmatched '}' in /var/www/html/wp-content/mu-plugins/vp-proxy-directus.php on line 681
[08-Mar-2026 09:41:09 UTC] PHP Parse error:  Unmatched '}' in /var/www/html/wp-content/mu-plugins/vp-proxy-directus.php on line 681
[08-Mar-2026 09:41:26 UTC] PHP Parse error:  Unmatched '}' in /var/www/html/wp-content/mu-plugins/vp-proxy-directus.php on line 681
[08-Mar-2026 09:41:27 UTC] PHP Parse error:  Unmatched '}' in /var/www/html/wp-content/mu-plugins/vp-proxy-directus.php on line 681
[08-Mar-2026 09:41:28 UTC] PHP Parse error:  Unmatched '}' in /var/www/html/wp-content/mu-plugins/vp-proxy-directus.php on line 681
[08-Mar-2026 09:41:30 UTC] PHP Parse error:  Unmatched '}' in /var/www/html/wp-content/mu-plugins/vp-proxy-directus.php on line 681
[08-Mar-2026 09:41:32 UTC] PHP Parse error:  Unmatched '}' in /var/www/html/wp-content/mu-plugins/vp-proxy-directus.php on line 681
[08-Mar-2026 09:41:33 UTC] PHP Parse error:  Unmatched '}' in /var/www/html/wp-content/mu-plugins/vp-proxy-directus.php on line 681
[08-Mar-2026 09:41:37 UTC] PHP Parse error:  Unmatched '}' in /var/www/html/wp-content/mu-plugins/vp-proxy-directus.php on line 681
[08-Mar-2026 09:41:38 UTC] PHP Parse error:  Unmatched '}' in /var/www/html/wp-content/mu-plugins/vp-proxy-directus.php on line 681
[08-Mar-2026 09:41:39 UTC] PHP Parse error:  Unmatched '}' in /var/www/html/wp-content/mu-plugins/vp-proxy-directus.php on line 681
[08-Mar-2026 09:41:40 UTC] PHP Parse error:  Unmatched '}' in /var/www/html/wp-content/mu-plugins/vp-proxy-directus.php on line 681
[08-Mar-2026 09:41:40 UTC] PHP Parse error:  Unmatched '}' in /var/www/html/wp-content/mu-plugins/vp-proxy-directus.php on line 681
[08-Mar-2026 09:41:42 UTC] PHP Parse error:  Unmatched '}' in /var/www/html/wp-content/mu-plugins/vp-proxy-directus.php on line 681
[08-Mar-2026 09:41:45 UTC] PHP Parse error:  Unmatched '}' in /var/www/html/wp-content/mu-plugins/vp-proxy-directus.php on line 681
[08-Mar-2026 09:41:46 UTC] PHP Parse error:  Unmatched '}' in /var/www/html/wp-content/mu-plugins/vp-proxy-directus.php on line 681
[08-Mar-2026 09:42:17 UTC] PHP Parse error:  Unmatched '}' in /var/www/html/wp-content/mu-plugins/vp-proxy-directus.php on line 681
[08-Mar-2026 09:42:18 UTC] PHP Parse error:  Unmatched '}' in /var/www/html/wp-content/mu-plugins/vp-proxy-directus.php on line 681
[08-Mar-2026 09:42:19 UTC] PHP Parse error:  Unmatched '}' in /var/www/html/wp-content/mu-plugins/vp-proxy-directus.php on line 681
[08-Mar-2026 09:42:20 UTC] PHP Parse error:  Unmatched '}' in /var/www/html/wp-content/mu-plugins/vp-proxy-directus.php on line 681
[08-Mar-2026 09:42:20 UTC] PHP Parse error:  Unmatched '}' in /var/www/html/wp-content/mu-plugins/vp-proxy-directus.php on line 681
[08-Mar-2026 09:42:22 UTC] PHP Parse error:  Unmatched '}' in /var/www/html/wp-content/mu-plugins/vp-proxy-directus.php on line 681
[08-Mar-2026 09:42:23 UTC] PHP Parse error:  Unmatched '}' in /var/www/html/wp-content/mu-plugins/vp-proxy-directus.php on line 681
[08-Mar-2026 09:42:24 UTC] PHP Parse error:  Unmatched '}' in /var/www/html/wp-content/mu-plugins/vp-proxy-directus.php on line 681
[08-Mar-2026 09:42:25 UTC] PHP Parse error:  Unmatched '}' in /var/www/html/wp-content/mu-plugins/vp-proxy-directus.php on line 681
[08-Mar-2026 09:42:29 UTC] PHP Parse error:  Unmatched '}' in /var/www/html/wp-content/mu-plugins/vp-proxy-directus.php on line 681
[08-Mar-2026 09:42:30 UTC] PHP Parse error:  Unmatched '}' in /var/www/html/wp-content/mu-plugins/vp-proxy-directus.php on line 681
[08-Mar-2026 09:42:30 UTC] PHP Parse error:  Unmatched '}' in /var/www/html/wp-content/mu-plugins/vp-proxy-directus.php on line 681
[08-Mar-2026 09:42:31 UTC] PHP Parse error:  Unmatched '}' in /var/www/html/wp-content/mu-plugins/vp-proxy-directus.php on line 681
[08-Mar-2026 09:42:32 UTC] PHP Parse error:  Unmatched '}' in /var/www/html/wp-content/mu-plugins/vp-proxy-directus.php on line 681
[08-Mar-2026 09:42:33 UTC] PHP Parse error:  Unmatched '}' in /var/www/html/wp-content/mu-plugins/vp-proxy-directus.php on line 681
[08-Mar-2026 09:42:33 UTC] PHP Parse error:  Unmatched '}' in /var/www/html/wp-content/mu-plugins/vp-proxy-directus.php on line 681
[08-Mar-2026 09:42:38 UTC] PHP Parse error:  Unmatched '}' in /var/www/html/wp-content/mu-plugins/vp-proxy-directus.php on line 681
[08-Mar-2026 09:42:39 UTC] PHP Parse error:  Unmatched '}' in /var/www/html/wp-content/mu-plugins/vp-proxy-directus.php on line 681
[08-Mar-2026 09:42:40 UTC] PHP Parse error:  Unmatched '}' in /var/www/html/wp-content/mu-plugins/vp-proxy-directus.php on line 681
[08-Mar-2026 09:43:01 UTC] PHP Parse error:  Unmatched '}' in /var/www/html/wp-content/mu-plugins/vp-proxy-directus.php on line 681
[08-Mar-2026 09:43:15 UTC] PHP Parse error:  Unmatched '}' in /var/www/html/wp-content/mu-plugins/vp-proxy-directus.php on line 681
[08-Mar-2026 09:43:17 UTC] PHP Parse error:  Unmatched '}' in /var/www/html/wp-content/mu-plugins/vp-proxy-directus.php on line 681
[08-Mar-2026 09:43:19 UTC] PHP Parse error:  Unmatched '}' in /var/www/html/wp-content/mu-plugins/vp-proxy-directus.php on line 681
[08-Mar-2026 09:43:19 UTC] PHP Parse error:  Unmatched '}' in /var/www/html/wp-content/mu-plugins/vp-proxy-directus.php on line 681
[08-Mar-2026 09:43:20 UTC] PHP Parse error:  Unmatched '}' in /var/www/html/wp-content/mu-plugins/vp-proxy-directus.php on line 681
[08-Mar-2026 09:43:24 UTC] PHP Parse error:  Unmatched '}' in /var/www/html/wp-content/mu-plugins/vp-proxy-directus.php on line 681
[08-Mar-2026 09:43:35 UTC] PHP Parse error:  Unmatched '}' in /var/www/html/wp-content/mu-plugins/vp-proxy-directus.php on line 681
[08-Mar-2026 09:43:35 UTC] PHP Parse error:  Unmatched '}' in /var/www/html/wp-content/mu-plugins/vp-proxy-directus.php on line 681
[08-Mar-2026 09:43:37 UTC] PHP Parse error:  Unmatched '}' in /var/www/html/wp-content/mu-plugins/vp-proxy-directus.php on line 681
[08-Mar-2026 09:43:43 UTC] PHP Parse error:  Unmatched '}' in /var/www/html/wp-content/mu-plugins/vp-proxy-directus.php on line 681
[08-Mar-2026 09:43:44 UTC] PHP Parse error:  Unmatched '}' in /var/www/html/wp-content/mu-plugins/vp-proxy-directus.php on line 681
[08-Mar-2026 09:43:44 UTC] PHP Parse error:  Unmatched '}' in /var/www/html/wp-content/mu-plugins/vp-proxy-directus.php on line 681
[08-Mar-2026 09:43:45 UTC] PHP Parse error:  Unmatched '}' in /var/www/html/wp-content/mu-plugins/vp-proxy-directus.php on line 681
[08-Mar-2026 09:43:47 UTC] PHP Parse error:  Unmatched '}' in /var/www/html/wp-content/mu-plugins/vp-proxy-directus.php on line 681
[08-Mar-2026 09:43:48 UTC] PHP Parse error:  Unmatched '}' in /var/www/html/wp-content/mu-plugins/vp-proxy-directus.php on line 681
[08-Mar-2026 09:43:52 UTC] PHP Parse error:  Unmatched '}' in /var/www/html/wp-content/mu-plugins/vp-proxy-directus.php on line 681
[08-Mar-2026 09:43:56 UTC] PHP Parse error:  Unmatched '}' in /var/www/html/wp-content/mu-plugins/vp-proxy-directus.php on line 681
[08-Mar-2026 09:43:57 UTC] PHP Parse error:  Unmatched '}' in /var/www/html/wp-content/mu-plugins/vp-proxy-directus.php on line 681
[08-Mar-2026 09:43:58 UTC] PHP Parse error:  Unmatched '}' in /var/www/html/wp-content/mu-plugins/vp-proxy-directus.php on line 681
[08-Mar-2026 09:43:59 UTC] PHP Parse error:  Unmatched '}' in /var/www/html/wp-content/mu-plugins/vp-proxy-directus.php on line 681
[08-Mar-2026 09:44:00 UTC] PHP Parse error:  Unmatched '}' in /var/www/html/wp-content/mu-plugins/vp-proxy-directus.php on line 681
[08-Mar-2026 09:44:01 UTC] PHP Parse error:  Unmatched '}' in /var/www/html/wp-content/mu-plugins/vp-proxy-directus.php on line 681
[08-Mar-2026 09:44:02 UTC] PHP Parse error:  Unmatched '}' in /var/www/html/wp-content/mu-plugins/vp-proxy-directus.php on line 681
[08-Mar-2026 09:44:12 UTC] PHP Parse error:  Unmatched '}' in /var/www/html/wp-content/mu-plugins/vp-proxy-directus.php on line 681
[08-Mar-2026 09:44:13 UTC] PHP Parse error:  Unmatched '}' in /var/www/html/wp-content/mu-plugins/vp-proxy-directus.php on line 681
[08-Mar-2026 09:44:15 UTC] PHP Parse error:  Unmatched '}' in /var/www/html/wp-content/mu-plugins/vp-proxy-directus.php on line 681
[08-Mar-2026 09:44:15 UTC] PHP Parse error:  Unmatched '}' in /var/www/html/wp-content/mu-plugins/vp-proxy-directus.php on line 681
[08-Mar-2026 09:44:17 UTC] PHP Parse error:  Unmatched '}' in /var/www/html/wp-content/mu-plugins/vp-proxy-directus.php on line 681
[08-Mar-2026 09:44:18 UTC] PHP Parse error:  Unmatched '}' in /var/www/html/wp-content/mu-plugins/vp-proxy-directus.php on line 681
[08-Mar-2026 09:44:19 UTC] PHP Parse error:  Unmatched '}' in /var/www/html/wp-content/mu-plugins/vp-proxy-directus.php on line 681
[08-Mar-2026 09:44:20 UTC] PHP Parse error:  Unmatched '}' in /var/www/html/wp-content/mu-plugins/vp-proxy-directus.php on line 681
[08-Mar-2026 09:44:23 UTC] PHP Parse error:  Unmatched '}' in /var/www/html/wp-content/mu-plugins/vp-proxy-directus.php on line 681
[08-Mar-2026 09:44:25 UTC] PHP Parse error:  Unmatched '}' in /var/www/html/wp-content/mu-plugins/vp-proxy-directus.php on line 681
[08-Mar-2026 09:44:26 UTC] PHP Parse error:  Unmatched '}' in /var/www/html/wp-content/mu-plugins/vp-proxy-directus.php on line 681
[08-Mar-2026 09:44:28 UTC] PHP Parse error:  Unmatched '}' in /var/www/html/wp-content/mu-plugins/vp-proxy-directus.php on line 681
[08-Mar-2026 09:44:30 UTC] PHP Parse error:  Unmatched '}' in /var/www/html/wp-content/mu-plugins/vp-proxy-directus.php on line 681
[08-Mar-2026 09:44:30 UTC] PHP Parse error:  Unmatched '}' in /var/www/html/wp-content/mu-plugins/vp-proxy-directus.php on line 681
[08-Mar-2026 09:44:31 UTC] PHP Parse error:  Unmatched '}' in /var/www/html/wp-content/mu-plugins/vp-proxy-directus.php on line 681
[08-Mar-2026 09:44:32 UTC] PHP Parse error:  Unmatched '}' in /var/www/html/wp-content/mu-plugins/vp-proxy-directus.php on line 681
[08-Mar-2026 09:44:32 UTC] PHP Parse error:  Unmatched '}' in /var/www/html/wp-content/mu-plugins/vp-proxy-directus.php on line 681
[08-Mar-2026 09:44:33 UTC] PHP Parse error:  Unmatched '}' in /var/www/html/wp-content/mu-plugins/vp-proxy-directus.php on line 681
[08-Mar-2026 09:44:34 UTC] PHP Parse error:  Unmatched '}' in /var/www/html/wp-content/mu-plugins/vp-proxy-directus.php on line 681
[08-Mar-2026 09:45:32 UTC] PHP Parse error:  Unmatched '}' in /var/www/html/wp-content/mu-plugins/vp-proxy-directus.php on line 681
[08-Mar-2026 09:46:03 UTC] PHP Parse error:  Unmatched '}' in /var/www/html/wp-content/mu-plugins/vp-proxy-directus.php on line 681
[08-Mar-2026 09:46:04 UTC] PHP Parse error:  Unmatched '}' in /var/www/html/wp-content/mu-plugins/vp-proxy-directus.php on line 681
[08-Mar-2026 09:46:05 UTC] PHP Parse error:  Unmatched '}' in /var/www/html/wp-content/mu-plugins/vp-proxy-directus.php on line 681
[08-Mar-2026 09:46:08 UTC] PHP Parse error:  Unmatched '}' in /var/www/html/wp-content/mu-plugins/vp-proxy-directus.php on line 681
[08-Mar-2026 09:46:10 UTC] PHP Parse error:  Unmatched '}' in /var/www/html/wp-content/mu-plugins/vp-proxy-directus.php on line 681
[08-Mar-2026 09:46:11 UTC] PHP Parse error:  Unmatched '}' in /var/www/html/wp-content/mu-plugins/vp-proxy-directus.php on line 681
[08-Mar-2026 09:46:12 UTC] PHP Parse error:  Unmatched '}' in /var/www/html/wp-content/mu-plugins/vp-proxy-directus.php on line 681
[08-Mar-2026 09:46:14 UTC] PHP Parse error:  Unmatched '}' in /var/www/html/wp-content/mu-plugins/vp-proxy-directus.php on line 681
[08-Mar-2026 09:46:15 UTC] PHP Parse error:  Unmatched '}' in /var/www/html/wp-content/mu-plugins/vp-proxy-directus.php on line 681
[08-Mar-2026 09:46:16 UTC] PHP Parse error:  Unmatched '}' in /var/www/html/wp-content/mu-plugins/vp-proxy-directus.php on line 681
[08-Mar-2026 09:46:18 UTC] PHP Parse error:  Unmatched '}' in /var/www/html/wp-content/mu-plugins/vp-proxy-directus.php on line 681
[08-Mar-2026 09:46:21 UTC] PHP Parse error:  Unmatched '}' in /var/www/html/wp-content/mu-plugins/vp-proxy-directus.php on line 681
[08-Mar-2026 09:46:23 UTC] PHP Parse error:  Unmatched '}' in /var/www/html/wp-content/mu-plugins/vp-proxy-directus.php on line 681
[08-Mar-2026 09:46:23 UTC] PHP Parse error:  Unmatched '}' in /var/www/html/wp-content/mu-plugins/vp-proxy-directus.php on line 681
[08-Mar-2026 09:46:24 UTC] PHP Parse error:  Unmatched '}' in /var/www/html/wp-content/mu-plugins/vp-proxy-directus.php on line 681
[08-Mar-2026 09:46:25 UTC] PHP Parse error:  Unmatched '}' in /var/www/html/wp-content/mu-plugins/vp-proxy-directus.php on line 681
[08-Mar-2026 09:46:28 UTC] PHP Parse error:  Unmatched '}' in /var/www/html/wp-content/mu-plugins/vp-proxy-directus.php on line 681
[08-Mar-2026 09:46:30 UTC] PHP Parse error:  Unmatched '}' in /var/www/html/wp-content/mu-plugins/vp-proxy-directus.php on line 681
[08-Mar-2026 09:46:39 UTC] PHP Parse error:  Unmatched '}' in /var/www/html/wp-content/mu-plugins/vp-proxy-directus.php on line 681
[08-Mar-2026 09:46:47 UTC] PHP Parse error:  Unmatched '}' in /var/www/html/wp-content/mu-plugins/vp-proxy-directus.php on line 681
[08-Mar-2026 09:46:48 UTC] PHP Parse error:  Unmatched '}' in /var/www/html/wp-content/mu-plugins/vp-proxy-directus.php on line 681
[08-Mar-2026 09:47:19 UTC] PHP Parse error:  Unmatched '}' in /var/www/html/wp-content/mu-plugins/vp-proxy-directus.php on line 681
[08-Mar-2026 09:47:20 UTC] PHP Parse error:  Unmatched '}' in /var/www/html/wp-content/mu-plugins/vp-proxy-directus.php on line 681
[08-Mar-2026 09:47:20 UTC] PHP Parse error:  Unmatched '}' in /var/www/html/wp-content/mu-plugins/vp-proxy-directus.php on line 681
[08-Mar-2026 09:47:22 UTC] PHP Parse error:  Unmatched '}' in /var/www/html/wp-content/mu-plugins/vp-proxy-directus.php on line 681
[08-Mar-2026 09:47:22 UTC] PHP Parse error:  Unmatched '}' in /var/www/html/wp-content/mu-plugins/vp-proxy-directus.php on line 681
[08-Mar-2026 09:47:30 UTC] PHP Parse error:  Unmatched '}' in /var/www/html/wp-content/mu-plugins/vp-proxy-directus.php on line 681
[08-Mar-2026 09:47:33 UTC] PHP Parse error:  Unmatched '}' in /var/www/html/wp-content/mu-plugins/vp-proxy-directus.php on line 681
[08-Mar-2026 09:47:33 UTC] PHP Parse error:  Unmatched '}' in /var/www/html/wp-content/mu-plugins/vp-proxy-directus.php on line 681
[08-Mar-2026 09:47:34 UTC] PHP Parse error:  Unmatched '}' in /var/www/html/wp-content/mu-plugins/vp-proxy-directus.php on line 681
[08-Mar-2026 09:47:50 UTC] PHP Parse error:  Unmatched '}' in /var/www/html/wp-content/mu-plugins/vp-proxy-directus.php on line 681
[08-Mar-2026 09:47:53 UTC] PHP Parse error:  Unmatched '}' in /var/www/html/wp-content/mu-plugins/vp-proxy-directus.php on line 681
[08-Mar-2026 09:47:53 UTC] PHP Parse error:  Unmatched '}' in /var/www/html/wp-content/mu-plugins/vp-proxy-directus.php on line 681
[08-Mar-2026 09:47:54 UTC] PHP Parse error:  Unmatched '}' in /var/www/html/wp-content/mu-plugins/vp-proxy-directus.php on line 681
[08-Mar-2026 09:47:55 UTC] PHP Parse error:  Unmatched '}' in /var/www/html/wp-content/mu-plugins/vp-proxy-directus.php on line 681
[08-Mar-2026 09:47:56 UTC] PHP Parse error:  Unmatched '}' in /var/www/html/wp-content/mu-plugins/vp-proxy-directus.php on line 681
[08-Mar-2026 09:47:57 UTC] PHP Parse error:  Unmatched '}' in /var/www/html/wp-content/mu-plugins/vp-proxy-directus.php on line 681
[08-Mar-2026 09:48:03 UTC] PHP Parse error:  Unmatched '}' in /var/www/html/wp-content/mu-plugins/vp-proxy-directus.php on line 681
[08-Mar-2026 09:48:07 UTC] PHP Parse error:  Unmatched '}' in /var/www/html/wp-content/mu-plugins/vp-proxy-directus.php on line 681
[08-Mar-2026 09:48:09 UTC] PHP Parse error:  Unmatched '}' in /var/www/html/wp-content/mu-plugins/vp-proxy-directus.php on line 681
[08-Mar-2026 09:48:10 UTC] PHP Parse error:  Unmatched '}' in /var/www/html/wp-content/mu-plugins/vp-proxy-directus.php on line 681
[08-Mar-2026 09:48:13 UTC] PHP Parse error:  Unmatched '}' in /var/www/html/wp-content/mu-plugins/vp-proxy-directus.php on line 681
[08-Mar-2026 09:48:15 UTC] PHP Parse error:  Unmatched '}' in /var/www/html/wp-content/mu-plugins/vp-proxy-directus.php on line 681
[08-Mar-2026 09:48:15 UTC] PHP Parse error:  Unmatched '}' in /var/www/html/wp-content/mu-plugins/vp-proxy-directus.php on line 681
[08-Mar-2026 09:48:16 UTC] PHP Parse error:  Unmatched '}' in /var/www/html/wp-content/mu-plugins/vp-proxy-directus.php on line 681
[08-Mar-2026 09:48:18 UTC] PHP Parse error:  Unmatched '}' in /var/www/html/wp-content/mu-plugins/vp-proxy-directus.php on line 681
[08-Mar-2026 09:48:23 UTC] PHP Parse error:  Unmatched '}' in /var/www/html/wp-content/mu-plugins/vp-proxy-directus.php on line 681
[08-Mar-2026 09:48:33 UTC] PHP Parse error:  Unmatched '}' in /var/www/html/wp-content/mu-plugins/vp-proxy-directus.php on line 681
[08-Mar-2026 09:48:38 UTC] PHP Parse error:  Unmatched '}' in /var/www/html/wp-content/mu-plugins/vp-proxy-directus.php on line 681
[08-Mar-2026 09:48:40 UTC] PHP Parse error:  Unmatched '}' in /var/www/html/wp-content/mu-plugins/vp-proxy-directus.php on line 681
[08-Mar-2026 09:48:43 UTC] PHP Parse error:  Unmatched '}' in /var/www/html/wp-content/mu-plugins/vp-proxy-directus.php on line 681
[08-Mar-2026 09:48:43 UTC] PHP Parse error:  Unmatched '}' in /var/www/html/wp-content/mu-plugins/vp-proxy-directus.php on line 681
[08-Mar-2026 09:48:44 UTC] PHP Parse error:  Unmatched '}' in /var/www/html/wp-content/mu-plugins/vp-proxy-directus.php on line 681
[08-Mar-2026 09:48:59 UTC] PHP Parse error:  Unmatched '}' in /var/www/html/wp-content/mu-plugins/vp-proxy-directus.php on line 681
[08-Mar-2026 09:49:40 UTC] PHP Parse error:  Unmatched '}' in /var/www/html/wp-content/mu-plugins/vp-proxy-directus.php on line 681
[08-Mar-2026 09:49:52 UTC] PHP Parse error:  Unmatched '}' in /var/www/html/wp-content/mu-plugins/vp-proxy-directus.php on line 681
[08-Mar-2026 09:49:53 UTC] PHP Parse error:  Unmatched '}' in /var/www/html/wp-content/mu-plugins/vp-proxy-directus.php on line 681
[08-Mar-2026 09:49:53 UTC] PHP Parse error:  Unmatched '}' in /var/www/html/wp-content/mu-plugins/vp-proxy-directus.php on line 681
[08-Mar-2026 09:50:12 UTC] PHP Parse error:  Unmatched '}' in /var/www/html/wp-content/mu-plugins/vp-proxy-directus.php on line 681
[08-Mar-2026 09:50:17 UTC] PHP Parse error:  Unmatched '}' in /var/www/html/wp-content/mu-plugins/vp-proxy-directus.php on line 681
[08-Mar-2026 09:50:18 UTC] PHP Parse error:  Unmatched '}' in /var/www/html/wp-content/mu-plugins/vp-proxy-directus.php on line 681
[08-Mar-2026 09:50:20 UTC] PHP Parse error:  Unmatched '}' in /var/www/html/wp-content/mu-plugins/vp-proxy-directus.php on line 681
[08-Mar-2026 09:50:31 UTC] PHP Parse error:  Unmatched '}' in /var/www/html/wp-content/mu-plugins/vp-proxy-directus.php on line 681
[08-Mar-2026 09:50:46 UTC] PHP Parse error:  Unmatched '}' in /var/www/html/wp-content/mu-plugins/vp-proxy-directus.php on line 681
[08-Mar-2026 09:50:47 UTC] PHP Parse error:  Unmatched '}' in /var/www/html/wp-content/mu-plugins/vp-proxy-directus.php on line 681
[08-Mar-2026 09:50:49 UTC] PHP Parse error:  Unmatched '}' in /var/www/html/wp-content/mu-plugins/vp-proxy-directus.php on line 681
[08-Mar-2026 09:50:54 UTC] PHP Parse error:  Unmatched '}' in /var/www/html/wp-content/mu-plugins/vp-proxy-directus.php on line 681
[08-Mar-2026 09:51:05 UTC] PHP Parse error:  Unmatched '}' in /var/www/html/wp-content/mu-plugins/vp-proxy-directus.php on line 681
[08-Mar-2026 09:51:05 UTC] PHP Parse error:  Unmatched '}' in /var/www/html/wp-content/mu-plugins/vp-proxy-directus.php on line 681
[08-Mar-2026 09:51:06 UTC] PHP Parse error:  Unmatched '}' in /var/www/html/wp-content/mu-plugins/vp-proxy-directus.php on line 681
[08-Mar-2026 09:51:07 UTC] PHP Parse error:  Unmatched '}' in /var/www/html/wp-content/mu-plugins/vp-proxy-directus.php on line 681
[08-Mar-2026 09:51:09 UTC] PHP Parse error:  Unmatched '}' in /var/www/html/wp-content/mu-plugins/vp-proxy-directus.php on line 681
[08-Mar-2026 09:51:17 UTC] PHP Parse error:  Unmatched '}' in /var/www/html/wp-content/mu-plugins/vp-proxy-directus.php on line 681
[08-Mar-2026 09:51:34 UTC] PHP Parse error:  Unmatched '}' in /var/www/html/wp-content/mu-plugins/vp-proxy-directus.php on line 681
[08-Mar-2026 09:51:42 UTC] PHP Parse error:  Unmatched '}' in /var/www/html/wp-content/mu-plugins/vp-proxy-directus.php on line 681
[08-Mar-2026 09:51:51 UTC] PHP Parse error:  Unmatched '}' in /var/www/html/wp-content/mu-plugins/vp-proxy-directus.php on line 681
[08-Mar-2026 09:51:52 UTC] PHP Parse error:  Unmatched '}' in /var/www/html/wp-content/mu-plugins/vp-proxy-directus.php on line 681
[08-Mar-2026 09:51:53 UTC] PHP Parse error:  Unmatched '}' in /var/www/html/wp-content/mu-plugins/vp-proxy-directus.php on line 681
[08-Mar-2026 09:52:08 UTC] PHP Parse error:  Unmatched '}' in /var/www/html/wp-content/mu-plugins/vp-proxy-directus.php on line 681
[08-Mar-2026 09:52:09 UTC] PHP Parse error:  Unmatched '}' in /var/www/html/wp-content/mu-plugins/vp-proxy-directus.php on line 681
[08-Mar-2026 09:52:11 UTC] PHP Parse error:  Unmatched '}' in /var/www/html/wp-content/mu-plugins/vp-proxy-directus.php on line 681
[08-Mar-2026 09:52:13 UTC] PHP Parse error:  Unmatched '}' in /var/www/html/wp-content/mu-plugins/vp-proxy-directus.php on line 681
[08-Mar-2026 09:52:25 UTC] PHP Parse error:  Unmatched '}' in /var/www/html/wp-content/mu-plugins/vp-proxy-directus.php on line 681
[08-Mar-2026 09:52:26 UTC] PHP Parse error:  Unmatched '}' in /var/www/html/wp-content/mu-plugins/vp-proxy-directus.php on line 681
[08-Mar-2026 09:52:26 UTC] PHP Parse error:  Unmatched '}' in /var/www/html/wp-content/mu-plugins/vp-proxy-directus.php on line 681
[08-Mar-2026 09:52:57 UTC] PHP Parse error:  Unmatched '}' in /var/www/html/wp-content/mu-plugins/vp-proxy-directus.php on line 681
[08-Mar-2026 09:52:58 UTC] PHP Parse error:  Unmatched '}' in /var/www/html/wp-content/mu-plugins/vp-proxy-directus.php on line 681
[08-Mar-2026 09:52:58 UTC] PHP Parse error:  Unmatched '}' in /var/www/html/wp-content/mu-plugins/vp-proxy-directus.php on line 681
[08-Mar-2026 09:53:29 UTC] PHP Parse error:  Unmatched '}' in /var/www/html/wp-content/mu-plugins/vp-proxy-directus.php on line 681
[08-Mar-2026 09:53:29 UTC] PHP Parse error:  Unmatched '}' in /var/www/html/wp-content/mu-plugins/vp-proxy-directus.php on line 681
[08-Mar-2026 09:53:30 UTC] PHP Parse error:  Unmatched '}' in /var/www/html/wp-content/mu-plugins/vp-proxy-directus.php on line 681
[08-Mar-2026 09:53:33 UTC] PHP Parse error:  Unmatched '}' in /var/www/html/wp-content/mu-plugins/vp-proxy-directus.php on line 681
[08-Mar-2026 09:54:05 UTC] PHP Parse error:  Unmatched '}' in /var/www/html/wp-content/mu-plugins/vp-proxy-directus.php on line 681
[08-Mar-2026 09:54:08 UTC] PHP Parse error:  Unmatched '}' in /var/www/html/wp-content/mu-plugins/vp-proxy-directus.php on line 681
[08-Mar-2026 09:54:08 UTC] PHP Parse error:  Unmatched '}' in /var/www/html/wp-content/mu-plugins/vp-proxy-directus.php on line 681
[08-Mar-2026 09:54:19 UTC] PHP Parse error:  Unmatched '}' in /var/www/html/wp-content/mu-plugins/vp-proxy-directus.php on line 681
[08-Mar-2026 09:54:19 UTC] PHP Parse error:  Unmatched '}' in /var/www/html/wp-content/mu-plugins/vp-proxy-directus.php on line 681
[08-Mar-2026 09:54:20 UTC] PHP Parse error:  Unmatched '}' in /var/www/html/wp-content/mu-plugins/vp-proxy-directus.php on line 681
[08-Mar-2026 09:54:22 UTC] PHP Parse error:  Unmatched '}' in /var/www/html/wp-content/mu-plugins/vp-proxy-directus.php on line 681
[08-Mar-2026 09:54:24 UTC] PHP Parse error:  Unmatched '}' in /var/www/html/wp-content/mu-plugins/vp-proxy-directus.php on line 681
[08-Mar-2026 09:54:25 UTC] PHP Parse error:  Unmatched '}' in /var/www/html/wp-content/mu-plugins/vp-proxy-directus.php on line 681
[08-Mar-2026 09:54:30 UTC] PHP Parse error:  Unmatched '}' in /var/www/html/wp-content/mu-plugins/vp-proxy-directus.php on line 681
[08-Mar-2026 09:54:31 UTC] PHP Parse error:  Unmatched '}' in /var/www/html/wp-content/mu-plugins/vp-proxy-directus.php on line 681
[08-Mar-2026 09:54:36 UTC] PHP Parse error:  Unmatched '}' in /var/www/html/wp-content/mu-plugins/vp-proxy-directus.php on line 681
[08-Mar-2026 09:54:37 UTC] PHP Parse error:  Unmatched '}' in /var/www/html/wp-content/mu-plugins/vp-proxy-directus.php on line 681
[08-Mar-2026 09:54:44 UTC] PHP Parse error:  Unmatched '}' in /var/www/html/wp-content/mu-plugins/vp-proxy-directus.php on line 681
[08-Mar-2026 09:54:46 UTC] PHP Parse error:  Unmatched '}' in /var/www/html/wp-content/mu-plugins/vp-proxy-directus.php on line 681
[08-Mar-2026 09:54:47 UTC] PHP Parse error:  Unmatched '}' in /var/www/html/wp-content/mu-plugins/vp-proxy-directus.php on line 681
[08-Mar-2026 09:54:48 UTC] PHP Parse error:  Unmatched '}' in /var/www/html/wp-content/mu-plugins/vp-proxy-directus.php on line 681
[08-Mar-2026 09:54:48 UTC] PHP Parse error:  Unmatched '}' in /var/www/html/wp-content/mu-plugins/vp-proxy-directus.php on line 681
[08-Mar-2026 09:54:58 UTC] PHP Parse error:  Unmatched '}' in /var/www/html/wp-content/mu-plugins/vp-proxy-directus.php on line 681
[08-Mar-2026 09:55:02 UTC] PHP Parse error:  Unmatched '}' in /var/www/html/wp-content/mu-plugins/vp-proxy-directus.php on line 681
[08-Mar-2026 09:55:03 UTC] PHP Parse error:  Unmatched '}' in /var/www/html/wp-content/mu-plugins/vp-proxy-directus.php on line 681
[08-Mar-2026 09:55:03 UTC] PHP Parse error:  Unmatched '}' in /var/www/html/wp-content/mu-plugins/vp-proxy-directus.php on line 681
[08-Mar-2026 09:55:04 UTC] PHP Parse error:  Unmatched '}' in /var/www/html/wp-content/mu-plugins/vp-proxy-directus.php on line 681
[08-Mar-2026 09:55:05 UTC] PHP Parse error:  Unmatched '}' in /var/www/html/wp-content/mu-plugins/vp-proxy-directus.php on line 681
[08-Mar-2026 09:55:07 UTC] PHP Parse error:  Unmatched '}' in /var/www/html/wp-content/mu-plugins/vp-proxy-directus.php on line 681
[08-Mar-2026 09:55:09 UTC] PHP Parse error:  Unmatched '}' in /var/www/html/wp-content/mu-plugins/vp-proxy-directus.php on line 681
[08-Mar-2026 09:55:11 UTC] PHP Parse error:  Unmatched '}' in /var/www/html/wp-content/mu-plugins/vp-proxy-directus.php on line 681
[08-Mar-2026 09:55:39 UTC] PHP Parse error:  Unmatched '}' in /var/www/html/wp-content/mu-plugins/vp-proxy-directus.php on line 681
[08-Mar-2026 09:55:40 UTC] PHP Parse error:  Unmatched '}' in /var/www/html/wp-content/mu-plugins/vp-proxy-directus.php on line 681
[08-Mar-2026 09:55:40 UTC] PHP Parse error:  Unmatched '}' in /var/www/html/wp-content/mu-plugins/vp-proxy-directus.php on line 681
[08-Mar-2026 09:55:45 UTC] PHP Parse error:  Unmatched '}' in /var/www/html/wp-content/mu-plugins/vp-proxy-directus.php on line 681
[08-Mar-2026 09:55:49 UTC] PHP Parse error:  Unmatched '}' in /var/www/html/wp-content/mu-plugins/vp-proxy-directus.php on line 681
[08-Mar-2026 09:55:50 UTC] PHP Parse error:  Unmatched '}' in /var/www/html/wp-content/mu-plugins/vp-proxy-directus.php on line 681
[08-Mar-2026 09:55:50 UTC] PHP Parse error:  Unmatched '}' in /var/www/html/wp-content/mu-plugins/vp-proxy-directus.php on line 681
[08-Mar-2026 09:56:02 UTC] PHP Parse error:  Unmatched '}' in /var/www/html/wp-content/mu-plugins/vp-proxy-directus.php on line 681
[08-Mar-2026 09:56:02 UTC] PHP Parse error:  Unmatched '}' in /var/www/html/wp-content/mu-plugins/vp-proxy-directus.php on line 681
[08-Mar-2026 09:56:03 UTC] PHP Parse error:  Unmatched '}' in /var/www/html/wp-content/mu-plugins/vp-proxy-directus.php on line 681
[08-Mar-2026 09:56:05 UTC] PHP Parse error:  Unmatched '}' in /var/www/html/wp-content/mu-plugins/vp-proxy-directus.php on line 681
[08-Mar-2026 09:56:06 UTC] PHP Parse error:  Unmatched '}' in /var/www/html/wp-content/mu-plugins/vp-proxy-directus.php on line 681
[08-Mar-2026 09:56:16 UTC] PHP Parse error:  Unmatched '}' in /var/www/html/wp-content/mu-plugins/vp-proxy-directus.php on line 681
[08-Mar-2026 09:56:22 UTC] PHP Parse error:  Unmatched '}' in /var/www/html/wp-content/mu-plugins/vp-proxy-directus.php on line 681
[08-Mar-2026 09:56:33 UTC] PHP Parse error:  Unmatched '}' in /var/www/html/wp-content/mu-plugins/vp-proxy-directus.php on line 681
[08-Mar-2026 09:56:33 UTC] PHP Parse error:  Unmatched '}' in /var/www/html/wp-content/mu-plugins/vp-proxy-directus.php on line 681
[08-Mar-2026 09:57:01 UTC] PHP Parse error:  Unmatched '}' in /var/www/html/wp-content/mu-plugins/vp-proxy-directus.php on line 681
[08-Mar-2026 09:57:06 UTC] PHP Parse error:  Unmatched '}' in /var/www/html/wp-content/mu-plugins/vp-proxy-directus.php on line 681
[08-Mar-2026 09:57:07 UTC] PHP Parse error:  Unmatched '}' in /var/www/html/wp-content/mu-plugins/vp-proxy-directus.php on line 681
[08-Mar-2026 09:57:08 UTC] PHP Parse error:  Unmatched '}' in /var/www/html/wp-content/mu-plugins/vp-proxy-directus.php on line 681
[08-Mar-2026 09:57:09 UTC] PHP Parse error:  Unmatched '}' in /var/www/html/wp-content/mu-plugins/vp-proxy-directus.php on line 681
[08-Mar-2026 09:57:09 UTC] PHP Parse error:  Unmatched '}' in /var/www/html/wp-content/mu-plugins/vp-proxy-directus.php on line 681
[08-Mar-2026 09:57:12 UTC] PHP Parse error:  Unmatched '}' in /var/www/html/wp-content/mu-plugins/vp-proxy-directus.php on line 681
[08-Mar-2026 09:57:15 UTC] PHP Parse error:  Unmatched '}' in /var/www/html/wp-content/mu-plugins/vp-proxy-directus.php on line 681
[08-Mar-2026 09:57:15 UTC] PHP Parse error:  Unmatched '}' in /var/www/html/wp-content/mu-plugins/vp-proxy-directus.php on line 681
[08-Mar-2026 09:57:16 UTC] PHP Parse error:  Unmatched '}' in /var/www/html/wp-content/mu-plugins/vp-proxy-directus.php on line 681
[08-Mar-2026 09:57:16 UTC] PHP Parse error:  Unmatched '}' in /var/www/html/wp-content/mu-plugins/vp-proxy-directus.php on line 681
[08-Mar-2026 09:57:23 UTC] PHP Parse error:  Unmatched '}' in /var/www/html/wp-content/mu-plugins/vp-proxy-directus.php on line 681
[08-Mar-2026 09:57:38 UTC] PHP Parse error:  Unmatched '}' in /var/www/html/wp-content/mu-plugins/vp-proxy-directus.php on line 681
[08-Mar-2026 09:57:41 UTC] PHP Parse error:  Unmatched '}' in /var/www/html/wp-content/mu-plugins/vp-proxy-directus.php on line 681
[08-Mar-2026 09:57:54 UTC] PHP Parse error:  Unmatched '}' in /var/www/html/wp-content/mu-plugins/vp-proxy-directus.php on line 681
[08-Mar-2026 09:57:57 UTC] PHP Parse error:  Unmatched '}' in /var/www/html/wp-content/mu-plugins/vp-proxy-directus.php on line 681
[08-Mar-2026 09:57:58 UTC] PHP Parse error:  Unmatched '}' in /var/www/html/wp-content/mu-plugins/vp-proxy-directus.php on line 681
[08-Mar-2026 09:57:58 UTC] PHP Parse error:  Unmatched '}' in /var/www/html/wp-content/mu-plugins/vp-proxy-directus.php on line 681
[08-Mar-2026 09:57:59 UTC] PHP Parse error:  Unmatched '}' in /var/www/html/wp-content/mu-plugins/vp-proxy-directus.php on line 681
[08-Mar-2026 09:58:01 UTC] PHP Parse error:  Unmatched '}' in /var/www/html/wp-content/mu-plugins/vp-proxy-directus.php on line 681
[08-Mar-2026 09:58:03 UTC] PHP Parse error:  Unmatched '}' in /var/www/html/wp-content/mu-plugins/vp-proxy-directus.php on line 681
[08-Mar-2026 09:58:04 UTC] PHP Parse error:  Unmatched '}' in /var/www/html/wp-content/mu-plugins/vp-proxy-directus.php on line 681
[08-Mar-2026 09:58:05 UTC] PHP Parse error:  Unmatched '}' in /var/www/html/wp-content/mu-plugins/vp-proxy-directus.php on line 681
[08-Mar-2026 09:58:05 UTC] PHP Parse error:  Unmatched '}' in /var/www/html/wp-content/mu-plugins/vp-proxy-directus.php on line 681
[08-Mar-2026 09:58:05 UTC] PHP Parse error:  Unmatched '}' in /var/www/html/wp-content/mu-plugins/vp-proxy-directus.php on line 681
[08-Mar-2026 09:58:05 UTC] PHP Parse error:  Unmatched '}' in /var/www/html/wp-content/mu-plugins/vp-proxy-directus.php on line 681
[08-Mar-2026 09:58:05 UTC] PHP Parse error:  Unmatched '}' in /var/www/html/wp-content/mu-plugins/vp-proxy-directus.php on line 681
[08-Mar-2026 09:58:06 UTC] PHP Parse error:  Unmatched '}' in /var/www/html/wp-content/mu-plugins/vp-proxy-directus.php on line 681
[08-Mar-2026 09:58:06 UTC] PHP Parse error:  Unmatched '}' in /var/www/html/wp-content/mu-plugins/vp-proxy-directus.php on line 681
[08-Mar-2026 09:58:06 UTC] PHP Parse error:  Unmatched '}' in /var/www/html/wp-content/mu-plugins/vp-proxy-directus.php on line 681
[08-Mar-2026 09:58:06 UTC] PHP Parse error:  Unmatched '}' in /var/www/html/wp-content/mu-plugins/vp-proxy-directus.php on line 681
[08-Mar-2026 09:58:07 UTC] PHP Parse error:  Unmatched '}' in /var/www/html/wp-content/mu-plugins/vp-proxy-directus.php on line 681
[08-Mar-2026 09:58:07 UTC] PHP Parse error:  Unmatched '}' in /var/www/html/wp-content/mu-plugins/vp-proxy-directus.php on line 681
[08-Mar-2026 09:58:07 UTC] PHP Parse error:  Unmatched '}' in /var/www/html/wp-content/mu-plugins/vp-proxy-directus.php on line 681
[08-Mar-2026 09:58:07 UTC] PHP Parse error:  Unmatched '}' in /var/www/html/wp-content/mu-plugins/vp-proxy-directus.php on line 681
[08-Mar-2026 09:58:07 UTC] PHP Parse error:  Unmatched '}' in /var/www/html/wp-content/mu-plugins/vp-proxy-directus.php on line 681
[08-Mar-2026 09:58:08 UTC] PHP Parse error:  Unmatched '}' in /var/www/html/wp-content/mu-plugins/vp-proxy-directus.php on line 681
[08-Mar-2026 09:58:08 UTC] PHP Parse error:  Unmatched '}' in /var/www/html/wp-content/mu-plugins/vp-proxy-directus.php on line 681
[08-Mar-2026 09:58:08 UTC] PHP Parse error:  Unmatched '}' in /var/www/html/wp-content/mu-plugins/vp-proxy-directus.php on line 681
[08-Mar-2026 09:58:08 UTC] PHP Parse error:  Unmatched '}' in /var/www/html/wp-content/mu-plugins/vp-proxy-directus.php on line 681
[08-Mar-2026 09:58:09 UTC] PHP Parse error:  Unmatched '}' in /var/www/html/wp-content/mu-plugins/vp-proxy-directus.php on line 681
[08-Mar-2026 09:58:09 UTC] PHP Parse error:  Unmatched '}' in /var/www/html/wp-content/mu-plugins/vp-proxy-directus.php on line 681
[08-Mar-2026 09:58:09 UTC] PHP Parse error:  Unmatched '}' in /var/www/html/wp-content/mu-plugins/vp-proxy-directus.php on line 681
[08-Mar-2026 09:58:09 UTC] PHP Parse error:  Unmatched '}' in /var/www/html/wp-content/mu-plugins/vp-proxy-directus.php on line 681
[08-Mar-2026 09:58:10 UTC] PHP Parse error:  Unmatched '}' in /var/www/html/wp-content/mu-plugins/vp-proxy-directus.php on line 681
[08-Mar-2026 09:58:10 UTC] PHP Parse error:  Unmatched '}' in /var/www/html/wp-content/mu-plugins/vp-proxy-directus.php on line 681
[08-Mar-2026 09:58:10 UTC] PHP Parse error:  Unmatched '}' in /var/www/html/wp-content/mu-plugins/vp-proxy-directus.php on line 681
[08-Mar-2026 09:58:11 UTC] PHP Parse error:  Unmatched '}' in /var/www/html/wp-content/mu-plugins/vp-proxy-directus.php on line 681
[08-Mar-2026 09:58:11 UTC] PHP Parse error:  Unmatched '}' in /var/www/html/wp-content/mu-plugins/vp-proxy-directus.php on line 681
[08-Mar-2026 09:58:11 UTC] PHP Parse error:  Unmatched '}' in /var/www/html/wp-content/mu-plugins/vp-proxy-directus.php on line 681
[08-Mar-2026 09:58:11 UTC] PHP Parse error:  Unmatched '}' in /var/www/html/wp-content/mu-plugins/vp-proxy-directus.php on line 681
[08-Mar-2026 09:58:12 UTC] PHP Parse error:  Unmatched '}' in /var/www/html/wp-content/mu-plugins/vp-proxy-directus.php on line 681
[08-Mar-2026 09:58:12 UTC] PHP Parse error:  Unmatched '}' in /var/www/html/wp-content/mu-plugins/vp-proxy-directus.php on line 681
[08-Mar-2026 09:58:12 UTC] PHP Parse error:  Unmatched '}' in /var/www/html/wp-content/mu-plugins/vp-proxy-directus.php on line 681
[08-Mar-2026 09:58:13 UTC] PHP Parse error:  Unmatched '}' in /var/www/html/wp-content/mu-plugins/vp-proxy-directus.php on line 681
[08-Mar-2026 09:58:13 UTC] PHP Parse error:  Unmatched '}' in /var/www/html/wp-content/mu-plugins/vp-proxy-directus.php on line 681
[08-Mar-2026 09:58:13 UTC] PHP Parse error:  Unmatched '}' in /var/www/html/wp-content/mu-plugins/vp-proxy-directus.php on line 681
[08-Mar-2026 09:58:13 UTC] PHP Parse error:  Unmatched '}' in /var/www/html/wp-content/mu-plugins/vp-proxy-directus.php on line 681
[08-Mar-2026 09:58:13 UTC] PHP Parse error:  Unmatched '}' in /var/www/html/wp-content/mu-plugins/vp-proxy-directus.php on line 681
[08-Mar-2026 09:58:14 UTC] PHP Parse error:  Unmatched '}' in /var/www/html/wp-content/mu-plugins/vp-proxy-directus.php on line 681
[08-Mar-2026 09:58:14 UTC] PHP Parse error:  Unmatched '}' in /var/www/html/wp-content/mu-plugins/vp-proxy-directus.php on line 681
[08-Mar-2026 09:58:15 UTC] PHP Parse error:  Unmatched '}' in /var/www/html/wp-content/mu-plugins/vp-proxy-directus.php on line 681
[08-Mar-2026 09:58:15 UTC] PHP Parse error:  Unmatched '}' in /var/www/html/wp-content/mu-plugins/vp-proxy-directus.php on line 681
[08-Mar-2026 09:58:16 UTC] PHP Parse error:  Unmatched '}' in /var/www/html/wp-content/mu-plugins/vp-proxy-directus.php on line 681
[08-Mar-2026 09:58:16 UTC] PHP Parse error:  Unmatched '}' in /var/www/html/wp-content/mu-plugins/vp-proxy-directus.php on line 681
[08-Mar-2026 09:58:16 UTC] PHP Parse error:  Unmatched '}' in /var/www/html/wp-content/mu-plugins/vp-proxy-directus.php on line 681
[08-Mar-2026 09:58:17 UTC] PHP Parse error:  Unmatched '}' in /var/www/html/wp-content/mu-plugins/vp-proxy-directus.php on line 681
[08-Mar-2026 09:58:18 UTC] PHP Parse error:  Unmatched '}' in /var/www/html/wp-content/mu-plugins/vp-proxy-directus.php on line 681
[08-Mar-2026 09:58:18 UTC] PHP Parse error:  Unmatched '}' in /var/www/html/wp-content/mu-plugins/vp-proxy-directus.php on line 681
[08-Mar-2026 09:58:18 UTC] PHP Parse error:  Unmatched '}' in /var/www/html/wp-content/mu-plugins/vp-proxy-directus.php on line 681
[08-Mar-2026 09:58:19 UTC] PHP Parse error:  Unmatched '}' in /var/www/html/wp-content/mu-plugins/vp-proxy-directus.php on line 681
[08-Mar-2026 09:58:37 UTC] PHP Parse error:  Unmatched '}' in /var/www/html/wp-content/mu-plugins/vp-proxy-directus.php on line 681
[08-Mar-2026 09:59:00 UTC] PHP Parse error:  Unmatched '}' in /var/www/html/wp-content/mu-plugins/vp-proxy-directus.php on line 681
[08-Mar-2026 09:59:01 UTC] PHP Parse error:  Unmatched '}' in /var/www/html/wp-content/mu-plugins/vp-proxy-directus.php on line 681
[08-Mar-2026 09:59:02 UTC] PHP Parse error:  Unmatched '}' in /var/www/html/wp-content/mu-plugins/vp-proxy-directus.php on line 681
[08-Mar-2026 09:59:09 UTC] PHP Parse error:  Unmatched '}' in /var/www/html/wp-content/mu-plugins/vp-proxy-directus.php on line 681
[08-Mar-2026 09:59:18 UTC] PHP Parse error:  Unmatched '}' in /var/www/html/wp-content/mu-plugins/vp-proxy-directus.php on line 681
[08-Mar-2026 09:59:21 UTC] PHP Parse error:  Unmatched '}' in /var/www/html/wp-content/mu-plugins/vp-proxy-directus.php on line 681
[08-Mar-2026 09:59:22 UTC] PHP Parse error:  Unmatched '}' in /var/www/html/wp-content/mu-plugins/vp-proxy-directus.php on line 681
[08-Mar-2026 09:59:29 UTC] PHP Parse error:  Unmatched '}' in /var/www/html/wp-content/mu-plugins/vp-proxy-directus.php on line 681
[08-Mar-2026 09:59:31 UTC] PHP Parse error:  Unmatched '}' in /var/www/html/wp-content/mu-plugins/vp-proxy-directus.php on line 681
[08-Mar-2026 09:59:33 UTC] PHP Parse error:  Unmatched '}' in /var/www/html/wp-content/mu-plugins/vp-proxy-directus.php on line 681
[08-Mar-2026 09:59:35 UTC] PHP Parse error:  Unmatched '}' in /var/www/html/wp-content/mu-plugins/vp-proxy-directus.php on line 681
[08-Mar-2026 09:59:46 UTC] PHP Parse error:  Unmatched '}' in /var/www/html/wp-content/mu-plugins/vp-proxy-directus.php on line 681
[08-Mar-2026 09:59:48 UTC] PHP Parse error:  Unmatched '}' in /var/www/html/wp-content/mu-plugins/vp-proxy-directus.php on line 681
[08-Mar-2026 09:59:49 UTC] PHP Parse error:  Unmatched '}' in /var/www/html/wp-content/mu-plugins/vp-proxy-directus.php on line 681
[08-Mar-2026 10:00:04 UTC] PHP Parse error:  Unmatched '}' in /var/www/html/wp-content/mu-plugins/vp-proxy-directus.php on line 681
[08-Mar-2026 10:00:17 UTC] PHP Parse error:  Unmatched '}' in /var/www/html/wp-content/mu-plugins/vp-proxy-directus.php on line 681
[08-Mar-2026 10:00:19 UTC] PHP Parse error:  Unmatched '}' in /var/www/html/wp-content/mu-plugins/vp-proxy-directus.php on line 681
[08-Mar-2026 10:00:22 UTC] PHP Parse error:  Unmatched '}' in /var/www/html/wp-content/mu-plugins/vp-proxy-directus.php on line 681
[08-Mar-2026 10:00:32 UTC] PHP Parse error:  Unmatched '}' in /var/www/html/wp-content/mu-plugins/vp-proxy-directus.php on line 681
[08-Mar-2026 10:00:36 UTC] PHP Parse error:  Unmatched '}' in /var/www/html/wp-content/mu-plugins/vp-proxy-directus.php on line 681
[08-Mar-2026 10:00:37 UTC] PHP Parse error:  Unmatched '}' in /var/www/html/wp-content/mu-plugins/vp-proxy-directus.php on line 681
[08-Mar-2026 10:01:07 UTC] PHP Parse error:  Unmatched '}' in /var/www/html/wp-content/mu-plugins/vp-proxy-directus.php on line 681
[08-Mar-2026 10:01:08 UTC] PHP Parse error:  Unmatched '}' in /var/www/html/wp-content/mu-plugins/vp-proxy-directus.php on line 681
[08-Mar-2026 10:01:08 UTC] PHP Parse error:  Unmatched '}' in /var/www/html/wp-content/mu-plugins/vp-proxy-directus.php on line 681
[08-Mar-2026 10:01:09 UTC] PHP Parse error:  Unmatched '}' in /var/www/html/wp-content/mu-plugins/vp-proxy-directus.php on line 681
[08-Mar-2026 10:01:10 UTC] PHP Parse error:  Unmatched '}' in /var/www/html/wp-content/mu-plugins/vp-proxy-directus.php on line 681
[08-Mar-2026 10:01:10 UTC] PHP Parse error:  Unmatched '}' in /var/www/html/wp-content/mu-plugins/vp-proxy-directus.php on line 681
[08-Mar-2026 10:01:41 UTC] PHP Parse error:  Unmatched '}' in /var/www/html/wp-content/mu-plugins/vp-proxy-directus.php on line 681
[08-Mar-2026 10:01:42 UTC] PHP Parse error:  Unmatched '}' in /var/www/html/wp-content/mu-plugins/vp-proxy-directus.php on line 681
[08-Mar-2026 10:01:43 UTC] PHP Parse error:  Unmatched '}' in /var/www/html/wp-content/mu-plugins/vp-proxy-directus.php on line 681
[08-Mar-2026 10:01:45 UTC] PHP Parse error:  Unmatched '}' in /var/www/html/wp-content/mu-plugins/vp-proxy-directus.php on line 681
[08-Mar-2026 10:01:46 UTC] PHP Parse error:  Unmatched '}' in /var/www/html/wp-content/mu-plugins/vp-proxy-directus.php on line 681
[08-Mar-2026 10:01:50 UTC] PHP Parse error:  Unmatched '}' in /var/www/html/wp-content/mu-plugins/vp-proxy-directus.php on line 681
[08-Mar-2026 10:02:03 UTC] PHP Parse error:  Unmatched '}' in /var/www/html/wp-content/mu-plugins/vp-proxy-directus.php on line 681
[08-Mar-2026 10:02:03 UTC] PHP Parse error:  Unmatched '}' in /var/www/html/wp-content/mu-plugins/vp-proxy-directus.php on line 681
[08-Mar-2026 10:02:11 UTC] PHP Parse error:  Unmatched '}' in /var/www/html/wp-content/mu-plugins/vp-proxy-directus.php on line 681
[08-Mar-2026 10:02:21 UTC] PHP Parse error:  Unmatched '}' in /var/www/html/wp-content/mu-plugins/vp-proxy-directus.php on line 681
[08-Mar-2026 10:02:24 UTC] PHP Parse error:  Unmatched '}' in /var/www/html/wp-content/mu-plugins/vp-proxy-directus.php on line 681
[08-Mar-2026 10:02:33 UTC] PHP Parse error:  Unmatched '}' in /var/www/html/wp-content/mu-plugins/vp-proxy-directus.php on line 681
[08-Mar-2026 10:03:00 UTC] PHP Parse error:  Unmatched '}' in /var/www/html/wp-content/mu-plugins/vp-proxy-directus.php on line 681
[08-Mar-2026 10:03:00 UTC] PHP Parse error:  Unmatched '}' in /var/www/html/wp-content/mu-plugins/vp-proxy-directus.php on line 681
[08-Mar-2026 10:03:26 UTC] PHP Parse error:  Unmatched '}' in /var/www/html/wp-content/mu-plugins/vp-proxy-directus.php on line 681
[08-Mar-2026 10:03:27 UTC] PHP Parse error:  Unmatched '}' in /var/www/html/wp-content/mu-plugins/vp-proxy-directus.php on line 681
[08-Mar-2026 10:03:28 UTC] PHP Parse error:  Unmatched '}' in /var/www/html/wp-content/mu-plugins/vp-proxy-directus.php on line 681
[08-Mar-2026 10:03:28 UTC] PHP Parse error:  Unmatched '}' in /var/www/html/wp-content/mu-plugins/vp-proxy-directus.php on line 681
[08-Mar-2026 10:03:29 UTC] PHP Parse error:  Unmatched '}' in /var/www/html/wp-content/mu-plugins/vp-proxy-directus.php on line 681
[08-Mar-2026 10:03:29 UTC] PHP Parse error:  Unmatched '}' in /var/www/html/wp-content/mu-plugins/vp-proxy-directus.php on line 681
[08-Mar-2026 10:03:30 UTC] PHP Parse error:  Unmatched '}' in /var/www/html/wp-content/mu-plugins/vp-proxy-directus.php on line 681
[08-Mar-2026 10:03:31 UTC] PHP Parse error:  Unmatched '}' in /var/www/html/wp-content/mu-plugins/vp-proxy-directus.php on line 681
[08-Mar-2026 10:03:33 UTC] PHP Parse error:  Unmatched '}' in /var/www/html/wp-content/mu-plugins/vp-proxy-directus.php on line 681
[08-Mar-2026 10:03:35 UTC] PHP Parse error:  Unmatched '}' in /var/www/html/wp-content/mu-plugins/vp-proxy-directus.php on line 681
[08-Mar-2026 10:03:36 UTC] PHP Parse error:  Unmatched '}' in /var/www/html/wp-content/mu-plugins/vp-proxy-directus.php on line 681
[08-Mar-2026 10:03:43 UTC] PHP Parse error:  Unmatched '}' in /var/www/html/wp-content/mu-plugins/vp-proxy-directus.php on line 681
[08-Mar-2026 10:03:46 UTC] PHP Parse error:  Unmatched '}' in /var/www/html/wp-content/mu-plugins/vp-proxy-directus.php on line 681
[08-Mar-2026 10:03:48 UTC] PHP Parse error:  Unmatched '}' in /var/www/html/wp-content/mu-plugins/vp-proxy-directus.php on line 681
[08-Mar-2026 10:03:49 UTC] PHP Parse error:  Unmatched '}' in /var/www/html/wp-content/mu-plugins/vp-proxy-directus.php on line 681
[08-Mar-2026 10:03:50 UTC] PHP Parse error:  Unmatched '}' in /var/www/html/wp-content/mu-plugins/vp-proxy-directus.php on line 681
[08-Mar-2026 10:03:51 UTC] PHP Parse error:  Unmatched '}' in /var/www/html/wp-content/mu-plugins/vp-proxy-directus.php on line 681
[08-Mar-2026 10:03:52 UTC] PHP Parse error:  Unmatched '}' in /var/www/html/wp-content/mu-plugins/vp-proxy-directus.php on line 681
[08-Mar-2026 10:03:57 UTC] PHP Parse error:  Unmatched '}' in /var/www/html/wp-content/mu-plugins/vp-proxy-directus.php on line 681
[08-Mar-2026 10:04:11 UTC] PHP Parse error:  Unmatched '}' in /var/www/html/wp-content/mu-plugins/vp-proxy-directus.php on line 681
[08-Mar-2026 10:04:13 UTC] PHP Parse error:  Unmatched '}' in /var/www/html/wp-content/mu-plugins/vp-proxy-directus.php on line 681
[08-Mar-2026 10:04:14 UTC] PHP Parse error:  Unmatched '}' in /var/www/html/wp-content/mu-plugins/vp-proxy-directus.php on line 681
[08-Mar-2026 10:04:16 UTC] PHP Parse error:  Unmatched '}' in /var/www/html/wp-content/mu-plugins/vp-proxy-directus.php on line 681
[08-Mar-2026 10:04:22 UTC] PHP Parse error:  Unmatched '}' in /var/www/html/wp-content/mu-plugins/vp-proxy-directus.php on line 681
[08-Mar-2026 10:04:26 UTC] PHP Parse error:  Unmatched '}' in /var/www/html/wp-content/mu-plugins/vp-proxy-directus.php on line 681
[08-Mar-2026 10:04:27 UTC] PHP Parse error:  Unmatched '}' in /var/www/html/wp-content/mu-plugins/vp-proxy-directus.php on line 681
[08-Mar-2026 10:04:28 UTC] PHP Parse error:  Unmatched '}' in /var/www/html/wp-content/mu-plugins/vp-proxy-directus.php on line 681
[08-Mar-2026 10:04:29 UTC] PHP Parse error:  Unmatched '}' in /var/www/html/wp-content/mu-plugins/vp-proxy-directus.php on line 681
[08-Mar-2026 10:04:31 UTC] PHP Parse error:  Unmatched '}' in /var/www/html/wp-content/mu-plugins/vp-proxy-directus.php on line 681
[08-Mar-2026 10:04:32 UTC] PHP Parse error:  Unmatched '}' in /var/www/html/wp-content/mu-plugins/vp-proxy-directus.php on line 681
[08-Mar-2026 10:04:34 UTC] PHP Parse error:  Unmatched '}' in /var/www/html/wp-content/mu-plugins/vp-proxy-directus.php on line 681
[08-Mar-2026 10:04:45 UTC] PHP Parse error:  Unmatched '}' in /var/www/html/wp-content/mu-plugins/vp-proxy-directus.php on line 681
[08-Mar-2026 10:04:47 UTC] PHP Parse error:  Unmatched '}' in /var/www/html/wp-content/mu-plugins/vp-proxy-directus.php on line 681
[08-Mar-2026 10:04:48 UTC] PHP Parse error:  Unmatched '}' in /var/www/html/wp-content/mu-plugins/vp-proxy-directus.php on line 681
[08-Mar-2026 10:04:50 UTC] PHP Parse error:  Unmatched '}' in /var/www/html/wp-content/mu-plugins/vp-proxy-directus.php on line 681
[08-Mar-2026 10:04:51 UTC] PHP Parse error:  Unmatched '}' in /var/www/html/wp-content/mu-plugins/vp-proxy-directus.php on line 681
[08-Mar-2026 10:04:52 UTC] PHP Parse error:  Unmatched '}' in /var/www/html/wp-content/mu-plugins/vp-proxy-directus.php on line 681
[08-Mar-2026 10:04:54 UTC] PHP Parse error:  Unmatched '}' in /var/www/html/wp-content/mu-plugins/vp-proxy-directus.php on line 681
[08-Mar-2026 10:04:54 UTC] PHP Parse error:  Unmatched '}' in /var/www/html/wp-content/mu-plugins/vp-proxy-directus.php on line 681
[08-Mar-2026 10:04:55 UTC] PHP Parse error:  Unmatched '}' in /var/www/html/wp-content/mu-plugins/vp-proxy-directus.php on line 681
[08-Mar-2026 10:04:56 UTC] PHP Parse error:  Unmatched '}' in /var/www/html/wp-content/mu-plugins/vp-proxy-directus.php on line 681
[08-Mar-2026 10:04:57 UTC] PHP Parse error:  Unmatched '}' in /var/www/html/wp-content/mu-plugins/vp-proxy-directus.php on line 681
[08-Mar-2026 10:05:00 UTC] PHP Parse error:  Unmatched '}' in /var/www/html/wp-content/mu-plugins/vp-proxy-directus.php on line 681
[08-Mar-2026 10:05:09 UTC] PHP Parse error:  Unmatched '}' in /var/www/html/wp-content/mu-plugins/vp-proxy-directus.php on line 681
[08-Mar-2026 10:05:12 UTC] PHP Parse error:  Unmatched '}' in /var/www/html/wp-content/mu-plugins/vp-proxy-directus.php on line 681
[08-Mar-2026 10:05:13 UTC] PHP Parse error:  Unmatched '}' in /var/www/html/wp-content/mu-plugins/vp-proxy-directus.php on line 681
[08-Mar-2026 10:05:15 UTC] PHP Parse error:  Unmatched '}' in /var/www/html/wp-content/mu-plugins/vp-proxy-directus.php on line 681
[08-Mar-2026 10:05:36 UTC] PHP Parse error:  Unmatched '}' in /var/www/html/wp-content/mu-plugins/vp-proxy-directus.php on line 681
[08-Mar-2026 10:05:37 UTC] PHP Parse error:  Unmatched '}' in /var/www/html/wp-content/mu-plugins/vp-proxy-directus.php on line 681
[08-Mar-2026 10:05:38 UTC] PHP Parse error:  Unmatched '}' in /var/www/html/wp-content/mu-plugins/vp-proxy-directus.php on line 681
[08-Mar-2026 10:05:40 UTC] PHP Parse error:  Unmatched '}' in /var/www/html/wp-content/mu-plugins/vp-proxy-directus.php on line 681
[08-Mar-2026 10:05:42 UTC] PHP Parse error:  Unmatched '}' in /var/www/html/wp-content/mu-plugins/vp-proxy-directus.php on line 681
[08-Mar-2026 10:06:14 UTC] PHP Parse error:  Unmatched '}' in /var/www/html/wp-content/mu-plugins/vp-proxy-directus.php on line 681
[08-Mar-2026 10:06:15 UTC] PHP Parse error:  Unmatched '}' in /var/www/html/wp-content/mu-plugins/vp-proxy-directus.php on line 681
[08-Mar-2026 10:06:16 UTC] PHP Parse error:  Unmatched '}' in /var/www/html/wp-content/mu-plugins/vp-proxy-directus.php on line 681
[08-Mar-2026 10:06:17 UTC] PHP Parse error:  Unmatched '}' in /var/www/html/wp-content/mu-plugins/vp-proxy-directus.php on line 681
[08-Mar-2026 10:06:18 UTC] PHP Parse error:  Unmatched '}' in /var/www/html/wp-content/mu-plugins/vp-proxy-directus.php on line 681
[08-Mar-2026 10:06:19 UTC] PHP Parse error:  Unmatched '}' in /var/www/html/wp-content/mu-plugins/vp-proxy-directus.php on line 681
[08-Mar-2026 10:06:23 UTC] PHP Parse error:  Unmatched '}' in /var/www/html/wp-content/mu-plugins/vp-proxy-directus.php on line 681
[08-Mar-2026 10:06:24 UTC] PHP Parse error:  Unmatched '}' in /var/www/html/wp-content/mu-plugins/vp-proxy-directus.php on line 681
[08-Mar-2026 10:06:36 UTC] PHP Parse error:  Unmatched '}' in /var/www/html/wp-content/mu-plugins/vp-proxy-directus.php on line 681
[08-Mar-2026 10:06:43 UTC] PHP Parse error:  Unmatched '}' in /var/www/html/wp-content/mu-plugins/vp-proxy-directus.php on line 681
[08-Mar-2026 10:06:45 UTC] PHP Parse error:  Unmatched '}' in /var/www/html/wp-content/mu-plugins/vp-proxy-directus.php on line 681
[08-Mar-2026 10:06:48 UTC] PHP Parse error:  Unmatched '}' in /var/www/html/wp-content/mu-plugins/vp-proxy-directus.php on line 681
[08-Mar-2026 10:06:49 UTC] PHP Parse error:  Unmatched '}' in /var/www/html/wp-content/mu-plugins/vp-proxy-directus.php on line 681
[08-Mar-2026 10:06:50 UTC] PHP Parse error:  Unmatched '}' in /var/www/html/wp-content/mu-plugins/vp-proxy-directus.php on line 681
[08-Mar-2026 10:06:52 UTC] PHP Parse error:  Unmatched '}' in /var/www/html/wp-content/mu-plugins/vp-proxy-directus.php on line 681
[08-Mar-2026 10:07:00 UTC] PHP Parse error:  Unmatched '}' in /var/www/html/wp-content/mu-plugins/vp-proxy-directus.php on line 681
[08-Mar-2026 10:07:02 UTC] PHP Parse error:  Unmatched '}' in /var/www/html/wp-content/mu-plugins/vp-proxy-directus.php on line 681
[08-Mar-2026 10:07:04 UTC] PHP Parse error:  Unmatched '}' in /var/www/html/wp-content/mu-plugins/vp-proxy-directus.php on line 681
[08-Mar-2026 10:07:04 UTC] PHP Parse error:  Unmatched '}' in /var/www/html/wp-content/mu-plugins/vp-proxy-directus.php on line 681
[08-Mar-2026 10:07:05 UTC] PHP Parse error:  Unmatched '}' in /var/www/html/wp-content/mu-plugins/vp-proxy-directus.php on line 681
[08-Mar-2026 10:07:06 UTC] PHP Parse error:  Unmatched '}' in /var/www/html/wp-content/mu-plugins/vp-proxy-directus.php on line 681
[08-Mar-2026 10:07:07 UTC] PHP Parse error:  Unmatched '}' in /var/www/html/wp-content/mu-plugins/vp-proxy-directus.php on line 681
[08-Mar-2026 10:07:12 UTC] PHP Parse error:  Unmatched '}' in /var/www/html/wp-content/mu-plugins/vp-proxy-directus.php on line 681
[08-Mar-2026 10:07:13 UTC] PHP Parse error:  Unmatched '}' in /var/www/html/wp-content/mu-plugins/vp-proxy-directus.php on line 681
[08-Mar-2026 10:07:14 UTC] PHP Parse error:  Unmatched '}' in /var/www/html/wp-content/mu-plugins/vp-proxy-directus.php on line 681
[08-Mar-2026 10:07:15 UTC] PHP Parse error:  Unmatched '}' in /var/www/html/wp-content/mu-plugins/vp-proxy-directus.php on line 681
[08-Mar-2026 10:07:16 UTC] PHP Parse error:  Unmatched '}' in /var/www/html/wp-content/mu-plugins/vp-proxy-directus.php on line 681
[08-Mar-2026 10:07:17 UTC] PHP Parse error:  Unmatched '}' in /var/www/html/wp-content/mu-plugins/vp-proxy-directus.php on line 681
[08-Mar-2026 10:07:18 UTC] PHP Parse error:  Unmatched '}' in /var/www/html/wp-content/mu-plugins/vp-proxy-directus.php on line 681
[08-Mar-2026 10:07:19 UTC] PHP Parse error:  Unmatched '}' in /var/www/html/wp-content/mu-plugins/vp-proxy-directus.php on line 681
[08-Mar-2026 10:07:20 UTC] PHP Parse error:  Unmatched '}' in /var/www/html/wp-content/mu-plugins/vp-proxy-directus.php on line 681
[08-Mar-2026 10:07:21 UTC] PHP Parse error:  Unmatched '}' in /var/www/html/wp-content/mu-plugins/vp-proxy-directus.php on line 681
[08-Mar-2026 10:07:22 UTC] PHP Parse error:  Unmatched '}' in /var/www/html/wp-content/mu-plugins/vp-proxy-directus.php on line 681
[08-Mar-2026 10:07:22 UTC] PHP Parse error:  Unmatched '}' in /var/www/html/wp-content/mu-plugins/vp-proxy-directus.php on line 681
[08-Mar-2026 10:07:22 UTC] PHP Parse error:  Unmatched '}' in /var/www/html/wp-content/mu-plugins/vp-proxy-directus.php on line 681
[08-Mar-2026 10:07:24 UTC] PHP Parse error:  Unmatched '}' in /var/www/html/wp-content/mu-plugins/vp-proxy-directus.php on line 681
[08-Mar-2026 10:07:25 UTC] PHP Parse error:  Unmatched '}' in /var/www/html/wp-content/mu-plugins/vp-proxy-directus.php on line 681
[08-Mar-2026 10:07:26 UTC] PHP Parse error:  Unmatched '}' in /var/www/html/wp-content/mu-plugins/vp-proxy-directus.php on line 681
[08-Mar-2026 10:07:27 UTC] PHP Parse error:  Unmatched '}' in /var/www/html/wp-content/mu-plugins/vp-proxy-directus.php on line 681
[08-Mar-2026 10:07:28 UTC] PHP Parse error:  Unmatched '}' in /var/www/html/wp-content/mu-plugins/vp-proxy-directus.php on line 681
[08-Mar-2026 10:07:29 UTC] PHP Parse error:  Unmatched '}' in /var/www/html/wp-content/mu-plugins/vp-proxy-directus.php on line 681
[08-Mar-2026 10:07:30 UTC] PHP Parse error:  Unmatched '}' in /var/www/html/wp-content/mu-plugins/vp-proxy-directus.php on line 681
[08-Mar-2026 10:07:31 UTC] PHP Parse error:  Unmatched '}' in /var/www/html/wp-content/mu-plugins/vp-proxy-directus.php on line 681
[08-Mar-2026 10:07:32 UTC] PHP Parse error:  Unmatched '}' in /var/www/html/wp-content/mu-plugins/vp-proxy-directus.php on line 681
[08-Mar-2026 10:07:32 UTC] PHP Parse error:  Unmatched '}' in /var/www/html/wp-content/mu-plugins/vp-proxy-directus.php on line 681
[08-Mar-2026 10:07:33 UTC] PHP Parse error:  Unmatched '}' in /var/www/html/wp-content/mu-plugins/vp-proxy-directus.php on line 681
[08-Mar-2026 10:07:38 UTC] PHP Parse error:  Unmatched '}' in /var/www/html/wp-content/mu-plugins/vp-proxy-directus.php on line 681
[08-Mar-2026 10:07:39 UTC] PHP Parse error:  Unmatched '}' in /var/www/html/wp-content/mu-plugins/vp-proxy-directus.php on line 681
[08-Mar-2026 10:07:40 UTC] PHP Parse error:  Unmatched '}' in /var/www/html/wp-content/mu-plugins/vp-proxy-directus.php on line 681
[08-Mar-2026 10:07:41 UTC] PHP Parse error:  Unmatched '}' in /var/www/html/wp-content/mu-plugins/vp-proxy-directus.php on line 681
[08-Mar-2026 10:07:43 UTC] PHP Parse error:  Unmatched '}' in /var/www/html/wp-content/mu-plugins/vp-proxy-directus.php on line 681
[08-Mar-2026 10:07:50 UTC] PHP Parse error:  Unmatched '}' in /var/www/html/wp-content/mu-plugins/vp-proxy-directus.php on line 681
[08-Mar-2026 10:07:53 UTC] PHP Parse error:  Unmatched '}' in /var/www/html/wp-content/mu-plugins/vp-proxy-directus.php on line 681
[08-Mar-2026 10:07:54 UTC] PHP Parse error:  Unmatched '}' in /var/www/html/wp-content/mu-plugins/vp-proxy-directus.php on line 681
[08-Mar-2026 10:08:06 UTC] PHP Parse error:  Unmatched '}' in /var/www/html/wp-content/mu-plugins/vp-proxy-directus.php on line 681
[08-Mar-2026 10:08:07 UTC] PHP Parse error:  Unmatched '}' in /var/www/html/wp-content/mu-plugins/vp-proxy-directus.php on line 681
[08-Mar-2026 10:08:08 UTC] PHP Parse error:  Unmatched '}' in /var/www/html/wp-content/mu-plugins/vp-proxy-directus.php on line 681
[08-Mar-2026 10:08:10 UTC] PHP Parse error:  Unmatched '}' in /var/www/html/wp-content/mu-plugins/vp-proxy-directus.php on line 681
[08-Mar-2026 10:08:13 UTC] PHP Parse error:  Unmatched '}' in /var/www/html/wp-content/mu-plugins/vp-proxy-directus.php on line 681
[08-Mar-2026 10:08:16 UTC] PHP Parse error:  Unmatched '}' in /var/www/html/wp-content/mu-plugins/vp-proxy-directus.php on line 681
[08-Mar-2026 10:08:17 UTC] PHP Parse error:  Unmatched '}' in /var/www/html/wp-content/mu-plugins/vp-proxy-directus.php on line 681
[08-Mar-2026 10:08:19 UTC] PHP Parse error:  Unmatched '}' in /var/www/html/wp-content/mu-plugins/vp-proxy-directus.php on line 681
[08-Mar-2026 10:08:20 UTC] PHP Parse error:  Unmatched '}' in /var/www/html/wp-content/mu-plugins/vp-proxy-directus.php on line 681
[08-Mar-2026 10:08:21 UTC] PHP Parse error:  Unmatched '}' in /var/www/html/wp-content/mu-plugins/vp-proxy-directus.php on line 681
[08-Mar-2026 10:08:23 UTC] PHP Parse error:  Unmatched '}' in /var/www/html/wp-content/mu-plugins/vp-proxy-directus.php on line 681
[08-Mar-2026 10:08:47 UTC] PHP Parse error:  Unmatched '}' in /var/www/html/wp-content/mu-plugins/vp-proxy-directus.php on line 681
[08-Mar-2026 10:08:54 UTC] PHP Parse error:  Unmatched '}' in /var/www/html/wp-content/mu-plugins/vp-proxy-directus.php on line 681
[08-Mar-2026 10:08:55 UTC] PHP Parse error:  Unmatched '}' in /var/www/html/wp-content/mu-plugins/vp-proxy-directus.php on line 681
[08-Mar-2026 10:08:57 UTC] PHP Parse error:  Unmatched '}' in /var/www/html/wp-content/mu-plugins/vp-proxy-directus.php on line 681
[08-Mar-2026 10:08:58 UTC] PHP Parse error:  Unmatched '}' in /var/www/html/wp-content/mu-plugins/vp-proxy-directus.php on line 681
[08-Mar-2026 10:09:10 UTC] PHP Parse error:  Unmatched '}' in /var/www/html/wp-content/mu-plugins/vp-proxy-directus.php on line 681
[08-Mar-2026 10:09:19 UTC] PHP Parse error:  Unmatched '}' in /var/www/html/wp-content/mu-plugins/vp-proxy-directus.php on line 681
[08-Mar-2026 10:09:19 UTC] PHP Parse error:  Unmatched '}' in /var/www/html/wp-content/mu-plugins/vp-proxy-directus.php on line 681
[08-Mar-2026 10:09:20 UTC] PHP Parse error:  Unmatched '}' in /var/www/html/wp-content/mu-plugins/vp-proxy-directus.php on line 681
[08-Mar-2026 10:09:31 UTC] PHP Parse error:  Unmatched '}' in /var/www/html/wp-content/mu-plugins/vp-proxy-directus.php on line 681
[08-Mar-2026 10:09:32 UTC] PHP Parse error:  Unmatched '}' in /var/www/html/wp-content/mu-plugins/vp-proxy-directus.php on line 681
[08-Mar-2026 10:09:33 UTC] PHP Parse error:  Unmatched '}' in /var/www/html/wp-content/mu-plugins/vp-proxy-directus.php on line 681
[08-Mar-2026 10:09:34 UTC] PHP Parse error:  Unmatched '}' in /var/www/html/wp-content/mu-plugins/vp-proxy-directus.php on line 681
[08-Mar-2026 10:09:34 UTC] PHP Parse error:  Unmatched '}' in /var/www/html/wp-content/mu-plugins/vp-proxy-directus.php on line 681
[08-Mar-2026 10:09:36 UTC] PHP Parse error:  Unmatched '}' in /var/www/html/wp-content/mu-plugins/vp-proxy-directus.php on line 681
[08-Mar-2026 10:09:37 UTC] PHP Parse error:  Unmatched '}' in /var/www/html/wp-content/mu-plugins/vp-proxy-directus.php on line 681
[08-Mar-2026 10:09:38 UTC] PHP Parse error:  Unmatched '}' in /var/www/html/wp-content/mu-plugins/vp-proxy-directus.php on line 681
[08-Mar-2026 10:09:40 UTC] PHP Parse error:  Unmatched '}' in /var/www/html/wp-content/mu-plugins/vp-proxy-directus.php on line 681
[08-Mar-2026 10:09:40 UTC] PHP Parse error:  Unmatched '}' in /var/www/html/wp-content/mu-plugins/vp-proxy-directus.php on line 681
[08-Mar-2026 10:09:40 UTC] PHP Parse error:  Unmatched '}' in /var/www/html/wp-content/mu-plugins/vp-proxy-directus.php on line 681
[08-Mar-2026 10:09:41 UTC] PHP Parse error:  Unmatched '}' in /var/www/html/wp-content/mu-plugins/vp-proxy-directus.php on line 681
[08-Mar-2026 10:09:41 UTC] PHP Parse error:  Unmatched '}' in /var/www/html/wp-content/mu-plugins/vp-proxy-directus.php on line 681
[08-Mar-2026 10:09:42 UTC] PHP Parse error:  Unmatched '}' in /var/www/html/wp-content/mu-plugins/vp-proxy-directus.php on line 681
[08-Mar-2026 10:09:49 UTC] PHP Parse error:  Unmatched '}' in /var/www/html/wp-content/mu-plugins/vp-proxy-directus.php on line 681
[08-Mar-2026 10:10:04 UTC] PHP Parse error:  Unmatched '}' in /var/www/html/wp-content/mu-plugins/vp-proxy-directus.php on line 681
[08-Mar-2026 10:10:06 UTC] PHP Parse error:  Unmatched '}' in /var/www/html/wp-content/mu-plugins/vp-proxy-directus.php on line 681
[08-Mar-2026 10:10:06 UTC] PHP Parse error:  Unmatched '}' in /var/www/html/wp-content/mu-plugins/vp-proxy-directus.php on line 681
[08-Mar-2026 10:10:07 UTC] PHP Parse error:  Unmatched '}' in /var/www/html/wp-content/mu-plugins/vp-proxy-directus.php on line 681
[08-Mar-2026 10:10:07 UTC] PHP Parse error:  Unmatched '}' in /var/www/html/wp-content/mu-plugins/vp-proxy-directus.php on line 681
[08-Mar-2026 10:10:09 UTC] PHP Parse error:  Unmatched '}' in /var/www/html/wp-content/mu-plugins/vp-proxy-directus.php on line 681
[08-Mar-2026 10:10:09 UTC] PHP Parse error:  Unmatched '}' in /var/www/html/wp-content/mu-plugins/vp-proxy-directus.php on line 681
[08-Mar-2026 10:10:10 UTC] PHP Parse error:  Unmatched '}' in /var/www/html/wp-content/mu-plugins/vp-proxy-directus.php on line 681
[08-Mar-2026 10:10:29 UTC] PHP Parse error:  Unmatched '}' in /var/www/html/wp-content/mu-plugins/vp-proxy-directus.php on line 681
[08-Mar-2026 10:10:30 UTC] PHP Parse error:  Unmatched '}' in /var/www/html/wp-content/mu-plugins/vp-proxy-directus.php on line 681
[08-Mar-2026 10:10:30 UTC] PHP Parse error:  Unmatched '}' in /var/www/html/wp-content/mu-plugins/vp-proxy-directus.php on line 681
[08-Mar-2026 10:10:31 UTC] PHP Parse error:  Unmatched '}' in /var/www/html/wp-content/mu-plugins/vp-proxy-directus.php on line 681
[08-Mar-2026 10:10:32 UTC] PHP Parse error:  Unmatched '}' in /var/www/html/wp-content/mu-plugins/vp-proxy-directus.php on line 681
[08-Mar-2026 10:10:34 UTC] PHP Parse error:  Unmatched '}' in /var/www/html/wp-content/mu-plugins/vp-proxy-directus.php on line 681
[08-Mar-2026 10:10:35 UTC] PHP Parse error:  Unmatched '}' in /var/www/html/wp-content/mu-plugins/vp-proxy-directus.php on line 681
[08-Mar-2026 10:10:36 UTC] PHP Parse error:  Unmatched '}' in /var/www/html/wp-content/mu-plugins/vp-proxy-directus.php on line 681
[08-Mar-2026 10:10:37 UTC] PHP Parse error:  Unmatched '}' in /var/www/html/wp-content/mu-plugins/vp-proxy-directus.php on line 681
[08-Mar-2026 10:10:39 UTC] PHP Parse error:  Unmatched '}' in /var/www/html/wp-content/mu-plugins/vp-proxy-directus.php on line 681
[08-Mar-2026 10:10:44 UTC] PHP Parse error:  Unmatched '}' in /var/www/html/wp-content/mu-plugins/vp-proxy-directus.php on line 681
[08-Mar-2026 10:10:46 UTC] PHP Parse error:  Unmatched '}' in /var/www/html/wp-content/mu-plugins/vp-proxy-directus.php on line 681
[08-Mar-2026 10:10:48 UTC] PHP Parse error:  Unmatched '}' in /var/www/html/wp-content/mu-plugins/vp-proxy-directus.php on line 681
[08-Mar-2026 10:10:49 UTC] PHP Parse error:  Unmatched '}' in /var/www/html/wp-content/mu-plugins/vp-proxy-directus.php on line 681
[08-Mar-2026 10:10:51 UTC] PHP Parse error:  Unmatched '}' in /var/www/html/wp-content/mu-plugins/vp-proxy-directus.php on line 681
[08-Mar-2026 10:10:52 UTC] PHP Parse error:  Unmatched '}' in /var/www/html/wp-content/mu-plugins/vp-proxy-directus.php on line 681
[08-Mar-2026 10:10:53 UTC] PHP Parse error:  Unmatched '}' in /var/www/html/wp-content/mu-plugins/vp-proxy-directus.php on line 681
[08-Mar-2026 10:10:54 UTC] PHP Parse error:  Unmatched '}' in /var/www/html/wp-content/mu-plugins/vp-proxy-directus.php on line 681
[08-Mar-2026 10:10:56 UTC] PHP Parse error:  Unmatched '}' in /var/www/html/wp-content/mu-plugins/vp-proxy-directus.php on line 681
[08-Mar-2026 10:10:57 UTC] PHP Parse error:  Unmatched '}' in /var/www/html/wp-content/mu-plugins/vp-proxy-directus.php on line 681
[08-Mar-2026 10:11:03 UTC] PHP Parse error:  Unmatched '}' in /var/www/html/wp-content/mu-plugins/vp-proxy-directus.php on line 681
[08-Mar-2026 10:11:06 UTC] PHP Parse error:  Unmatched '}' in /var/www/html/wp-content/mu-plugins/vp-proxy-directus.php on line 681
[08-Mar-2026 10:11:07 UTC] PHP Parse error:  Unmatched '}' in /var/www/html/wp-content/mu-plugins/vp-proxy-directus.php on line 681
[08-Mar-2026 10:11:07 UTC] PHP Parse error:  Unmatched '}' in /var/www/html/wp-content/mu-plugins/vp-proxy-directus.php on line 681
[08-Mar-2026 10:11:08 UTC] PHP Parse error:  Unmatched '}' in /var/www/html/wp-content/mu-plugins/vp-proxy-directus.php on line 681
[08-Mar-2026 10:11:15 UTC] PHP Parse error:  Unmatched '}' in /var/www/html/wp-content/mu-plugins/vp-proxy-directus.php on line 681
[08-Mar-2026 10:11:18 UTC] PHP Parse error:  Unmatched '}' in /var/www/html/wp-content/mu-plugins/vp-proxy-directus.php on line 681
[08-Mar-2026 10:11:20 UTC] PHP Parse error:  Unmatched '}' in /var/www/html/wp-content/mu-plugins/vp-proxy-directus.php on line 681
[08-Mar-2026 10:11:21 UTC] PHP Parse error:  Unmatched '}' in /var/www/html/wp-content/mu-plugins/vp-proxy-directus.php on line 681
[08-Mar-2026 10:11:23 UTC] PHP Parse error:  Unmatched '}' in /var/www/html/wp-content/mu-plugins/vp-proxy-directus.php on line 681
[08-Mar-2026 10:11:24 UTC] PHP Parse error:  Unmatched '}' in /var/www/html/wp-content/mu-plugins/vp-proxy-directus.php on line 681
[08-Mar-2026 10:11:26 UTC] PHP Parse error:  Unmatched '}' in /var/www/html/wp-content/mu-plugins/vp-proxy-directus.php on line 681
[08-Mar-2026 10:11:27 UTC] PHP Parse error:  Unmatched '}' in /var/www/html/wp-content/mu-plugins/vp-proxy-directus.php on line 681
[08-Mar-2026 10:11:28 UTC] PHP Parse error:  Unmatched '}' in /var/www/html/wp-content/mu-plugins/vp-proxy-directus.php on line 681
[08-Mar-2026 10:11:29 UTC] PHP Parse error:  Unmatched '}' in /var/www/html/wp-content/mu-plugins/vp-proxy-directus.php on line 681
[08-Mar-2026 10:11:29 UTC] PHP Parse error:  Unmatched '}' in /var/www/html/wp-content/mu-plugins/vp-proxy-directus.php on line 681
[08-Mar-2026 10:11:30 UTC] PHP Parse error:  Unmatched '}' in /var/www/html/wp-content/mu-plugins/vp-proxy-directus.php on line 681
[08-Mar-2026 10:11:32 UTC] PHP Parse error:  Unmatched '}' in /var/www/html/wp-content/mu-plugins/vp-proxy-directus.php on line 681
[08-Mar-2026 10:11:34 UTC] PHP Parse error:  Unmatched '}' in /var/www/html/wp-content/mu-plugins/vp-proxy-directus.php on line 681
[08-Mar-2026 10:11:35 UTC] PHP Parse error:  Unmatched '}' in /var/www/html/wp-content/mu-plugins/vp-proxy-directus.php on line 681
[08-Mar-2026 10:11:36 UTC] PHP Parse error:  Unmatched '}' in /var/www/html/wp-content/mu-plugins/vp-proxy-directus.php on line 681
[08-Mar-2026 10:11:37 UTC] PHP Parse error:  Unmatched '}' in /var/www/html/wp-content/mu-plugins/vp-proxy-directus.php on line 681
[08-Mar-2026 10:11:39 UTC] PHP Parse error:  Unmatched '}' in /var/www/html/wp-content/mu-plugins/vp-proxy-directus.php on line 681
[08-Mar-2026 10:11:40 UTC] PHP Parse error:  Unmatched '}' in /var/www/html/wp-content/mu-plugins/vp-proxy-directus.php on line 681
[08-Mar-2026 10:12:18 UTC] PHP Parse error:  Unmatched '}' in /var/www/html/wp-content/mu-plugins/vp-proxy-directus.php on line 681
[08-Mar-2026 10:12:22 UTC] PHP Parse error:  Unmatched '}' in /var/www/html/wp-content/mu-plugins/vp-proxy-directus.php on line 681
[08-Mar-2026 10:12:24 UTC] PHP Parse error:  Unmatched '}' in /var/www/html/wp-content/mu-plugins/vp-proxy-directus.php on line 681
[08-Mar-2026 10:12:27 UTC] PHP Parse error:  Unmatched '}' in /var/www/html/wp-content/mu-plugins/vp-proxy-directus.php on line 681
[08-Mar-2026 10:12:28 UTC] PHP Parse error:  Unmatched '}' in /var/www/html/wp-content/mu-plugins/vp-proxy-directus.php on line 681
[08-Mar-2026 10:12:59 UTC] PHP Parse error:  Unmatched '}' in /var/www/html/wp-content/mu-plugins/vp-proxy-directus.php on line 681
[08-Mar-2026 10:13:00 UTC] PHP Parse error:  Unmatched '}' in /var/www/html/wp-content/mu-plugins/vp-proxy-directus.php on line 681
[08-Mar-2026 10:13:00 UTC] PHP Parse error:  Unmatched '}' in /var/www/html/wp-content/mu-plugins/vp-proxy-directus.php on line 681
[08-Mar-2026 10:13:01 UTC] PHP Parse error:  Unmatched '}' in /var/www/html/wp-content/mu-plugins/vp-proxy-directus.php on line 681
[08-Mar-2026 10:13:02 UTC] PHP Parse error:  Unmatched '}' in /var/www/html/wp-content/mu-plugins/vp-proxy-directus.php on line 681
[08-Mar-2026 10:13:04 UTC] PHP Parse error:  Unmatched '}' in /var/www/html/wp-content/mu-plugins/vp-proxy-directus.php on line 681
[08-Mar-2026 10:13:05 UTC] PHP Parse error:  Unmatched '}' in /var/www/html/wp-content/mu-plugins/vp-proxy-directus.php on line 681
[08-Mar-2026 10:13:05 UTC] PHP Parse error:  Unmatched '}' in /var/www/html/wp-content/mu-plugins/vp-proxy-directus.php on line 681
[08-Mar-2026 10:13:06 UTC] PHP Parse error:  Unmatched '}' in /var/www/html/wp-content/mu-plugins/vp-proxy-directus.php on line 681
[08-Mar-2026 10:13:07 UTC] PHP Parse error:  Unmatched '}' in /var/www/html/wp-content/mu-plugins/vp-proxy-directus.php on line 681
[08-Mar-2026 10:13:07 UTC] PHP Parse error:  Unmatched '}' in /var/www/html/wp-content/mu-plugins/vp-proxy-directus.php on line 681
[08-Mar-2026 10:13:09 UTC] PHP Parse error:  Unmatched '}' in /var/www/html/wp-content/mu-plugins/vp-proxy-directus.php on line 681
[08-Mar-2026 10:13:10 UTC] PHP Parse error:  Unmatched '}' in /var/www/html/wp-content/mu-plugins/vp-proxy-directus.php on line 681
[08-Mar-2026 10:13:11 UTC] PHP Parse error:  Unmatched '}' in /var/www/html/wp-content/mu-plugins/vp-proxy-directus.php on line 681
[08-Mar-2026 10:13:16 UTC] PHP Parse error:  Unmatched '}' in /var/www/html/wp-content/mu-plugins/vp-proxy-directus.php on line 681
[08-Mar-2026 10:13:19 UTC] PHP Parse error:  Unmatched '}' in /var/www/html/wp-content/mu-plugins/vp-proxy-directus.php on line 681
[08-Mar-2026 10:13:20 UTC] PHP Parse error:  Unmatched '}' in /var/www/html/wp-content/mu-plugins/vp-proxy-directus.php on line 681
[08-Mar-2026 10:13:21 UTC] PHP Parse error:  Unmatched '}' in /var/www/html/wp-content/mu-plugins/vp-proxy-directus.php on line 681
[08-Mar-2026 10:13:22 UTC] PHP Parse error:  Unmatched '}' in /var/www/html/wp-content/mu-plugins/vp-proxy-directus.php on line 681
[08-Mar-2026 10:13:23 UTC] PHP Parse error:  Unmatched '}' in /var/www/html/wp-content/mu-plugins/vp-proxy-directus.php on line 681
[08-Mar-2026 10:13:23 UTC] PHP Parse error:  Unmatched '}' in /var/www/html/wp-content/mu-plugins/vp-proxy-directus.php on line 681
[08-Mar-2026 10:13:44 UTC] PHP Parse error:  Unmatched '}' in /var/www/html/wp-content/mu-plugins/vp-proxy-directus.php on line 681
[08-Mar-2026 10:13:46 UTC] PHP Parse error:  Unmatched '}' in /var/www/html/wp-content/mu-plugins/vp-proxy-directus.php on line 681
[08-Mar-2026 10:13:47 UTC] PHP Parse error:  Unmatched '}' in /var/www/html/wp-content/mu-plugins/vp-proxy-directus.php on line 681
[08-Mar-2026 10:13:48 UTC] PHP Parse error:  Unmatched '}' in /var/www/html/wp-content/mu-plugins/vp-proxy-directus.php on line 681
[08-Mar-2026 10:13:49 UTC] PHP Parse error:  Unmatched '}' in /var/www/html/wp-content/mu-plugins/vp-proxy-directus.php on line 681
[08-Mar-2026 10:13:52 UTC] PHP Parse error:  Unmatched '}' in /var/www/html/wp-content/mu-plugins/vp-proxy-directus.php on line 681
[08-Mar-2026 10:13:53 UTC] PHP Parse error:  Unmatched '}' in /var/www/html/wp-content/mu-plugins/vp-proxy-directus.php on line 681
[08-Mar-2026 10:13:54 UTC] PHP Parse error:  Unmatched '}' in /var/www/html/wp-content/mu-plugins/vp-proxy-directus.php on line 681
[08-Mar-2026 10:13:56 UTC] PHP Parse error:  Unmatched '}' in /var/www/html/wp-content/mu-plugins/vp-proxy-directus.php on line 681
[08-Mar-2026 10:13:56 UTC] PHP Parse error:  Unmatched '}' in /var/www/html/wp-content/mu-plugins/vp-proxy-directus.php on line 681
[08-Mar-2026 10:13:57 UTC] PHP Parse error:  Unmatched '}' in /var/www/html/wp-content/mu-plugins/vp-proxy-directus.php on line 681
[08-Mar-2026 10:13:58 UTC] PHP Parse error:  Unmatched '}' in /var/www/html/wp-content/mu-plugins/vp-proxy-directus.php on line 681
[08-Mar-2026 10:13:59 UTC] PHP Parse error:  Unmatched '}' in /var/www/html/wp-content/mu-plugins/vp-proxy-directus.php on line 681
[08-Mar-2026 10:14:00 UTC] PHP Parse error:  Unmatched '}' in /var/www/html/wp-content/mu-plugins/vp-proxy-directus.php on line 681
[08-Mar-2026 10:14:03 UTC] PHP Parse error:  Unmatched '}' in /var/www/html/wp-content/mu-plugins/vp-proxy-directus.php on line 681
[08-Mar-2026 10:14:04 UTC] PHP Parse error:  Unmatched '}' in /var/www/html/wp-content/mu-plugins/vp-proxy-directus.php on line 681
[08-Mar-2026 10:14:05 UTC] PHP Parse error:  Unmatched '}' in /var/www/html/wp-content/mu-plugins/vp-proxy-directus.php on line 681
[08-Mar-2026 10:14:06 UTC] PHP Parse error:  Unmatched '}' in /var/www/html/wp-content/mu-plugins/vp-proxy-directus.php on line 681
[08-Mar-2026 10:14:07 UTC] PHP Parse error:  Unmatched '}' in /var/www/html/wp-content/mu-plugins/vp-proxy-directus.php on line 681
[08-Mar-2026 10:14:08 UTC] PHP Parse error:  Unmatched '}' in /var/www/html/wp-content/mu-plugins/vp-proxy-directus.php on line 681
[08-Mar-2026 10:14:09 UTC] PHP Parse error:  Unmatched '}' in /var/www/html/wp-content/mu-plugins/vp-proxy-directus.php on line 681
[08-Mar-2026 10:14:41 UTC] PHP Parse error:  Unmatched '}' in /var/www/html/wp-content/mu-plugins/vp-proxy-directus.php on line 681
[08-Mar-2026 10:14:42 UTC] PHP Parse error:  Unmatched '}' in /var/www/html/wp-content/mu-plugins/vp-proxy-directus.php on line 681
[08-Mar-2026 10:14:43 UTC] PHP Parse error:  Unmatched '}' in /var/www/html/wp-content/mu-plugins/vp-proxy-directus.php on line 681
[08-Mar-2026 10:14:44 UTC] PHP Parse error:  Unmatched '}' in /var/www/html/wp-content/mu-plugins/vp-proxy-directus.php on line 681
[08-Mar-2026 10:14:45 UTC] PHP Parse error:  Unmatched '}' in /var/www/html/wp-content/mu-plugins/vp-proxy-directus.php on line 681
[08-Mar-2026 10:14:46 UTC] PHP Parse error:  Unmatched '}' in /var/www/html/wp-content/mu-plugins/vp-proxy-directus.php on line 681
[08-Mar-2026 10:14:51 UTC] PHP Parse error:  Unmatched '}' in /var/www/html/wp-content/mu-plugins/vp-proxy-directus.php on line 681
[08-Mar-2026 10:15:25 UTC] PHP Parse error:  Unmatched '}' in /var/www/html/wp-content/mu-plugins/vp-proxy-directus.php on line 681
[08-Mar-2026 10:15:25 UTC] PHP Parse error:  Unmatched '}' in /var/www/html/wp-content/mu-plugins/vp-proxy-directus.php on line 681
[08-Mar-2026 10:15:35 UTC] PHP Parse error:  Unmatched '}' in /var/www/html/wp-content/mu-plugins/vp-proxy-directus.php on line 681
[08-Mar-2026 10:15:37 UTC] PHP Parse error:  Unmatched '}' in /var/www/html/wp-content/mu-plugins/vp-proxy-directus.php on line 681
[08-Mar-2026 10:16:12 UTC] PHP Parse error:  Unmatched '}' in /var/www/html/wp-content/mu-plugins/vp-proxy-directus.php on line 681
[08-Mar-2026 10:16:12 UTC] PHP Parse error:  Unmatched '}' in /var/www/html/wp-content/mu-plugins/vp-proxy-directus.php on line 681
[08-Mar-2026 10:16:19 UTC] PHP Parse error:  Unmatched '}' in /var/www/html/wp-content/mu-plugins/vp-proxy-directus.php on line 681
[08-Mar-2026 10:16:23 UTC] PHP Parse error:  Unmatched '}' in /var/www/html/wp-content/mu-plugins/vp-proxy-directus.php on line 681
[08-Mar-2026 10:16:24 UTC] PHP Parse error:  Unmatched '}' in /var/www/html/wp-content/mu-plugins/vp-proxy-directus.php on line 681
[08-Mar-2026 10:16:30 UTC] PHP Parse error:  Unmatched '}' in /var/www/html/wp-content/mu-plugins/vp-proxy-directus.php on line 681
[08-Mar-2026 10:16:31 UTC] PHP Parse error:  Unmatched '}' in /var/www/html/wp-content/mu-plugins/vp-proxy-directus.php on line 681
[08-Mar-2026 10:16:43 UTC] PHP Parse error:  Unmatched '}' in /var/www/html/wp-content/mu-plugins/vp-proxy-directus.php on line 681
[08-Mar-2026 10:16:44 UTC] PHP Parse error:  Unmatched '}' in /var/www/html/wp-content/mu-plugins/vp-proxy-directus.php on line 681
[08-Mar-2026 10:16:44 UTC] PHP Parse error:  Unmatched '}' in /var/www/html/wp-content/mu-plugins/vp-proxy-directus.php on line 681
[08-Mar-2026 10:16:46 UTC] PHP Parse error:  Unmatched '}' in /var/www/html/wp-content/mu-plugins/vp-proxy-directus.php on line 681
[08-Mar-2026 10:16:50 UTC] PHP Parse error:  Unmatched '}' in /var/www/html/wp-content/mu-plugins/vp-proxy-directus.php on line 681
[08-Mar-2026 10:16:52 UTC] PHP Parse error:  Unmatched '}' in /var/www/html/wp-content/mu-plugins/vp-proxy-directus.php on line 681
[08-Mar-2026 10:16:53 UTC] PHP Parse error:  Unmatched '}' in /var/www/html/wp-content/mu-plugins/vp-proxy-directus.php on line 681
[08-Mar-2026 10:16:56 UTC] PHP Parse error:  Unmatched '}' in /var/www/html/wp-content/mu-plugins/vp-proxy-directus.php on line 681
[08-Mar-2026 10:16:59 UTC] PHP Parse error:  Unmatched '}' in /var/www/html/wp-content/mu-plugins/vp-proxy-directus.php on line 681
[08-Mar-2026 10:17:00 UTC] PHP Parse error:  Unmatched '}' in /var/www/html/wp-content/mu-plugins/vp-proxy-directus.php on line 681
[08-Mar-2026 10:17:01 UTC] PHP Parse error:  Unmatched '}' in /var/www/html/wp-content/mu-plugins/vp-proxy-directus.php on line 681
[08-Mar-2026 10:17:02 UTC] PHP Parse error:  Unmatched '}' in /var/www/html/wp-content/mu-plugins/vp-proxy-directus.php on line 681
[08-Mar-2026 10:17:03 UTC] PHP Parse error:  Unmatched '}' in /var/www/html/wp-content/mu-plugins/vp-proxy-directus.php on line 681
[08-Mar-2026 10:17:05 UTC] PHP Parse error:  Unmatched '}' in /var/www/html/wp-content/mu-plugins/vp-proxy-directus.php on line 681
[08-Mar-2026 10:17:06 UTC] PHP Parse error:  Unmatched '}' in /var/www/html/wp-content/mu-plugins/vp-proxy-directus.php on line 681
[08-Mar-2026 10:17:07 UTC] PHP Parse error:  Unmatched '}' in /var/www/html/wp-content/mu-plugins/vp-proxy-directus.php on line 681
[08-Mar-2026 10:17:19 UTC] PHP Parse error:  Unmatched '}' in /var/www/html/wp-content/mu-plugins/vp-proxy-directus.php on line 681
[08-Mar-2026 10:17:20 UTC] PHP Parse error:  Unmatched '}' in /var/www/html/wp-content/mu-plugins/vp-proxy-directus.php on line 681
[08-Mar-2026 10:17:21 UTC] PHP Parse error:  Unmatched '}' in /var/www/html/wp-content/mu-plugins/vp-proxy-directus.php on line 681
[08-Mar-2026 10:17:22 UTC] PHP Parse error:  Unmatched '}' in /var/www/html/wp-content/mu-plugins/vp-proxy-directus.php on line 681
[08-Mar-2026 10:17:33 UTC] PHP Parse error:  Unmatched '}' in /var/www/html/wp-content/mu-plugins/vp-proxy-directus.php on line 681
[08-Mar-2026 10:17:34 UTC] PHP Parse error:  Unmatched '}' in /var/www/html/wp-content/mu-plugins/vp-proxy-directus.php on line 681
[08-Mar-2026 10:17:46 UTC] PHP Parse error:  Unmatched '}' in /var/www/html/wp-content/mu-plugins/vp-proxy-directus.php on line 681
[08-Mar-2026 10:18:17 UTC] PHP Parse error:  Unmatched '}' in /var/www/html/wp-content/mu-plugins/vp-proxy-directus.php on line 681
[08-Mar-2026 10:18:18 UTC] PHP Parse error:  Unmatched '}' in /var/www/html/wp-content/mu-plugins/vp-proxy-directus.php on line 681
[08-Mar-2026 10:18:20 UTC] PHP Parse error:  Unmatched '}' in /var/www/html/wp-content/mu-plugins/vp-proxy-directus.php on line 681
[08-Mar-2026 10:18:21 UTC] PHP Parse error:  Unmatched '}' in /var/www/html/wp-content/mu-plugins/vp-proxy-directus.php on line 681
[08-Mar-2026 10:18:22 UTC] PHP Parse error:  Unmatched '}' in /var/www/html/wp-content/mu-plugins/vp-proxy-directus.php on line 681
[08-Mar-2026 10:18:23 UTC] PHP Parse error:  Unmatched '}' in /var/www/html/wp-content/mu-plugins/vp-proxy-directus.php on line 681
[08-Mar-2026 10:18:23 UTC] PHP Parse error:  Unmatched '}' in /var/www/html/wp-content/mu-plugins/vp-proxy-directus.php on line 681
[08-Mar-2026 10:18:25 UTC] PHP Parse error:  Unmatched '}' in /var/www/html/wp-content/mu-plugins/vp-proxy-directus.php on line 681
[08-Mar-2026 10:18:26 UTC] PHP Parse error:  Unmatched '}' in /var/www/html/wp-content/mu-plugins/vp-proxy-directus.php on line 681
[08-Mar-2026 10:18:28 UTC] PHP Parse error:  Unmatched '}' in /var/www/html/wp-content/mu-plugins/vp-proxy-directus.php on line 681
[08-Mar-2026 10:18:29 UTC] PHP Parse error:  Unmatched '}' in /var/www/html/wp-content/mu-plugins/vp-proxy-directus.php on line 681
[08-Mar-2026 10:18:41 UTC] PHP Parse error:  Unmatched '}' in /var/www/html/wp-content/mu-plugins/vp-proxy-directus.php on line 681
[08-Mar-2026 10:18:49 UTC] PHP Parse error:  Unmatched '}' in /var/www/html/wp-content/mu-plugins/vp-proxy-directus.php on line 681
[08-Mar-2026 10:18:53 UTC] PHP Parse error:  Unmatched '}' in /var/www/html/wp-content/mu-plugins/vp-proxy-directus.php on line 681
[08-Mar-2026 10:19:09 UTC] PHP Parse error:  Unmatched '}' in /var/www/html/wp-content/mu-plugins/vp-proxy-directus.php on line 681
[08-Mar-2026 10:19:24 UTC] PHP Parse error:  Unmatched '}' in /var/www/html/wp-content/mu-plugins/vp-proxy-directus.php on line 681
[08-Mar-2026 10:19:24 UTC] PHP Parse error:  Unmatched '}' in /var/www/html/wp-content/mu-plugins/vp-proxy-directus.php on line 681
[08-Mar-2026 10:19:25 UTC] PHP Parse error:  Unmatched '}' in /var/www/html/wp-content/mu-plugins/vp-proxy-directus.php on line 681
[08-Mar-2026 10:19:28 UTC] PHP Parse error:  Unmatched '}' in /var/www/html/wp-content/mu-plugins/vp-proxy-directus.php on line 681
[08-Mar-2026 10:19:29 UTC] PHP Parse error:  Unmatched '}' in /var/www/html/wp-content/mu-plugins/vp-proxy-directus.php on line 681
[08-Mar-2026 10:19:29 UTC] PHP Parse error:  Unmatched '}' in /var/www/html/wp-content/mu-plugins/vp-proxy-directus.php on line 681
[08-Mar-2026 10:19:30 UTC] PHP Parse error:  Unmatched '}' in /var/www/html/wp-content/mu-plugins/vp-proxy-directus.php on line 681
[08-Mar-2026 10:19:32 UTC] PHP Parse error:  Unmatched '}' in /var/www/html/wp-content/mu-plugins/vp-proxy-directus.php on line 681
[08-Mar-2026 10:19:33 UTC] PHP Parse error:  Unmatched '}' in /var/www/html/wp-content/mu-plugins/vp-proxy-directus.php on line 681
[08-Mar-2026 10:19:34 UTC] PHP Parse error:  Unmatched '}' in /var/www/html/wp-content/mu-plugins/vp-proxy-directus.php on line 681
[08-Mar-2026 10:19:36 UTC] PHP Parse error:  Unmatched '}' in /var/www/html/wp-content/mu-plugins/vp-proxy-directus.php on line 681
[08-Mar-2026 10:19:37 UTC] PHP Parse error:  Unmatched '}' in /var/www/html/wp-content/mu-plugins/vp-proxy-directus.php on line 681
[08-Mar-2026 10:19:37 UTC] PHP Parse error:  Unmatched '}' in /var/www/html/wp-content/mu-plugins/vp-proxy-directus.php on line 681
[08-Mar-2026 10:19:41 UTC] PHP Parse error:  Unmatched '}' in /var/www/html/wp-content/mu-plugins/vp-proxy-directus.php on line 681
[08-Mar-2026 10:19:53 UTC] PHP Parse error:  Unmatched '}' in /var/www/html/wp-content/mu-plugins/vp-proxy-directus.php on line 681
[08-Mar-2026 10:19:53 UTC] PHP Parse error:  Unmatched '}' in /var/www/html/wp-content/mu-plugins/vp-proxy-directus.php on line 681
[08-Mar-2026 10:19:55 UTC] PHP Parse error:  Unmatched '}' in /var/www/html/wp-content/mu-plugins/vp-proxy-directus.php on line 681
[08-Mar-2026 10:19:56 UTC] PHP Parse error:  Unmatched '}' in /var/www/html/wp-content/mu-plugins/vp-proxy-directus.php on line 681
[08-Mar-2026 10:19:56 UTC] PHP Parse error:  Unmatched '}' in /var/www/html/wp-content/mu-plugins/vp-proxy-directus.php on line 681
[08-Mar-2026 10:19:58 UTC] PHP Parse error:  Unmatched '}' in /var/www/html/wp-content/mu-plugins/vp-proxy-directus.php on line 681
[08-Mar-2026 10:20:09 UTC] PHP Parse error:  Unmatched '}' in /var/www/html/wp-content/mu-plugins/vp-proxy-directus.php on line 681
[08-Mar-2026 10:20:11 UTC] PHP Parse error:  Unmatched '}' in /var/www/html/wp-content/mu-plugins/vp-proxy-directus.php on line 681
[08-Mar-2026 10:20:11 UTC] PHP Parse error:  Unmatched '}' in /var/www/html/wp-content/mu-plugins/vp-proxy-directus.php on line 681
[08-Mar-2026 10:20:12 UTC] PHP Parse error:  Unmatched '}' in /var/www/html/wp-content/mu-plugins/vp-proxy-directus.php on line 681
[08-Mar-2026 10:20:13 UTC] PHP Parse error:  Unmatched '}' in /var/www/html/wp-content/mu-plugins/vp-proxy-directus.php on line 681
[08-Mar-2026 10:20:14 UTC] PHP Parse error:  Unmatched '}' in /var/www/html/wp-content/mu-plugins/vp-proxy-directus.php on line 681
[08-Mar-2026 10:20:15 UTC] PHP Parse error:  Unmatched '}' in /var/www/html/wp-content/mu-plugins/vp-proxy-directus.php on line 681
[08-Mar-2026 10:20:16 UTC] PHP Parse error:  Unmatched '}' in /var/www/html/wp-content/mu-plugins/vp-proxy-directus.php on line 681
[08-Mar-2026 10:20:16 UTC] PHP Parse error:  Unmatched '}' in /var/www/html/wp-content/mu-plugins/vp-proxy-directus.php on line 681
[08-Mar-2026 10:20:17 UTC] PHP Parse error:  Unmatched '}' in /var/www/html/wp-content/mu-plugins/vp-proxy-directus.php on line 681
[08-Mar-2026 10:20:27 UTC] PHP Parse error:  Unmatched '}' in /var/www/html/wp-content/mu-plugins/vp-proxy-directus.php on line 681
[08-Mar-2026 10:20:28 UTC] PHP Parse error:  Unmatched '}' in /var/www/html/wp-content/mu-plugins/vp-proxy-directus.php on line 681
[08-Mar-2026 10:20:30 UTC] PHP Parse error:  Unmatched '}' in /var/www/html/wp-content/mu-plugins/vp-proxy-directus.php on line 681
[08-Mar-2026 10:20:58 UTC] PHP Parse error:  Unmatched '}' in /var/www/html/wp-content/mu-plugins/vp-proxy-directus.php on line 681
[08-Mar-2026 10:21:00 UTC] PHP Parse error:  Unmatched '}' in /var/www/html/wp-content/mu-plugins/vp-proxy-directus.php on line 681
[08-Mar-2026 10:21:02 UTC] PHP Parse error:  Unmatched '}' in /var/www/html/wp-content/mu-plugins/vp-proxy-directus.php on line 681
[08-Mar-2026 10:21:03 UTC] PHP Parse error:  Unmatched '}' in /var/www/html/wp-content/mu-plugins/vp-proxy-directus.php on line 681
[08-Mar-2026 10:21:03 UTC] PHP Parse error:  Unmatched '}' in /var/www/html/wp-content/mu-plugins/vp-proxy-directus.php on line 681
[08-Mar-2026 10:21:04 UTC] PHP Parse error:  Unmatched '}' in /var/www/html/wp-content/mu-plugins/vp-proxy-directus.php on line 681
[08-Mar-2026 10:21:05 UTC] PHP Parse error:  Unmatched '}' in /var/www/html/wp-content/mu-plugins/vp-proxy-directus.php on line 681
[08-Mar-2026 10:21:06 UTC] PHP Parse error:  Unmatched '}' in /var/www/html/wp-content/mu-plugins/vp-proxy-directus.php on line 681
[08-Mar-2026 10:21:12 UTC] PHP Parse error:  Unmatched '}' in /var/www/html/wp-content/mu-plugins/vp-proxy-directus.php on line 681
[08-Mar-2026 10:21:30 UTC] PHP Parse error:  Unmatched '}' in /var/www/html/wp-content/mu-plugins/vp-proxy-directus.php on line 681
[08-Mar-2026 10:21:39 UTC] PHP Parse error:  Unmatched '}' in /var/www/html/wp-content/mu-plugins/vp-proxy-directus.php on line 681
[08-Mar-2026 10:21:43 UTC] PHP Parse error:  Unmatched '}' in /var/www/html/wp-content/mu-plugins/vp-proxy-directus.php on line 681
[08-Mar-2026 10:21:45 UTC] PHP Parse error:  Unmatched '}' in /var/www/html/wp-content/mu-plugins/vp-proxy-directus.php on line 681
[08-Mar-2026 10:21:46 UTC] PHP Parse error:  Unmatched '}' in /var/www/html/wp-content/mu-plugins/vp-proxy-directus.php on line 681
[08-Mar-2026 10:21:50 UTC] PHP Parse error:  Unmatched '}' in /var/www/html/wp-content/mu-plugins/vp-proxy-directus.php on line 681
[08-Mar-2026 10:21:55 UTC] PHP Parse error:  Unmatched '}' in /var/www/html/wp-content/mu-plugins/vp-proxy-directus.php on line 681
[08-Mar-2026 10:22:08 UTC] PHP Parse error:  Unmatched '}' in /var/www/html/wp-content/mu-plugins/vp-proxy-directus.php on line 681
[08-Mar-2026 10:22:09 UTC] PHP Parse error:  Unmatched '}' in /var/www/html/wp-content/mu-plugins/vp-proxy-directus.php on line 681
[08-Mar-2026 10:22:10 UTC] PHP Parse error:  Unmatched '}' in /var/www/html/wp-content/mu-plugins/vp-proxy-directus.php on line 681
[08-Mar-2026 10:22:12 UTC] PHP Parse error:  Unmatched '}' in /var/www/html/wp-content/mu-plugins/vp-proxy-directus.php on line 681
[08-Mar-2026 10:22:29 UTC] PHP Parse error:  Unmatched '}' in /var/www/html/wp-content/mu-plugins/vp-proxy-directus.php on line 681
[08-Mar-2026 10:22:43 UTC] PHP Parse error:  Unmatched '}' in /var/www/html/wp-content/mu-plugins/vp-proxy-directus.php on line 681
[08-Mar-2026 10:22:45 UTC] PHP Parse error:  Unmatched '}' in /var/www/html/wp-content/mu-plugins/vp-proxy-directus.php on line 681
[08-Mar-2026 10:22:46 UTC] PHP Parse error:  Unmatched '}' in /var/www/html/wp-content/mu-plugins/vp-proxy-directus.php on line 681
[08-Mar-2026 10:22:48 UTC] PHP Parse error:  Unmatched '}' in /var/www/html/wp-content/mu-plugins/vp-proxy-directus.php on line 681
[08-Mar-2026 10:22:49 UTC] PHP Parse error:  Unmatched '}' in /var/www/html/wp-content/mu-plugins/vp-proxy-directus.php on line 681
[08-Mar-2026 10:22:49 UTC] PHP Parse error:  Unmatched '}' in /var/www/html/wp-content/mu-plugins/vp-proxy-directus.php on line 681
[08-Mar-2026 10:23:14 UTC] PHP Parse error:  Unmatched '}' in /var/www/html/wp-content/mu-plugins/vp-proxy-directus.php on line 681
[08-Mar-2026 10:23:21 UTC] PHP Parse error:  Unmatched '}' in /var/www/html/wp-content/mu-plugins/vp-proxy-directus.php on line 681
[08-Mar-2026 10:23:22 UTC] PHP Parse error:  Unmatched '}' in /var/www/html/wp-content/mu-plugins/vp-proxy-directus.php on line 681
[08-Mar-2026 10:23:23 UTC] PHP Parse error:  Unmatched '}' in /var/www/html/wp-content/mu-plugins/vp-proxy-directus.php on line 681
[08-Mar-2026 10:23:24 UTC] PHP Parse error:  Unmatched '}' in /var/www/html/wp-content/mu-plugins/vp-proxy-directus.php on line 681
[08-Mar-2026 10:23:24 UTC] PHP Parse error:  Unmatched '}' in /var/www/html/wp-content/mu-plugins/vp-proxy-directus.php on line 681
[08-Mar-2026 10:23:25 UTC] PHP Parse error:  Unmatched '}' in /var/www/html/wp-content/mu-plugins/vp-proxy-directus.php on line 681
[08-Mar-2026 10:23:26 UTC] PHP Parse error:  Unmatched '}' in /var/www/html/wp-content/mu-plugins/vp-proxy-directus.php on line 681
[08-Mar-2026 10:23:27 UTC] PHP Parse error:  Unmatched '}' in /var/www/html/wp-content/mu-plugins/vp-proxy-directus.php on line 681
[08-Mar-2026 10:23:58 UTC] PHP Parse error:  Unmatched '}' in /var/www/html/wp-content/mu-plugins/vp-proxy-directus.php on line 681
[08-Mar-2026 10:24:15 UTC] PHP Parse error:  Unmatched '}' in /var/www/html/wp-content/mu-plugins/vp-proxy-directus.php on line 681
[08-Mar-2026 10:24:19 UTC] PHP Parse error:  Unmatched '}' in /var/www/html/wp-content/mu-plugins/vp-proxy-directus.php on line 681
[08-Mar-2026 10:24:20 UTC] PHP Parse error:  Unmatched '}' in /var/www/html/wp-content/mu-plugins/vp-proxy-directus.php on line 681
[08-Mar-2026 10:24:22 UTC] PHP Parse error:  Unmatched '}' in /var/www/html/wp-content/mu-plugins/vp-proxy-directus.php on line 681
[08-Mar-2026 10:24:23 UTC] PHP Parse error:  Unmatched '}' in /var/www/html/wp-content/mu-plugins/vp-proxy-directus.php on line 681
[08-Mar-2026 10:24:24 UTC] PHP Parse error:  Unmatched '}' in /var/www/html/wp-content/mu-plugins/vp-proxy-directus.php on line 681
[08-Mar-2026 10:24:32 UTC] PHP Parse error:  Unmatched '}' in /var/www/html/wp-content/mu-plugins/vp-proxy-directus.php on line 681
[08-Mar-2026 10:24:45 UTC] PHP Parse error:  Unmatched '}' in /var/www/html/wp-content/mu-plugins/vp-proxy-directus.php on line 681
[08-Mar-2026 10:24:46 UTC] PHP Parse error:  Unmatched '}' in /var/www/html/wp-content/mu-plugins/vp-proxy-directus.php on line 681
[08-Mar-2026 10:24:48 UTC] PHP Parse error:  Unmatched '}' in /var/www/html/wp-content/mu-plugins/vp-proxy-directus.php on line 681
[08-Mar-2026 10:24:49 UTC] PHP Parse error:  Unmatched '}' in /var/www/html/wp-content/mu-plugins/vp-proxy-directus.php on line 681
[08-Mar-2026 10:24:50 UTC] PHP Parse error:  Unmatched '}' in /var/www/html/wp-content/mu-plugins/vp-proxy-directus.php on line 681
[08-Mar-2026 10:24:51 UTC] PHP Parse error:  Unmatched '}' in /var/www/html/wp-content/mu-plugins/vp-proxy-directus.php on line 681
[08-Mar-2026 10:24:52 UTC] PHP Parse error:  Unmatched '}' in /var/www/html/wp-content/mu-plugins/vp-proxy-directus.php on line 681
[08-Mar-2026 10:25:12 UTC] PHP Parse error:  Unmatched '}' in /var/www/html/wp-content/mu-plugins/vp-proxy-directus.php on line 681
[08-Mar-2026 10:25:17 UTC] PHP Parse error:  Unmatched '}' in /var/www/html/wp-content/mu-plugins/vp-proxy-directus.php on line 681
[08-Mar-2026 10:25:18 UTC] PHP Parse error:  Unmatched '}' in /var/www/html/wp-content/mu-plugins/vp-proxy-directus.php on line 681
[08-Mar-2026 10:25:25 UTC] PHP Parse error:  Unmatched '}' in /var/www/html/wp-content/mu-plugins/vp-proxy-directus.php on line 681
[08-Mar-2026 10:25:28 UTC] PHP Parse error:  Unmatched '}' in /var/www/html/wp-content/mu-plugins/vp-proxy-directus.php on line 681
[08-Mar-2026 10:25:29 UTC] PHP Parse error:  Unmatched '}' in /var/www/html/wp-content/mu-plugins/vp-proxy-directus.php on line 681
[08-Mar-2026 10:25:31 UTC] PHP Parse error:  Unmatched '}' in /var/www/html/wp-content/mu-plugins/vp-proxy-directus.php on line 681
[08-Mar-2026 10:25:44 UTC] PHP Parse error:  Unmatched '}' in /var/www/html/wp-content/mu-plugins/vp-proxy-directus.php on line 681
[08-Mar-2026 10:25:55 UTC] PHP Parse error:  Unmatched '}' in /var/www/html/wp-content/mu-plugins/vp-proxy-directus.php on line 681
[08-Mar-2026 10:26:02 UTC] PHP Parse error:  Unmatched '}' in /var/www/html/wp-content/mu-plugins/vp-proxy-directus.php on line 681
[08-Mar-2026 10:26:12 UTC] PHP Parse error:  Unmatched '}' in /var/www/html/wp-content/mu-plugins/vp-proxy-directus.php on line 681
[08-Mar-2026 10:26:14 UTC] PHP Parse error:  Unmatched '}' in /var/www/html/wp-content/mu-plugins/vp-proxy-directus.php on line 681
[08-Mar-2026 10:26:16 UTC] PHP Parse error:  Unmatched '}' in /var/www/html/wp-content/mu-plugins/vp-proxy-directus.php on line 681
[08-Mar-2026 10:26:17 UTC] PHP Parse error:  Unmatched '}' in /var/www/html/wp-content/mu-plugins/vp-proxy-directus.php on line 681
[08-Mar-2026 10:26:22 UTC] PHP Parse error:  Unmatched '}' in /var/www/html/wp-content/mu-plugins/vp-proxy-directus.php on line 681
[08-Mar-2026 10:26:23 UTC] PHP Parse error:  Unmatched '}' in /var/www/html/wp-content/mu-plugins/vp-proxy-directus.php on line 681
[08-Mar-2026 10:26:25 UTC] PHP Parse error:  Unmatched '}' in /var/www/html/wp-content/mu-plugins/vp-proxy-directus.php on line 681
[08-Mar-2026 10:26:27 UTC] PHP Parse error:  Unmatched '}' in /var/www/html/wp-content/mu-plugins/vp-proxy-directus.php on line 681
[08-Mar-2026 10:26:28 UTC] PHP Parse error:  Unmatched '}' in /var/www/html/wp-content/mu-plugins/vp-proxy-directus.php on line 681
[08-Mar-2026 10:26:29 UTC] PHP Parse error:  Unmatched '}' in /var/www/html/wp-content/mu-plugins/vp-proxy-directus.php on line 681
[08-Mar-2026 10:26:30 UTC] PHP Parse error:  Unmatched '}' in /var/www/html/wp-content/mu-plugins/vp-proxy-directus.php on line 681
[08-Mar-2026 10:26:31 UTC] PHP Parse error:  Unmatched '}' in /var/www/html/wp-content/mu-plugins/vp-proxy-directus.php on line 681
[08-Mar-2026 10:26:32 UTC] PHP Parse error:  Unmatched '}' in /var/www/html/wp-content/mu-plugins/vp-proxy-directus.php on line 681
[08-Mar-2026 10:26:38 UTC] PHP Parse error:  Unmatched '}' in /var/www/html/wp-content/mu-plugins/vp-proxy-directus.php on line 681
[08-Mar-2026 10:26:41 UTC] PHP Parse error:  Unmatched '}' in /var/www/html/wp-content/mu-plugins/vp-proxy-directus.php on line 681
[08-Mar-2026 10:26:42 UTC] PHP Parse error:  Unmatched '}' in /var/www/html/wp-content/mu-plugins/vp-proxy-directus.php on line 681
[08-Mar-2026 10:26:43 UTC] PHP Parse error:  Unmatched '}' in /var/www/html/wp-content/mu-plugins/vp-proxy-directus.php on line 681
[08-Mar-2026 10:26:45 UTC] PHP Parse error:  Unmatched '}' in /var/www/html/wp-content/mu-plugins/vp-proxy-directus.php on line 681
[08-Mar-2026 10:26:46 UTC] PHP Parse error:  Unmatched '}' in /var/www/html/wp-content/mu-plugins/vp-proxy-directus.php on line 681
[08-Mar-2026 10:26:46 UTC] PHP Parse error:  Unmatched '}' in /var/www/html/wp-content/mu-plugins/vp-proxy-directus.php on line 681
[08-Mar-2026 10:26:49 UTC] PHP Parse error:  Unmatched '}' in /var/www/html/wp-content/mu-plugins/vp-proxy-directus.php on line 681
[08-Mar-2026 10:26:50 UTC] PHP Parse error:  Unmatched '}' in /var/www/html/wp-content/mu-plugins/vp-proxy-directus.php on line 681
[08-Mar-2026 10:26:51 UTC] PHP Parse error:  Unmatched '}' in /var/www/html/wp-content/mu-plugins/vp-proxy-directus.php on line 681
[08-Mar-2026 10:26:53 UTC] PHP Parse error:  Unmatched '}' in /var/www/html/wp-content/mu-plugins/vp-proxy-directus.php on line 681
[08-Mar-2026 10:26:54 UTC] PHP Parse error:  Unmatched '}' in /var/www/html/wp-content/mu-plugins/vp-proxy-directus.php on line 681
[08-Mar-2026 10:26:55 UTC] PHP Parse error:  Unmatched '}' in /var/www/html/wp-content/mu-plugins/vp-proxy-directus.php on line 681
[08-Mar-2026 10:27:06 UTC] PHP Parse error:  Unmatched '}' in /var/www/html/wp-content/mu-plugins/vp-proxy-directus.php on line 681
[08-Mar-2026 10:27:15 UTC] PHP Parse error:  Unmatched '}' in /var/www/html/wp-content/mu-plugins/vp-proxy-directus.php on line 681
[08-Mar-2026 10:27:20 UTC] PHP Parse error:  Unmatched '}' in /var/www/html/wp-content/mu-plugins/vp-proxy-directus.php on line 681
[08-Mar-2026 10:27:49 UTC] PHP Parse error:  Unmatched '}' in /var/www/html/wp-content/mu-plugins/vp-proxy-directus.php on line 681
[08-Mar-2026 10:27:51 UTC] PHP Parse error:  Unmatched '}' in /var/www/html/wp-content/mu-plugins/vp-proxy-directus.php on line 681
[08-Mar-2026 10:27:52 UTC] PHP Parse error:  Unmatched '}' in /var/www/html/wp-content/mu-plugins/vp-proxy-directus.php on line 681
[08-Mar-2026 10:27:55 UTC] PHP Parse error:  Unmatched '}' in /var/www/html/wp-content/mu-plugins/vp-proxy-directus.php on line 681
[08-Mar-2026 10:27:57 UTC] PHP Parse error:  Unmatched '}' in /var/www/html/wp-content/mu-plugins/vp-proxy-directus.php on line 681
[08-Mar-2026 10:27:58 UTC] PHP Parse error:  Unmatched '}' in /var/www/html/wp-content/mu-plugins/vp-proxy-directus.php on line 681
[08-Mar-2026 10:27:59 UTC] PHP Parse error:  Unmatched '}' in /var/www/html/wp-content/mu-plugins/vp-proxy-directus.php on line 681
[08-Mar-2026 10:28:04 UTC] PHP Parse error:  Unmatched '}' in /var/www/html/wp-content/mu-plugins/vp-proxy-directus.php on line 681
[08-Mar-2026 10:28:06 UTC] PHP Parse error:  Unmatched '}' in /var/www/html/wp-content/mu-plugins/vp-proxy-directus.php on line 681
[08-Mar-2026 10:28:07 UTC] PHP Parse error:  Unmatched '}' in /var/www/html/wp-content/mu-plugins/vp-proxy-directus.php on line 681
[08-Mar-2026 10:28:08 UTC] PHP Parse error:  Unmatched '}' in /var/www/html/wp-content/mu-plugins/vp-proxy-directus.php on line 681
[08-Mar-2026 10:28:10 UTC] PHP Parse error:  Unmatched '}' in /var/www/html/wp-content/mu-plugins/vp-proxy-directus.php on line 681
[08-Mar-2026 10:28:11 UTC] PHP Parse error:  Unmatched '}' in /var/www/html/wp-content/mu-plugins/vp-proxy-directus.php on line 681
[08-Mar-2026 10:28:12 UTC] PHP Parse error:  Unmatched '}' in /var/www/html/wp-content/mu-plugins/vp-proxy-directus.php on line 681
[08-Mar-2026 10:28:14 UTC] PHP Parse error:  Unmatched '}' in /var/www/html/wp-content/mu-plugins/vp-proxy-directus.php on line 681
[08-Mar-2026 10:28:15 UTC] PHP Parse error:  Unmatched '}' in /var/www/html/wp-content/mu-plugins/vp-proxy-directus.php on line 681
[08-Mar-2026 10:28:18 UTC] PHP Parse error:  Unmatched '}' in /var/www/html/wp-content/mu-plugins/vp-proxy-directus.php on line 681
[08-Mar-2026 10:28:33 UTC] PHP Parse error:  Unmatched '}' in /var/www/html/wp-content/mu-plugins/vp-proxy-directus.php on line 681
[08-Mar-2026 10:28:33 UTC] PHP Parse error:  Unmatched '}' in /var/www/html/wp-content/mu-plugins/vp-proxy-directus.php on line 681
[08-Mar-2026 10:28:51 UTC] PHP Parse error:  Unmatched '}' in /var/www/html/wp-content/mu-plugins/vp-proxy-directus.php on line 681
[08-Mar-2026 10:28:54 UTC] PHP Parse error:  Unmatched '}' in /var/www/html/wp-content/mu-plugins/vp-proxy-directus.php on line 681
[08-Mar-2026 10:28:58 UTC] PHP Parse error:  Unmatched '}' in /var/www/html/wp-content/mu-plugins/vp-proxy-directus.php on line 681
[08-Mar-2026 10:28:59 UTC] PHP Parse error:  Unmatched '}' in /var/www/html/wp-content/mu-plugins/vp-proxy-directus.php on line 681
[08-Mar-2026 10:29:01 UTC] PHP Parse error:  Unmatched '}' in /var/www/html/wp-content/mu-plugins/vp-proxy-directus.php on line 681
[08-Mar-2026 10:29:02 UTC] PHP Parse error:  Unmatched '}' in /var/www/html/wp-content/mu-plugins/vp-proxy-directus.php on line 681
[08-Mar-2026 10:29:03 UTC] PHP Parse error:  Unmatched '}' in /var/www/html/wp-content/mu-plugins/vp-proxy-directus.php on line 681
[08-Mar-2026 10:29:04 UTC] PHP Parse error:  Unmatched '}' in /var/www/html/wp-content/mu-plugins/vp-proxy-directus.php on line 681
[08-Mar-2026 10:29:05 UTC] PHP Parse error:  Unmatched '}' in /var/www/html/wp-content/mu-plugins/vp-proxy-directus.php on line 681
[08-Mar-2026 10:29:06 UTC] PHP Parse error:  Unmatched '}' in /var/www/html/wp-content/mu-plugins/vp-proxy-directus.php on line 681
[08-Mar-2026 10:29:07 UTC] PHP Parse error:  Unmatched '}' in /var/www/html/wp-content/mu-plugins/vp-proxy-directus.php on line 681
[08-Mar-2026 10:29:08 UTC] PHP Parse error:  Unmatched '}' in /var/www/html/wp-content/mu-plugins/vp-proxy-directus.php on line 681
[08-Mar-2026 10:29:10 UTC] PHP Parse error:  Unmatched '}' in /var/www/html/wp-content/mu-plugins/vp-proxy-directus.php on line 681
[08-Mar-2026 10:29:11 UTC] PHP Parse error:  Unmatched '}' in /var/www/html/wp-content/mu-plugins/vp-proxy-directus.php on line 681
[08-Mar-2026 10:29:23 UTC] PHP Parse error:  Unmatched '}' in /var/www/html/wp-content/mu-plugins/vp-proxy-directus.php on line 681
[08-Mar-2026 10:29:23 UTC] PHP Parse error:  Unmatched '}' in /var/www/html/wp-content/mu-plugins/vp-proxy-directus.php on line 681
[08-Mar-2026 10:29:26 UTC] PHP Parse error:  Unmatched '}' in /var/www/html/wp-content/mu-plugins/vp-proxy-directus.php on line 681
[08-Mar-2026 10:29:27 UTC] PHP Parse error:  Unmatched '}' in /var/www/html/wp-content/mu-plugins/vp-proxy-directus.php on line 681
[08-Mar-2026 10:29:27 UTC] PHP Parse error:  Unmatched '}' in /var/www/html/wp-content/mu-plugins/vp-proxy-directus.php on line 681
[08-Mar-2026 10:29:30 UTC] PHP Parse error:  Unmatched '}' in /var/www/html/wp-content/mu-plugins/vp-proxy-directus.php on line 681
[08-Mar-2026 10:29:37 UTC] PHP Parse error:  Unmatched '}' in /var/www/html/wp-content/mu-plugins/vp-proxy-directus.php on line 681
[08-Mar-2026 10:29:45 UTC] PHP Parse error:  Unmatched '}' in /var/www/html/wp-content/mu-plugins/vp-proxy-directus.php on line 681
[08-Mar-2026 10:29:56 UTC] PHP Parse error:  Unmatched '}' in /var/www/html/wp-content/mu-plugins/vp-proxy-directus.php on line 681
[08-Mar-2026 10:29:57 UTC] PHP Parse error:  Unmatched '}' in /var/www/html/wp-content/mu-plugins/vp-proxy-directus.php on line 681
[08-Mar-2026 10:29:59 UTC] PHP Parse error:  Unmatched '}' in /var/www/html/wp-content/mu-plugins/vp-proxy-directus.php on line 681
[08-Mar-2026 10:30:02 UTC] PHP Parse error:  Unmatched '}' in /var/www/html/wp-content/mu-plugins/vp-proxy-directus.php on line 681
[08-Mar-2026 10:30:06 UTC] PHP Parse error:  Unmatched '}' in /var/www/html/wp-content/mu-plugins/vp-proxy-directus.php on line 681
[08-Mar-2026 10:30:10 UTC] PHP Parse error:  Unmatched '}' in /var/www/html/wp-content/mu-plugins/vp-proxy-directus.php on line 681
[08-Mar-2026 10:30:11 UTC] PHP Parse error:  Unmatched '}' in /var/www/html/wp-content/mu-plugins/vp-proxy-directus.php on line 681
[08-Mar-2026 10:30:12 UTC] PHP Parse error:  Unmatched '}' in /var/www/html/wp-content/mu-plugins/vp-proxy-directus.php on line 681
[08-Mar-2026 10:30:13 UTC] PHP Parse error:  Unmatched '}' in /var/www/html/wp-content/mu-plugins/vp-proxy-directus.php on line 681
[08-Mar-2026 10:30:13 UTC] PHP Parse error:  Unmatched '}' in /var/www/html/wp-content/mu-plugins/vp-proxy-directus.php on line 681
[08-Mar-2026 10:30:14 UTC] PHP Parse error:  Unmatched '}' in /var/www/html/wp-content/mu-plugins/vp-proxy-directus.php on line 681
[08-Mar-2026 10:30:15 UTC] PHP Parse error:  Unmatched '}' in /var/www/html/wp-content/mu-plugins/vp-proxy-directus.php on line 681
[08-Mar-2026 10:30:15 UTC] PHP Parse error:  Unmatched '}' in /var/www/html/wp-content/mu-plugins/vp-proxy-directus.php on line 681
[08-Mar-2026 10:30:17 UTC] PHP Parse error:  Unmatched '}' in /var/www/html/wp-content/mu-plugins/vp-proxy-directus.php on line 681
[08-Mar-2026 10:30:18 UTC] PHP Parse error:  Unmatched '}' in /var/www/html/wp-content/mu-plugins/vp-proxy-directus.php on line 681
[08-Mar-2026 10:30:19 UTC] PHP Parse error:  Unmatched '}' in /var/www/html/wp-content/mu-plugins/vp-proxy-directus.php on line 681
[08-Mar-2026 10:30:20 UTC] PHP Parse error:  Unmatched '}' in /var/www/html/wp-content/mu-plugins/vp-proxy-directus.php on line 681
[08-Mar-2026 10:30:20 UTC] PHP Parse error:  Unmatched '}' in /var/www/html/wp-content/mu-plugins/vp-proxy-directus.php on line 681
[08-Mar-2026 10:30:22 UTC] PHP Parse error:  Unmatched '}' in /var/www/html/wp-content/mu-plugins/vp-proxy-directus.php on line 681
[08-Mar-2026 10:30:22 UTC] PHP Parse error:  Unmatched '}' in /var/www/html/wp-content/mu-plugins/vp-proxy-directus.php on line 681
[08-Mar-2026 10:30:23 UTC] PHP Parse error:  Unmatched '}' in /var/www/html/wp-content/mu-plugins/vp-proxy-directus.php on line 681
[08-Mar-2026 10:30:23 UTC] PHP Parse error:  Unmatched '}' in /var/www/html/wp-content/mu-plugins/vp-proxy-directus.php on line 681
[08-Mar-2026 10:30:24 UTC] PHP Parse error:  Unmatched '}' in /var/www/html/wp-content/mu-plugins/vp-proxy-directus.php on line 681
[08-Mar-2026 10:30:25 UTC] PHP Parse error:  Unmatched '}' in /var/www/html/wp-content/mu-plugins/vp-proxy-directus.php on line 681
[08-Mar-2026 10:30:26 UTC] PHP Parse error:  Unmatched '}' in /var/www/html/wp-content/mu-plugins/vp-proxy-directus.php on line 681
[08-Mar-2026 10:30:27 UTC] PHP Parse error:  Unmatched '}' in /var/www/html/wp-content/mu-plugins/vp-proxy-directus.php on line 681
[08-Mar-2026 10:30:29 UTC] PHP Parse error:  Unmatched '}' in /var/www/html/wp-content/mu-plugins/vp-proxy-directus.php on line 681
[08-Mar-2026 10:30:30 UTC] PHP Parse error:  Unmatched '}' in /var/www/html/wp-content/mu-plugins/vp-proxy-directus.php on line 681
[08-Mar-2026 10:30:30 UTC] PHP Parse error:  Unmatched '}' in /var/www/html/wp-content/mu-plugins/vp-proxy-directus.php on line 681
[08-Mar-2026 10:30:33 UTC] PHP Parse error:  Unmatched '}' in /var/www/html/wp-content/mu-plugins/vp-proxy-directus.php on line 681
[08-Mar-2026 10:30:38 UTC] PHP Parse error:  Unmatched '}' in /var/www/html/wp-content/mu-plugins/vp-proxy-directus.php on line 681
[08-Mar-2026 10:30:40 UTC] PHP Parse error:  Unmatched '}' in /var/www/html/wp-content/mu-plugins/vp-proxy-directus.php on line 681
[08-Mar-2026 10:30:40 UTC] PHP Parse error:  Unmatched '}' in /var/www/html/wp-content/mu-plugins/vp-proxy-directus.php on line 681
[08-Mar-2026 10:31:06 UTC] PHP Parse error:  Unmatched '}' in /var/www/html/wp-content/mu-plugins/vp-proxy-directus.php on line 681
[08-Mar-2026 10:31:12 UTC] PHP Parse error:  Unmatched '}' in /var/www/html/wp-content/mu-plugins/vp-proxy-directus.php on line 681
[08-Mar-2026 10:31:12 UTC] PHP Parse error:  Unmatched '}' in /var/www/html/wp-content/mu-plugins/vp-proxy-directus.php on line 681
[08-Mar-2026 10:31:13 UTC] PHP Parse error:  Unmatched '}' in /var/www/html/wp-content/mu-plugins/vp-proxy-directus.php on line 681
[08-Mar-2026 10:31:13 UTC] PHP Parse error:  Unmatched '}' in /var/www/html/wp-content/mu-plugins/vp-proxy-directus.php on line 681
[08-Mar-2026 10:31:13 UTC] PHP Parse error:  Unmatched '}' in /var/www/html/wp-content/mu-plugins/vp-proxy-directus.php on line 681
[08-Mar-2026 10:31:14 UTC] PHP Parse error:  Unmatched '}' in /var/www/html/wp-content/mu-plugins/vp-proxy-directus.php on line 681
[08-Mar-2026 10:31:45 UTC] PHP Parse error:  Unmatched '}' in /var/www/html/wp-content/mu-plugins/vp-proxy-directus.php on line 681
[08-Mar-2026 10:31:45 UTC] PHP Parse error:  Unmatched '}' in /var/www/html/wp-content/mu-plugins/vp-proxy-directus.php on line 681
[08-Mar-2026 10:31:46 UTC] PHP Parse error:  Unmatched '}' in /var/www/html/wp-content/mu-plugins/vp-proxy-directus.php on line 681
[08-Mar-2026 10:31:47 UTC] PHP Parse error:  Unmatched '}' in /var/www/html/wp-content/mu-plugins/vp-proxy-directus.php on line 681
[08-Mar-2026 10:31:49 UTC] PHP Parse error:  Unmatched '}' in /var/www/html/wp-content/mu-plugins/vp-proxy-directus.php on line 681
[08-Mar-2026 10:31:53 UTC] PHP Parse error:  Unmatched '}' in /var/www/html/wp-content/mu-plugins/vp-proxy-directus.php on line 681
[08-Mar-2026 10:31:56 UTC] PHP Parse error:  Unmatched '}' in /var/www/html/wp-content/mu-plugins/vp-proxy-directus.php on line 681
[08-Mar-2026 10:31:57 UTC] PHP Parse error:  Unmatched '}' in /var/www/html/wp-content/mu-plugins/vp-proxy-directus.php on line 681
[08-Mar-2026 10:32:25 UTC] PHP Parse error:  Unmatched '}' in /var/www/html/wp-content/mu-plugins/vp-proxy-directus.php on line 681
[08-Mar-2026 10:32:29 UTC] PHP Parse error:  Unmatched '}' in /var/www/html/wp-content/mu-plugins/vp-proxy-directus.php on line 681
[08-Mar-2026 10:32:29 UTC] PHP Parse error:  Unmatched '}' in /var/www/html/wp-content/mu-plugins/vp-proxy-directus.php on line 681
[08-Mar-2026 10:32:30 UTC] PHP Parse error:  Unmatched '}' in /var/www/html/wp-content/mu-plugins/vp-proxy-directus.php on line 681
[08-Mar-2026 10:32:30 UTC] PHP Parse error:  Unmatched '}' in /var/www/html/wp-content/mu-plugins/vp-proxy-directus.php on line 681
[08-Mar-2026 10:32:31 UTC] PHP Parse error:  Unmatched '}' in /var/www/html/wp-content/mu-plugins/vp-proxy-directus.php on line 681
[08-Mar-2026 10:32:32 UTC] PHP Parse error:  Unmatched '}' in /var/www/html/wp-content/mu-plugins/vp-proxy-directus.php on line 681
[08-Mar-2026 10:32:33 UTC] PHP Parse error:  Unmatched '}' in /var/www/html/wp-content/mu-plugins/vp-proxy-directus.php on line 681
[08-Mar-2026 10:32:37 UTC] PHP Parse error:  Unmatched '}' in /var/www/html/wp-content/mu-plugins/vp-proxy-directus.php on line 681
[08-Mar-2026 10:32:39 UTC] PHP Parse error:  Unmatched '}' in /var/www/html/wp-content/mu-plugins/vp-proxy-directus.php on line 681
[08-Mar-2026 10:32:41 UTC] PHP Parse error:  Unmatched '}' in /var/www/html/wp-content/mu-plugins/vp-proxy-directus.php on line 681
[08-Mar-2026 10:32:44 UTC] PHP Parse error:  Unmatched '}' in /var/www/html/wp-content/mu-plugins/vp-proxy-directus.php on line 681
[08-Mar-2026 10:32:45 UTC] PHP Parse error:  Unmatched '}' in /var/www/html/wp-content/mu-plugins/vp-proxy-directus.php on line 681
[08-Mar-2026 10:32:46 UTC] PHP Parse error:  Unmatched '}' in /var/www/html/wp-content/mu-plugins/vp-proxy-directus.php on line 681
[08-Mar-2026 10:32:47 UTC] PHP Parse error:  Unmatched '}' in /var/www/html/wp-content/mu-plugins/vp-proxy-directus.php on line 681
[08-Mar-2026 10:32:50 UTC] PHP Parse error:  Unmatched '}' in /var/www/html/wp-content/mu-plugins/vp-proxy-directus.php on line 681
[08-Mar-2026 10:32:55 UTC] PHP Parse error:  Unmatched '}' in /var/www/html/wp-content/mu-plugins/vp-proxy-directus.php on line 681
[08-Mar-2026 10:32:56 UTC] PHP Parse error:  Unmatched '}' in /var/www/html/wp-content/mu-plugins/vp-proxy-directus.php on line 681
[08-Mar-2026 10:33:22 UTC] PHP Parse error:  Unmatched '}' in /var/www/html/wp-content/mu-plugins/vp-proxy-directus.php on line 681
[08-Mar-2026 10:33:26 UTC] PHP Parse error:  Unmatched '}' in /var/www/html/wp-content/mu-plugins/vp-proxy-directus.php on line 681
[08-Mar-2026 10:33:32 UTC] PHP Parse error:  Unmatched '}' in /var/www/html/wp-content/mu-plugins/vp-proxy-directus.php on line 681
[08-Mar-2026 10:33:36 UTC] PHP Parse error:  Unmatched '}' in /var/www/html/wp-content/mu-plugins/vp-proxy-directus.php on line 681
[08-Mar-2026 10:33:38 UTC] PHP Parse error:  Unmatched '}' in /var/www/html/wp-content/mu-plugins/vp-proxy-directus.php on line 681
[08-Mar-2026 10:33:43 UTC] PHP Parse error:  Unmatched '}' in /var/www/html/wp-content/mu-plugins/vp-proxy-directus.php on line 681
[08-Mar-2026 10:33:49 UTC] PHP Parse error:  Unmatched '}' in /var/www/html/wp-content/mu-plugins/vp-proxy-directus.php on line 681
[08-Mar-2026 10:33:50 UTC] PHP Parse error:  Unmatched '}' in /var/www/html/wp-content/mu-plugins/vp-proxy-directus.php on line 681
[08-Mar-2026 10:33:51 UTC] PHP Parse error:  Unmatched '}' in /var/www/html/wp-content/mu-plugins/vp-proxy-directus.php on line 681
[08-Mar-2026 10:34:05 UTC] PHP Parse error:  Unmatched '}' in /var/www/html/wp-content/mu-plugins/vp-proxy-directus.php on line 681
[08-Mar-2026 10:34:05 UTC] PHP Parse error:  Unmatched '}' in /var/www/html/wp-content/mu-plugins/vp-proxy-directus.php on line 681
[08-Mar-2026 10:34:08 UTC] PHP Parse error:  Unmatched '}' in /var/www/html/wp-content/mu-plugins/vp-proxy-directus.php on line 681
[08-Mar-2026 10:34:11 UTC] PHP Parse error:  Unmatched '}' in /var/www/html/wp-content/mu-plugins/vp-proxy-directus.php on line 681
[08-Mar-2026 10:34:13 UTC] PHP Parse error:  Unmatched '}' in /var/www/html/wp-content/mu-plugins/vp-proxy-directus.php on line 681
[08-Mar-2026 10:34:14 UTC] PHP Parse error:  Unmatched '}' in /var/www/html/wp-content/mu-plugins/vp-proxy-directus.php on line 681
[08-Mar-2026 10:34:16 UTC] PHP Parse error:  Unmatched '}' in /var/www/html/wp-content/mu-plugins/vp-proxy-directus.php on line 681
[08-Mar-2026 10:34:16 UTC] PHP Parse error:  Unmatched '}' in /var/www/html/wp-content/mu-plugins/vp-proxy-directus.php on line 681
[08-Mar-2026 10:34:17 UTC] PHP Parse error:  Unmatched '}' in /var/www/html/wp-content/mu-plugins/vp-proxy-directus.php on line 681
[08-Mar-2026 10:34:18 UTC] PHP Parse error:  Unmatched '}' in /var/www/html/wp-content/mu-plugins/vp-proxy-directus.php on line 681
[08-Mar-2026 10:34:20 UTC] PHP Parse error:  Unmatched '}' in /var/www/html/wp-content/mu-plugins/vp-proxy-directus.php on line 681
[08-Mar-2026 10:34:20 UTC] PHP Parse error:  Unmatched '}' in /var/www/html/wp-content/mu-plugins/vp-proxy-directus.php on line 681
[08-Mar-2026 10:34:21 UTC] PHP Parse error:  Unmatched '}' in /var/www/html/wp-content/mu-plugins/vp-proxy-directus.php on line 681
[08-Mar-2026 10:34:22 UTC] PHP Parse error:  Unmatched '}' in /var/www/html/wp-content/mu-plugins/vp-proxy-directus.php on line 681
[08-Mar-2026 10:34:23 UTC] PHP Parse error:  Unmatched '}' in /var/www/html/wp-content/mu-plugins/vp-proxy-directus.php on line 681
[08-Mar-2026 10:34:24 UTC] PHP Parse error:  Unmatched '}' in /var/www/html/wp-content/mu-plugins/vp-proxy-directus.php on line 681
[08-Mar-2026 10:34:24 UTC] PHP Parse error:  Unmatched '}' in /var/www/html/wp-content/mu-plugins/vp-proxy-directus.php on line 681
[08-Mar-2026 10:34:25 UTC] PHP Parse error:  Unmatched '}' in /var/www/html/wp-content/mu-plugins/vp-proxy-directus.php on line 681
[08-Mar-2026 10:34:28 UTC] PHP Parse error:  Unmatched '}' in /var/www/html/wp-content/mu-plugins/vp-proxy-directus.php on line 681
[08-Mar-2026 10:34:29 UTC] PHP Parse error:  Unmatched '}' in /var/www/html/wp-content/mu-plugins/vp-proxy-directus.php on line 681
[08-Mar-2026 10:34:30 UTC] PHP Parse error:  Unmatched '}' in /var/www/html/wp-content/mu-plugins/vp-proxy-directus.php on line 681
[08-Mar-2026 10:34:31 UTC] PHP Parse error:  Unmatched '}' in /var/www/html/wp-content/mu-plugins/vp-proxy-directus.php on line 681
[08-Mar-2026 10:34:33 UTC] PHP Parse error:  Unmatched '}' in /var/www/html/wp-content/mu-plugins/vp-proxy-directus.php on line 681
[08-Mar-2026 10:34:33 UTC] PHP Parse error:  Unmatched '}' in /var/www/html/wp-content/mu-plugins/vp-proxy-directus.php on line 681
[08-Mar-2026 10:34:34 UTC] PHP Parse error:  Unmatched '}' in /var/www/html/wp-content/mu-plugins/vp-proxy-directus.php on line 681
[08-Mar-2026 10:34:36 UTC] PHP Parse error:  Unmatched '}' in /var/www/html/wp-content/mu-plugins/vp-proxy-directus.php on line 681
[08-Mar-2026 10:34:38 UTC] PHP Parse error:  Unmatched '}' in /var/www/html/wp-content/mu-plugins/vp-proxy-directus.php on line 681
[08-Mar-2026 10:34:40 UTC] PHP Parse error:  Unmatched '}' in /var/www/html/wp-content/mu-plugins/vp-proxy-directus.php on line 681
[08-Mar-2026 10:34:41 UTC] PHP Parse error:  Unmatched '}' in /var/www/html/wp-content/mu-plugins/vp-proxy-directus.php on line 681
[08-Mar-2026 10:34:41 UTC] PHP Parse error:  Unmatched '}' in /var/www/html/wp-content/mu-plugins/vp-proxy-directus.php on line 681
[08-Mar-2026 10:34:42 UTC] PHP Parse error:  Unmatched '}' in /var/www/html/wp-content/mu-plugins/vp-proxy-directus.php on line 681
[08-Mar-2026 10:34:43 UTC] PHP Parse error:  Unmatched '}' in /var/www/html/wp-content/mu-plugins/vp-proxy-directus.php on line 681
[08-Mar-2026 10:34:44 UTC] PHP Parse error:  Unmatched '}' in /var/www/html/wp-content/mu-plugins/vp-proxy-directus.php on line 681
[08-Mar-2026 10:34:45 UTC] PHP Parse error:  Unmatched '}' in /var/www/html/wp-content/mu-plugins/vp-proxy-directus.php on line 681
[08-Mar-2026 10:34:50 UTC] PHP Parse error:  Unmatched '}' in /var/www/html/wp-content/mu-plugins/vp-proxy-directus.php on line 681
[08-Mar-2026 10:34:54 UTC] PHP Parse error:  Unmatched '}' in /var/www/html/wp-content/mu-plugins/vp-proxy-directus.php on line 681
[08-Mar-2026 10:34:54 UTC] PHP Parse error:  Unmatched '}' in /var/www/html/wp-content/mu-plugins/vp-proxy-directus.php on line 681
[08-Mar-2026 10:35:07 UTC] PHP Parse error:  Unmatched '}' in /var/www/html/wp-content/mu-plugins/vp-proxy-directus.php on line 681
[08-Mar-2026 10:35:09 UTC] PHP Parse error:  Unmatched '}' in /var/www/html/wp-content/mu-plugins/vp-proxy-directus.php on line 681
[08-Mar-2026 10:35:10 UTC] PHP Parse error:  Unmatched '}' in /var/www/html/wp-content/mu-plugins/vp-proxy-directus.php on line 681
[08-Mar-2026 10:35:11 UTC] PHP Parse error:  Unmatched '}' in /var/www/html/wp-content/mu-plugins/vp-proxy-directus.php on line 681
[08-Mar-2026 10:35:12 UTC] PHP Parse error:  Unmatched '}' in /var/www/html/wp-content/mu-plugins/vp-proxy-directus.php on line 681
[08-Mar-2026 10:35:12 UTC] PHP Parse error:  Unmatched '}' in /var/www/html/wp-content/mu-plugins/vp-proxy-directus.php on line 681
[08-Mar-2026 10:35:27 UTC] PHP Parse error:  Unmatched '}' in /var/www/html/wp-content/mu-plugins/vp-proxy-directus.php on line 681
[08-Mar-2026 10:35:33 UTC] PHP Parse error:  Unmatched '}' in /var/www/html/wp-content/mu-plugins/vp-proxy-directus.php on line 681
[08-Mar-2026 10:35:33 UTC] PHP Parse error:  Unmatched '}' in /var/www/html/wp-content/mu-plugins/vp-proxy-directus.php on line 681
[08-Mar-2026 10:35:34 UTC] PHP Parse error:  Unmatched '}' in /var/www/html/wp-content/mu-plugins/vp-proxy-directus.php on line 681
[08-Mar-2026 10:35:35 UTC] PHP Parse error:  Unmatched '}' in /var/www/html/wp-content/mu-plugins/vp-proxy-directus.php on line 681
[08-Mar-2026 10:35:36 UTC] PHP Parse error:  Unmatched '}' in /var/www/html/wp-content/mu-plugins/vp-proxy-directus.php on line 681
[08-Mar-2026 10:35:37 UTC] PHP Parse error:  Unmatched '}' in /var/www/html/wp-content/mu-plugins/vp-proxy-directus.php on line 681
[08-Mar-2026 10:35:38 UTC] PHP Parse error:  Unmatched '}' in /var/www/html/wp-content/mu-plugins/vp-proxy-directus.php on line 681
[08-Mar-2026 10:35:39 UTC] PHP Parse error:  Unmatched '}' in /var/www/html/wp-content/mu-plugins/vp-proxy-directus.php on line 681
[08-Mar-2026 10:35:40 UTC] PHP Parse error:  Unmatched '}' in /var/www/html/wp-content/mu-plugins/vp-proxy-directus.php on line 681
[08-Mar-2026 10:35:41 UTC] PHP Parse error:  Unmatched '}' in /var/www/html/wp-content/mu-plugins/vp-proxy-directus.php on line 681
[08-Mar-2026 10:35:41 UTC] PHP Parse error:  Unmatched '}' in /var/www/html/wp-content/mu-plugins/vp-proxy-directus.php on line 681
[08-Mar-2026 10:35:42 UTC] PHP Parse error:  Unmatched '}' in /var/www/html/wp-content/mu-plugins/vp-proxy-directus.php on line 681
[08-Mar-2026 10:35:43 UTC] PHP Parse error:  Unmatched '}' in /var/www/html/wp-content/mu-plugins/vp-proxy-directus.php on line 681
[08-Mar-2026 10:35:43 UTC] PHP Parse error:  Unmatched '}' in /var/www/html/wp-content/mu-plugins/vp-proxy-directus.php on line 681
[08-Mar-2026 10:35:43 UTC] PHP Parse error:  Unmatched '}' in /var/www/html/wp-content/mu-plugins/vp-proxy-directus.php on line 681
[08-Mar-2026 10:35:45 UTC] PHP Parse error:  Unmatched '}' in /var/www/html/wp-content/mu-plugins/vp-proxy-directus.php on line 681
[08-Mar-2026 10:35:46 UTC] PHP Parse error:  Unmatched '}' in /var/www/html/wp-content/mu-plugins/vp-proxy-directus.php on line 681
[08-Mar-2026 10:35:47 UTC] PHP Parse error:  Unmatched '}' in /var/www/html/wp-content/mu-plugins/vp-proxy-directus.php on line 681
[08-Mar-2026 10:35:47 UTC] PHP Parse error:  Unmatched '}' in /var/www/html/wp-content/mu-plugins/vp-proxy-directus.php on line 681
[08-Mar-2026 10:35:47 UTC] PHP Parse error:  Unmatched '}' in /var/www/html/wp-content/mu-plugins/vp-proxy-directus.php on line 681
[08-Mar-2026 10:35:48 UTC] PHP Parse error:  Unmatched '}' in /var/www/html/wp-content/mu-plugins/vp-proxy-directus.php on line 681
[08-Mar-2026 10:35:49 UTC] PHP Parse error:  Unmatched '}' in /var/www/html/wp-content/mu-plugins/vp-proxy-directus.php on line 681
[08-Mar-2026 10:35:50 UTC] PHP Parse error:  Unmatched '}' in /var/www/html/wp-content/mu-plugins/vp-proxy-directus.php on line 681
[08-Mar-2026 10:35:51 UTC] PHP Parse error:  Unmatched '}' in /var/www/html/wp-content/mu-plugins/vp-proxy-directus.php on line 681
[08-Mar-2026 10:35:52 UTC] PHP Parse error:  Unmatched '}' in /var/www/html/wp-content/mu-plugins/vp-proxy-directus.php on line 681
[08-Mar-2026 10:36:04 UTC] PHP Parse error:  Unmatched '}' in /var/www/html/wp-content/mu-plugins/vp-proxy-directus.php on line 681
[08-Mar-2026 10:36:05 UTC] PHP Parse error:  Unmatched '}' in /var/www/html/wp-content/mu-plugins/vp-proxy-directus.php on line 681
[08-Mar-2026 10:36:06 UTC] PHP Parse error:  Unmatched '}' in /var/www/html/wp-content/mu-plugins/vp-proxy-directus.php on line 681
[08-Mar-2026 10:36:08 UTC] PHP Parse error:  Unmatched '}' in /var/www/html/wp-content/mu-plugins/vp-proxy-directus.php on line 681
[08-Mar-2026 10:36:08 UTC] PHP Parse error:  Unmatched '}' in /var/www/html/wp-content/mu-plugins/vp-proxy-directus.php on line 681
[08-Mar-2026 10:36:09 UTC] PHP Parse error:  Unmatched '}' in /var/www/html/wp-content/mu-plugins/vp-proxy-directus.php on line 681
[08-Mar-2026 10:36:09 UTC] PHP Parse error:  Unmatched '}' in /var/www/html/wp-content/mu-plugins/vp-proxy-directus.php on line 681
[08-Mar-2026 10:36:10 UTC] PHP Parse error:  Unmatched '}' in /var/www/html/wp-content/mu-plugins/vp-proxy-directus.php on line 681
[08-Mar-2026 10:36:11 UTC] PHP Parse error:  Unmatched '}' in /var/www/html/wp-content/mu-plugins/vp-proxy-directus.php on line 681
[08-Mar-2026 10:36:12 UTC] PHP Parse error:  Unmatched '}' in /var/www/html/wp-content/mu-plugins/vp-proxy-directus.php on line 681
[08-Mar-2026 10:36:19 UTC] PHP Parse error:  Unmatched '}' in /var/www/html/wp-content/mu-plugins/vp-proxy-directus.php on line 681
[08-Mar-2026 10:36:20 UTC] PHP Parse error:  Unmatched '}' in /var/www/html/wp-content/mu-plugins/vp-proxy-directus.php on line 681
[08-Mar-2026 10:36:22 UTC] PHP Parse error:  Unmatched '}' in /var/www/html/wp-content/mu-plugins/vp-proxy-directus.php on line 681
[08-Mar-2026 10:36:22 UTC] PHP Parse error:  Unmatched '}' in /var/www/html/wp-content/mu-plugins/vp-proxy-directus.php on line 681
[08-Mar-2026 10:36:23 UTC] PHP Parse error:  Unmatched '}' in /var/www/html/wp-content/mu-plugins/vp-proxy-directus.php on line 681
[08-Mar-2026 10:36:25 UTC] PHP Parse error:  Unmatched '}' in /var/www/html/wp-content/mu-plugins/vp-proxy-directus.php on line 681
[08-Mar-2026 10:36:26 UTC] PHP Parse error:  Unmatched '}' in /var/www/html/wp-content/mu-plugins/vp-proxy-directus.php on line 681
[08-Mar-2026 10:36:26 UTC] PHP Parse error:  Unmatched '}' in /var/www/html/wp-content/mu-plugins/vp-proxy-directus.php on line 681
[08-Mar-2026 10:36:27 UTC] PHP Parse error:  Unmatched '}' in /var/www/html/wp-content/mu-plugins/vp-proxy-directus.php on line 681
[08-Mar-2026 10:36:28 UTC] PHP Parse error:  Unmatched '}' in /var/www/html/wp-content/mu-plugins/vp-proxy-directus.php on line 681
[08-Mar-2026 10:36:28 UTC] PHP Parse error:  Unmatched '}' in /var/www/html/wp-content/mu-plugins/vp-proxy-directus.php on line 681
[08-Mar-2026 10:36:29 UTC] PHP Parse error:  Unmatched '}' in /var/www/html/wp-content/mu-plugins/vp-proxy-directus.php on line 681
[08-Mar-2026 10:36:30 UTC] PHP Parse error:  Unmatched '}' in /var/www/html/wp-content/mu-plugins/vp-proxy-directus.php on line 681
[08-Mar-2026 10:36:30 UTC] PHP Parse error:  Unmatched '}' in /var/www/html/wp-content/mu-plugins/vp-proxy-directus.php on line 681
[08-Mar-2026 10:36:30 UTC] PHP Parse error:  Unmatched '}' in /var/www/html/wp-content/mu-plugins/vp-proxy-directus.php on line 681
[08-Mar-2026 10:36:39 UTC] PHP Parse error:  Unmatched '}' in /var/www/html/wp-content/mu-plugins/vp-proxy-directus.php on line 681
[08-Mar-2026 10:36:43 UTC] PHP Parse error:  Unmatched '}' in /var/www/html/wp-content/mu-plugins/vp-proxy-directus.php on line 681
[08-Mar-2026 10:36:44 UTC] PHP Parse error:  Unmatched '}' in /var/www/html/wp-content/mu-plugins/vp-proxy-directus.php on line 681
[08-Mar-2026 10:36:45 UTC] PHP Parse error:  Unmatched '}' in /var/www/html/wp-content/mu-plugins/vp-proxy-directus.php on line 681
[08-Mar-2026 10:36:49 UTC] PHP Parse error:  Unmatched '}' in /var/www/html/wp-content/mu-plugins/vp-proxy-directus.php on line 681
[08-Mar-2026 10:36:53 UTC] PHP Parse error:  Unmatched '}' in /var/www/html/wp-content/mu-plugins/vp-proxy-directus.php on line 681
[08-Mar-2026 10:37:02 UTC] PHP Parse error:  Unmatched '}' in /var/www/html/wp-content/mu-plugins/vp-proxy-directus.php on line 681
[08-Mar-2026 10:37:22 UTC] PHP Parse error:  Unmatched '}' in /var/www/html/wp-content/mu-plugins/vp-proxy-directus.php on line 681
[08-Mar-2026 10:37:35 UTC] PHP Parse error:  Unmatched '}' in /var/www/html/wp-content/mu-plugins/vp-proxy-directus.php on line 681
[08-Mar-2026 10:37:35 UTC] PHP Parse error:  Unmatched '}' in /var/www/html/wp-content/mu-plugins/vp-proxy-directus.php on line 681
[08-Mar-2026 10:37:35 UTC] PHP Parse error:  Unmatched '}' in /var/www/html/wp-content/mu-plugins/vp-proxy-directus.php on line 681
[08-Mar-2026 10:37:37 UTC] PHP Parse error:  Unmatched '}' in /var/www/html/wp-content/mu-plugins/vp-proxy-directus.php on line 681
[08-Mar-2026 10:37:37 UTC] PHP Parse error:  Unmatched '}' in /var/www/html/wp-content/mu-plugins/vp-proxy-directus.php on line 681
[08-Mar-2026 10:37:37 UTC] PHP Parse error:  Unmatched '}' in /var/www/html/wp-content/mu-plugins/vp-proxy-directus.php on line 681
[08-Mar-2026 10:37:38 UTC] PHP Parse error:  Unmatched '}' in /var/www/html/wp-content/mu-plugins/vp-proxy-directus.php on line 681
[08-Mar-2026 10:37:39 UTC] PHP Parse error:  Unmatched '}' in /var/www/html/wp-content/mu-plugins/vp-proxy-directus.php on line 681
[08-Mar-2026 10:37:40 UTC] PHP Parse error:  Unmatched '}' in /var/www/html/wp-content/mu-plugins/vp-proxy-directus.php on line 681
[08-Mar-2026 10:37:42 UTC] PHP Parse error:  Unmatched '}' in /var/www/html/wp-content/mu-plugins/vp-proxy-directus.php on line 681
[08-Mar-2026 10:37:52 UTC] PHP Parse error:  Unmatched '}' in /var/www/html/wp-content/mu-plugins/vp-proxy-directus.php on line 681
[08-Mar-2026 10:37:54 UTC] PHP Parse error:  Unmatched '}' in /var/www/html/wp-content/mu-plugins/vp-proxy-directus.php on line 681
[08-Mar-2026 10:37:54 UTC] PHP Parse error:  Unmatched '}' in /var/www/html/wp-content/mu-plugins/vp-proxy-directus.php on line 681
[08-Mar-2026 10:37:56 UTC] PHP Parse error:  Unmatched '}' in /var/www/html/wp-content/mu-plugins/vp-proxy-directus.php on line 681
[08-Mar-2026 10:37:59 UTC] PHP Parse error:  Unmatched '}' in /var/www/html/wp-content/mu-plugins/vp-proxy-directus.php on line 681
[08-Mar-2026 10:38:12 UTC] PHP Parse error:  Unmatched '}' in /var/www/html/wp-content/mu-plugins/vp-proxy-directus.php on line 681
[08-Mar-2026 10:38:13 UTC] PHP Parse error:  Unmatched '}' in /var/www/html/wp-content/mu-plugins/vp-proxy-directus.php on line 681
[08-Mar-2026 10:38:15 UTC] PHP Parse error:  Unmatched '}' in /var/www/html/wp-content/mu-plugins/vp-proxy-directus.php on line 681
[08-Mar-2026 10:38:16 UTC] PHP Parse error:  Unmatched '}' in /var/www/html/wp-content/mu-plugins/vp-proxy-directus.php on line 681
[08-Mar-2026 10:38:16 UTC] PHP Parse error:  Unmatched '}' in /var/www/html/wp-content/mu-plugins/vp-proxy-directus.php on line 681
[08-Mar-2026 10:38:17 UTC] PHP Parse error:  Unmatched '}' in /var/www/html/wp-content/mu-plugins/vp-proxy-directus.php on line 681
[08-Mar-2026 10:38:18 UTC] PHP Parse error:  Unmatched '}' in /var/www/html/wp-content/mu-plugins/vp-proxy-directus.php on line 681
[08-Mar-2026 10:38:18 UTC] PHP Parse error:  Unmatched '}' in /var/www/html/wp-content/mu-plugins/vp-proxy-directus.php on line 681
[08-Mar-2026 10:38:20 UTC] PHP Parse error:  Unmatched '}' in /var/www/html/wp-content/mu-plugins/vp-proxy-directus.php on line 681
[08-Mar-2026 10:38:21 UTC] PHP Parse error:  Unmatched '}' in /var/www/html/wp-content/mu-plugins/vp-proxy-directus.php on line 681
[08-Mar-2026 10:38:21 UTC] PHP Parse error:  Unmatched '}' in /var/www/html/wp-content/mu-plugins/vp-proxy-directus.php on line 681
[08-Mar-2026 10:38:33 UTC] PHP Parse error:  Unmatched '}' in /var/www/html/wp-content/mu-plugins/vp-proxy-directus.php on line 681
[08-Mar-2026 10:38:35 UTC] PHP Parse error:  Unmatched '}' in /var/www/html/wp-content/mu-plugins/vp-proxy-directus.php on line 681
[08-Mar-2026 10:38:35 UTC] PHP Parse error:  Unmatched '}' in /var/www/html/wp-content/mu-plugins/vp-proxy-directus.php on line 681
[08-Mar-2026 10:38:36 UTC] PHP Parse error:  Unmatched '}' in /var/www/html/wp-content/mu-plugins/vp-proxy-directus.php on line 681
[08-Mar-2026 10:38:37 UTC] PHP Parse error:  Unmatched '}' in /var/www/html/wp-content/mu-plugins/vp-proxy-directus.php on line 681
[08-Mar-2026 10:38:39 UTC] PHP Parse error:  Unmatched '}' in /var/www/html/wp-content/mu-plugins/vp-proxy-directus.php on line 681
[08-Mar-2026 10:38:40 UTC] PHP Parse error:  Unmatched '}' in /var/www/html/wp-content/mu-plugins/vp-proxy-directus.php on line 681
[08-Mar-2026 10:38:41 UTC] PHP Parse error:  Unmatched '}' in /var/www/html/wp-content/mu-plugins/vp-proxy-directus.php on line 681
[08-Mar-2026 10:38:42 UTC] PHP Parse error:  Unmatched '}' in /var/www/html/wp-content/mu-plugins/vp-proxy-directus.php on line 681
[08-Mar-2026 10:38:42 UTC] PHP Parse error:  Unmatched '}' in /var/www/html/wp-content/mu-plugins/vp-proxy-directus.php on line 681
[08-Mar-2026 10:38:43 UTC] PHP Parse error:  Unmatched '}' in /var/www/html/wp-content/mu-plugins/vp-proxy-directus.php on line 681
[08-Mar-2026 10:38:44 UTC] PHP Parse error:  Unmatched '}' in /var/www/html/wp-content/mu-plugins/vp-proxy-directus.php on line 681
[08-Mar-2026 10:38:45 UTC] PHP Parse error:  Unmatched '}' in /var/www/html/wp-content/mu-plugins/vp-proxy-directus.php on line 681
[08-Mar-2026 10:38:49 UTC] PHP Parse error:  Unmatched '}' in /var/www/html/wp-content/mu-plugins/vp-proxy-directus.php on line 681
[08-Mar-2026 10:38:49 UTC] PHP Parse error:  Unmatched '}' in /var/www/html/wp-content/mu-plugins/vp-proxy-directus.php on line 681
[08-Mar-2026 10:38:50 UTC] PHP Parse error:  Unmatched '}' in /var/www/html/wp-content/mu-plugins/vp-proxy-directus.php on line 681
[08-Mar-2026 10:38:54 UTC] PHP Parse error:  Unmatched '}' in /var/www/html/wp-content/mu-plugins/vp-proxy-directus.php on line 681
[08-Mar-2026 10:38:55 UTC] PHP Parse error:  Unmatched '}' in /var/www/html/wp-content/mu-plugins/vp-proxy-directus.php on line 681
[08-Mar-2026 10:38:56 UTC] PHP Parse error:  Unmatched '}' in /var/www/html/wp-content/mu-plugins/vp-proxy-directus.php on line 681
[08-Mar-2026 10:38:56 UTC] PHP Parse error:  Unmatched '}' in /var/www/html/wp-content/mu-plugins/vp-proxy-directus.php on line 681
[08-Mar-2026 10:38:57 UTC] PHP Parse error:  Unmatched '}' in /var/www/html/wp-content/mu-plugins/vp-proxy-directus.php on line 681
[08-Mar-2026 10:39:05 UTC] PHP Parse error:  Unmatched '}' in /var/www/html/wp-content/mu-plugins/vp-proxy-directus.php on line 681
[08-Mar-2026 10:39:06 UTC] PHP Parse error:  Unmatched '}' in /var/www/html/wp-content/mu-plugins/vp-proxy-directus.php on line 681
[08-Mar-2026 10:39:06 UTC] PHP Parse error:  Unmatched '}' in /var/www/html/wp-content/mu-plugins/vp-proxy-directus.php on line 681
[08-Mar-2026 10:39:07 UTC] PHP Parse error:  Unmatched '}' in /var/www/html/wp-content/mu-plugins/vp-proxy-directus.php on line 681
[08-Mar-2026 10:39:07 UTC] PHP Parse error:  Unmatched '}' in /var/www/html/wp-content/mu-plugins/vp-proxy-directus.php on line 681
[08-Mar-2026 10:39:08 UTC] PHP Parse error:  Unmatched '}' in /var/www/html/wp-content/mu-plugins/vp-proxy-directus.php on line 681
[08-Mar-2026 10:39:09 UTC] PHP Parse error:  Unmatched '}' in /var/www/html/wp-content/mu-plugins/vp-proxy-directus.php on line 681
[08-Mar-2026 10:39:09 UTC] PHP Parse error:  Unmatched '}' in /var/www/html/wp-content/mu-plugins/vp-proxy-directus.php on line 681
[08-Mar-2026 10:39:11 UTC] PHP Parse error:  Unmatched '}' in /var/www/html/wp-content/mu-plugins/vp-proxy-directus.php on line 681
[08-Mar-2026 10:39:31 UTC] PHP Parse error:  Unmatched '}' in /var/www/html/wp-content/mu-plugins/vp-proxy-directus.php on line 681
[08-Mar-2026 10:39:34 UTC] PHP Parse error:  Unmatched '}' in /var/www/html/wp-content/mu-plugins/vp-proxy-directus.php on line 681
[08-Mar-2026 10:39:34 UTC] PHP Parse error:  Unmatched '}' in /var/www/html/wp-content/mu-plugins/vp-proxy-directus.php on line 681
[08-Mar-2026 10:39:36 UTC] PHP Parse error:  Unmatched '}' in /var/www/html/wp-content/mu-plugins/vp-proxy-directus.php on line 681
[08-Mar-2026 10:39:37 UTC] PHP Parse error:  Unmatched '}' in /var/www/html/wp-content/mu-plugins/vp-proxy-directus.php on line 681
[08-Mar-2026 10:39:37 UTC] PHP Parse error:  Unmatched '}' in /var/www/html/wp-content/mu-plugins/vp-proxy-directus.php on line 681
[08-Mar-2026 10:39:39 UTC] PHP Parse error:  Unmatched '}' in /var/www/html/wp-content/mu-plugins/vp-proxy-directus.php on line 681
[08-Mar-2026 10:39:40 UTC] PHP Parse error:  Unmatched '}' in /var/www/html/wp-content/mu-plugins/vp-proxy-directus.php on line 681
[08-Mar-2026 10:39:44 UTC] PHP Parse error:  Unmatched '}' in /var/www/html/wp-content/mu-plugins/vp-proxy-directus.php on line 681
[08-Mar-2026 10:39:45 UTC] PHP Parse error:  Unmatched '}' in /var/www/html/wp-content/mu-plugins/vp-proxy-directus.php on line 681
[08-Mar-2026 10:39:47 UTC] PHP Parse error:  Unmatched '}' in /var/www/html/wp-content/mu-plugins/vp-proxy-directus.php on line 681
[08-Mar-2026 10:39:48 UTC] PHP Parse error:  Unmatched '}' in /var/www/html/wp-content/mu-plugins/vp-proxy-directus.php on line 681
[08-Mar-2026 10:39:49 UTC] PHP Parse error:  Unmatched '}' in /var/www/html/wp-content/mu-plugins/vp-proxy-directus.php on line 681
[08-Mar-2026 10:39:51 UTC] PHP Parse error:  Unmatched '}' in /var/www/html/wp-content/mu-plugins/vp-proxy-directus.php on line 681
[08-Mar-2026 10:39:52 UTC] PHP Parse error:  Unmatched '}' in /var/www/html/wp-content/mu-plugins/vp-proxy-directus.php on line 681
[08-Mar-2026 10:39:53 UTC] PHP Parse error:  Unmatched '}' in /var/www/html/wp-content/mu-plugins/vp-proxy-directus.php on line 681
[08-Mar-2026 10:39:54 UTC] PHP Parse error:  Unmatched '}' in /var/www/html/wp-content/mu-plugins/vp-proxy-directus.php on line 681
[08-Mar-2026 10:39:55 UTC] PHP Parse error:  Unmatched '}' in /var/www/html/wp-content/mu-plugins/vp-proxy-directus.php on line 681
[08-Mar-2026 10:39:57 UTC] PHP Parse error:  Unmatched '}' in /var/www/html/wp-content/mu-plugins/vp-proxy-directus.php on line 681
[08-Mar-2026 10:39:57 UTC] PHP Parse error:  Unmatched '}' in /var/www/html/wp-content/mu-plugins/vp-proxy-directus.php on line 681
[08-Mar-2026 10:39:58 UTC] PHP Parse error:  Unmatched '}' in /var/www/html/wp-content/mu-plugins/vp-proxy-directus.php on line 681
[08-Mar-2026 10:40:00 UTC] PHP Parse error:  Unmatched '}' in /var/www/html/wp-content/mu-plugins/vp-proxy-directus.php on line 681
[08-Mar-2026 10:40:01 UTC] PHP Parse error:  Unmatched '}' in /var/www/html/wp-content/mu-plugins/vp-proxy-directus.php on line 681
[08-Mar-2026 10:40:13 UTC] PHP Parse error:  Unmatched '}' in /var/www/html/wp-content/mu-plugins/vp-proxy-directus.php on line 681
[08-Mar-2026 10:40:15 UTC] PHP Parse error:  Unmatched '}' in /var/www/html/wp-content/mu-plugins/vp-proxy-directus.php on line 681
[08-Mar-2026 10:40:41 UTC] PHP Parse error:  Unmatched '}' in /var/www/html/wp-content/mu-plugins/vp-proxy-directus.php on line 681
[08-Mar-2026 10:40:46 UTC] PHP Parse error:  Unmatched '}' in /var/www/html/wp-content/mu-plugins/vp-proxy-directus.php on line 681
[08-Mar-2026 10:40:47 UTC] PHP Parse error:  Unmatched '}' in /var/www/html/wp-content/mu-plugins/vp-proxy-directus.php on line 681
[08-Mar-2026 10:40:48 UTC] PHP Parse error:  Unmatched '}' in /var/www/html/wp-content/mu-plugins/vp-proxy-directus.php on line 681
[08-Mar-2026 10:40:49 UTC] PHP Parse error:  Unmatched '}' in /var/www/html/wp-content/mu-plugins/vp-proxy-directus.php on line 681
[08-Mar-2026 10:40:50 UTC] PHP Parse error:  Unmatched '}' in /var/www/html/wp-content/mu-plugins/vp-proxy-directus.php on line 681
[08-Mar-2026 10:40:52 UTC] PHP Parse error:  Unmatched '}' in /var/www/html/wp-content/mu-plugins/vp-proxy-directus.php on line 681
[08-Mar-2026 10:40:53 UTC] PHP Parse error:  Unmatched '}' in /var/www/html/wp-content/mu-plugins/vp-proxy-directus.php on line 681
[08-Mar-2026 10:40:53 UTC] PHP Parse error:  Unmatched '}' in /var/www/html/wp-content/mu-plugins/vp-proxy-directus.php on line 681
[08-Mar-2026 10:40:54 UTC] PHP Parse error:  Unmatched '}' in /var/www/html/wp-content/mu-plugins/vp-proxy-directus.php on line 681
[08-Mar-2026 10:40:55 UTC] PHP Parse error:  Unmatched '}' in /var/www/html/wp-content/mu-plugins/vp-proxy-directus.php on line 681
[08-Mar-2026 10:40:59 UTC] PHP Parse error:  Unmatched '}' in /var/www/html/wp-content/mu-plugins/vp-proxy-directus.php on line 681
[08-Mar-2026 10:41:01 UTC] PHP Parse error:  Unmatched '}' in /var/www/html/wp-content/mu-plugins/vp-proxy-directus.php on line 681
[08-Mar-2026 10:41:01 UTC] PHP Parse error:  Unmatched '}' in /var/www/html/wp-content/mu-plugins/vp-proxy-directus.php on line 681
[08-Mar-2026 10:41:02 UTC] PHP Parse error:  Unmatched '}' in /var/www/html/wp-content/mu-plugins/vp-proxy-directus.php on line 681
[08-Mar-2026 10:41:03 UTC] PHP Parse error:  Unmatched '}' in /var/www/html/wp-content/mu-plugins/vp-proxy-directus.php on line 681
[08-Mar-2026 10:41:03 UTC] PHP Parse error:  Unmatched '}' in /var/www/html/wp-content/mu-plugins/vp-proxy-directus.php on line 681
[08-Mar-2026 10:41:05 UTC] PHP Parse error:  Unmatched '}' in /var/www/html/wp-content/mu-plugins/vp-proxy-directus.php on line 681
[08-Mar-2026 10:41:08 UTC] PHP Parse error:  Unmatched '}' in /var/www/html/wp-content/mu-plugins/vp-proxy-directus.php on line 681
[08-Mar-2026 10:41:10 UTC] PHP Parse error:  Unmatched '}' in /var/www/html/wp-content/mu-plugins/vp-proxy-directus.php on line 681
[08-Mar-2026 10:41:12 UTC] PHP Parse error:  Unmatched '}' in /var/www/html/wp-content/mu-plugins/vp-proxy-directus.php on line 681
[08-Mar-2026 10:41:31 UTC] PHP Parse error:  Unmatched '}' in /var/www/html/wp-content/mu-plugins/vp-proxy-directus.php on line 681
[08-Mar-2026 10:41:31 UTC] PHP Parse error:  Unmatched '}' in /var/www/html/wp-content/mu-plugins/vp-proxy-directus.php on line 681
[08-Mar-2026 10:41:32 UTC] PHP Parse error:  Unmatched '}' in /var/www/html/wp-content/mu-plugins/vp-proxy-directus.php on line 681
[08-Mar-2026 10:41:33 UTC] PHP Parse error:  Unmatched '}' in /var/www/html/wp-content/mu-plugins/vp-proxy-directus.php on line 681
[08-Mar-2026 10:41:33 UTC] PHP Parse error:  Unmatched '}' in /var/www/html/wp-content/mu-plugins/vp-proxy-directus.php on line 681
[08-Mar-2026 10:41:34 UTC] PHP Parse error:  Unmatched '}' in /var/www/html/wp-content/mu-plugins/vp-proxy-directus.php on line 681
[08-Mar-2026 10:41:43 UTC] PHP Parse error:  Unmatched '}' in /var/www/html/wp-content/mu-plugins/vp-proxy-directus.php on line 681
[08-Mar-2026 10:41:47 UTC] PHP Parse error:  Unmatched '}' in /var/www/html/wp-content/mu-plugins/vp-proxy-directus.php on line 681
[08-Mar-2026 10:41:48 UTC] PHP Parse error:  Unmatched '}' in /var/www/html/wp-content/mu-plugins/vp-proxy-directus.php on line 681
[08-Mar-2026 10:41:50 UTC] PHP Parse error:  Unmatched '}' in /var/www/html/wp-content/mu-plugins/vp-proxy-directus.php on line 681
[08-Mar-2026 10:41:52 UTC] PHP Parse error:  Unmatched '}' in /var/www/html/wp-content/mu-plugins/vp-proxy-directus.php on line 681
[08-Mar-2026 10:41:52 UTC] PHP Parse error:  Unmatched '}' in /var/www/html/wp-content/mu-plugins/vp-proxy-directus.php on line 681
[08-Mar-2026 10:41:53 UTC] PHP Parse error:  Unmatched '}' in /var/www/html/wp-content/mu-plugins/vp-proxy-directus.php on line 681
[08-Mar-2026 10:41:54 UTC] PHP Parse error:  Unmatched '}' in /var/www/html/wp-content/mu-plugins/vp-proxy-directus.php on line 681
[08-Mar-2026 10:41:59 UTC] PHP Parse error:  Unmatched '}' in /var/www/html/wp-content/mu-plugins/vp-proxy-directus.php on line 681
[08-Mar-2026 10:42:03 UTC] PHP Parse error:  Unmatched '}' in /var/www/html/wp-content/mu-plugins/vp-proxy-directus.php on line 681
[08-Mar-2026 10:42:06 UTC] PHP Parse error:  Unmatched '}' in /var/www/html/wp-content/mu-plugins/vp-proxy-directus.php on line 681
[08-Mar-2026 10:42:06 UTC] PHP Parse error:  Unmatched '}' in /var/www/html/wp-content/mu-plugins/vp-proxy-directus.php on line 681
[08-Mar-2026 10:42:07 UTC] PHP Parse error:  Unmatched '}' in /var/www/html/wp-content/mu-plugins/vp-proxy-directus.php on line 681
[08-Mar-2026 10:42:18 UTC] PHP Parse error:  Unmatched '}' in /var/www/html/wp-content/mu-plugins/vp-proxy-directus.php on line 681
[08-Mar-2026 10:42:25 UTC] PHP Parse error:  Unmatched '}' in /var/www/html/wp-content/mu-plugins/vp-proxy-directus.php on line 681
[08-Mar-2026 10:42:26 UTC] PHP Parse error:  Unmatched '}' in /var/www/html/wp-content/mu-plugins/vp-proxy-directus.php on line 681
[08-Mar-2026 10:42:28 UTC] PHP Parse error:  Unmatched '}' in /var/www/html/wp-content/mu-plugins/vp-proxy-directus.php on line 681
[08-Mar-2026 10:42:28 UTC] PHP Parse error:  Unmatched '}' in /var/www/html/wp-content/mu-plugins/vp-proxy-directus.php on line 681
[08-Mar-2026 10:42:29 UTC] PHP Parse error:  Unmatched '}' in /var/www/html/wp-content/mu-plugins/vp-proxy-directus.php on line 681
[08-Mar-2026 10:42:31 UTC] PHP Parse error:  Unmatched '}' in /var/www/html/wp-content/mu-plugins/vp-proxy-directus.php on line 681
[08-Mar-2026 10:42:37 UTC] PHP Parse error:  Unmatched '}' in /var/www/html/wp-content/mu-plugins/vp-proxy-directus.php on line 681
[08-Mar-2026 10:42:41 UTC] PHP Parse error:  Unmatched '}' in /var/www/html/wp-content/mu-plugins/vp-proxy-directus.php on line 681
[08-Mar-2026 10:42:41 UTC] PHP Parse error:  Unmatched '}' in /var/www/html/wp-content/mu-plugins/vp-proxy-directus.php on line 681
[08-Mar-2026 10:42:42 UTC] PHP Parse error:  Unmatched '}' in /var/www/html/wp-content/mu-plugins/vp-proxy-directus.php on line 681
[08-Mar-2026 10:42:47 UTC] PHP Parse error:  Unmatched '}' in /var/www/html/wp-content/mu-plugins/vp-proxy-directus.php on line 681
[08-Mar-2026 10:42:50 UTC] PHP Parse error:  Unmatched '}' in /var/www/html/wp-content/mu-plugins/vp-proxy-directus.php on line 681
[08-Mar-2026 10:42:51 UTC] PHP Parse error:  Unmatched '}' in /var/www/html/wp-content/mu-plugins/vp-proxy-directus.php on line 681
[08-Mar-2026 10:42:52 UTC] PHP Parse error:  Unmatched '}' in /var/www/html/wp-content/mu-plugins/vp-proxy-directus.php on line 681
[08-Mar-2026 10:42:53 UTC] PHP Parse error:  Unmatched '}' in /var/www/html/wp-content/mu-plugins/vp-proxy-directus.php on line 681
[08-Mar-2026 10:42:53 UTC] PHP Parse error:  Unmatched '}' in /var/www/html/wp-content/mu-plugins/vp-proxy-directus.php on line 681
[08-Mar-2026 10:42:54 UTC] PHP Parse error:  Unmatched '}' in /var/www/html/wp-content/mu-plugins/vp-proxy-directus.php on line 681
[08-Mar-2026 10:42:55 UTC] PHP Parse error:  Unmatched '}' in /var/www/html/wp-content/mu-plugins/vp-proxy-directus.php on line 681
[08-Mar-2026 10:42:55 UTC] PHP Parse error:  Unmatched '}' in /var/www/html/wp-content/mu-plugins/vp-proxy-directus.php on line 681
[08-Mar-2026 10:42:56 UTC] PHP Parse error:  Unmatched '}' in /var/www/html/wp-content/mu-plugins/vp-proxy-directus.php on line 681
[08-Mar-2026 10:42:58 UTC] PHP Parse error:  Unmatched '}' in /var/www/html/wp-content/mu-plugins/vp-proxy-directus.php on line 681
[08-Mar-2026 10:42:59 UTC] PHP Parse error:  Unmatched '}' in /var/www/html/wp-content/mu-plugins/vp-proxy-directus.php on line 681
[08-Mar-2026 10:43:10 UTC] PHP Parse error:  Unmatched '}' in /var/www/html/wp-content/mu-plugins/vp-proxy-directus.php on line 681
[08-Mar-2026 10:43:12 UTC] PHP Parse error:  Unmatched '}' in /var/www/html/wp-content/mu-plugins/vp-proxy-directus.php on line 681
[08-Mar-2026 10:43:14 UTC] PHP Parse error:  Unmatched '}' in /var/www/html/wp-content/mu-plugins/vp-proxy-directus.php on line 681
[08-Mar-2026 10:43:15 UTC] PHP Parse error:  Unmatched '}' in /var/www/html/wp-content/mu-plugins/vp-proxy-directus.php on line 681
[08-Mar-2026 10:43:15 UTC] PHP Parse error:  Unmatched '}' in /var/www/html/wp-content/mu-plugins/vp-proxy-directus.php on line 681
[08-Mar-2026 10:43:16 UTC] PHP Parse error:  Unmatched '}' in /var/www/html/wp-content/mu-plugins/vp-proxy-directus.php on line 681
[08-Mar-2026 10:43:18 UTC] PHP Parse error:  Unmatched '}' in /var/www/html/wp-content/mu-plugins/vp-proxy-directus.php on line 681
[08-Mar-2026 10:43:28 UTC] PHP Parse error:  Unmatched '}' in /var/www/html/wp-content/mu-plugins/vp-proxy-directus.php on line 681
[08-Mar-2026 10:43:29 UTC] PHP Parse error:  Unmatched '}' in /var/www/html/wp-content/mu-plugins/vp-proxy-directus.php on line 681
[08-Mar-2026 10:43:30 UTC] PHP Parse error:  Unmatched '}' in /var/www/html/wp-content/mu-plugins/vp-proxy-directus.php on line 681
[08-Mar-2026 10:43:31 UTC] PHP Parse error:  Unmatched '}' in /var/www/html/wp-content/mu-plugins/vp-proxy-directus.php on line 681
[08-Mar-2026 10:43:32 UTC] PHP Parse error:  Unmatched '}' in /var/www/html/wp-content/mu-plugins/vp-proxy-directus.php on line 681
[08-Mar-2026 10:43:33 UTC] PHP Parse error:  Unmatched '}' in /var/www/html/wp-content/mu-plugins/vp-proxy-directus.php on line 681
[08-Mar-2026 10:43:34 UTC] PHP Parse error:  Unmatched '}' in /var/www/html/wp-content/mu-plugins/vp-proxy-directus.php on line 681
[08-Mar-2026 10:43:34 UTC] PHP Parse error:  Unmatched '}' in /var/www/html/wp-content/mu-plugins/vp-proxy-directus.php on line 681
[08-Mar-2026 10:43:35 UTC] PHP Parse error:  Unmatched '}' in /var/www/html/wp-content/mu-plugins/vp-proxy-directus.php on line 681
[08-Mar-2026 10:43:38 UTC] PHP Parse error:  Unmatched '}' in /var/www/html/wp-content/mu-plugins/vp-proxy-directus.php on line 681
[08-Mar-2026 10:43:40 UTC] PHP Parse error:  Unmatched '}' in /var/www/html/wp-content/mu-plugins/vp-proxy-directus.php on line 681
[08-Mar-2026 10:43:40 UTC] PHP Parse error:  Unmatched '}' in /var/www/html/wp-content/mu-plugins/vp-proxy-directus.php on line 681
[08-Mar-2026 10:43:43 UTC] PHP Parse error:  Unmatched '}' in /var/www/html/wp-content/mu-plugins/vp-proxy-directus.php on line 681
[08-Mar-2026 10:43:50 UTC] PHP Parse error:  Unmatched '}' in /var/www/html/wp-content/mu-plugins/vp-proxy-directus.php on line 681
[08-Mar-2026 10:43:51 UTC] PHP Parse error:  Unmatched '}' in /var/www/html/wp-content/mu-plugins/vp-proxy-directus.php on line 681
[08-Mar-2026 10:43:52 UTC] PHP Parse error:  Unmatched '}' in /var/www/html/wp-content/mu-plugins/vp-proxy-directus.php on line 681
[08-Mar-2026 10:43:52 UTC] PHP Parse error:  Unmatched '}' in /var/www/html/wp-content/mu-plugins/vp-proxy-directus.php on line 681
[08-Mar-2026 10:43:53 UTC] PHP Parse error:  Unmatched '}' in /var/www/html/wp-content/mu-plugins/vp-proxy-directus.php on line 681
[08-Mar-2026 10:43:53 UTC] PHP Parse error:  Unmatched '}' in /var/www/html/wp-content/mu-plugins/vp-proxy-directus.php on line 681
[08-Mar-2026 10:43:55 UTC] PHP Parse error:  Unmatched '}' in /var/www/html/wp-content/mu-plugins/vp-proxy-directus.php on line 681
[08-Mar-2026 10:43:56 UTC] PHP Parse error:  Unmatched '}' in /var/www/html/wp-content/mu-plugins/vp-proxy-directus.php on line 681
[08-Mar-2026 10:43:58 UTC] PHP Parse error:  Unmatched '}' in /var/www/html/wp-content/mu-plugins/vp-proxy-directus.php on line 681
[08-Mar-2026 10:43:59 UTC] PHP Parse error:  Unmatched '}' in /var/www/html/wp-content/mu-plugins/vp-proxy-directus.php on line 681
[08-Mar-2026 10:43:59 UTC] PHP Parse error:  Unmatched '}' in /var/www/html/wp-content/mu-plugins/vp-proxy-directus.php on line 681
[08-Mar-2026 10:44:00 UTC] PHP Parse error:  Unmatched '}' in /var/www/html/wp-content/mu-plugins/vp-proxy-directus.php on line 681
[08-Mar-2026 10:44:00 UTC] PHP Parse error:  Unmatched '}' in /var/www/html/wp-content/mu-plugins/vp-proxy-directus.php on line 681
[08-Mar-2026 10:44:01 UTC] PHP Parse error:  Unmatched '}' in /var/www/html/wp-content/mu-plugins/vp-proxy-directus.php on line 681
[08-Mar-2026 10:44:01 UTC] PHP Parse error:  Unmatched '}' in /var/www/html/wp-content/mu-plugins/vp-proxy-directus.php on line 681
[08-Mar-2026 10:44:03 UTC] PHP Parse error:  Unmatched '}' in /var/www/html/wp-content/mu-plugins/vp-proxy-directus.php on line 681
[08-Mar-2026 10:44:05 UTC] PHP Parse error:  Unmatched '}' in /var/www/html/wp-content/mu-plugins/vp-proxy-directus.php on line 681
[08-Mar-2026 10:44:07 UTC] PHP Parse error:  Unmatched '}' in /var/www/html/wp-content/mu-plugins/vp-proxy-directus.php on line 681
[08-Mar-2026 10:44:08 UTC] PHP Parse error:  Unmatched '}' in /var/www/html/wp-content/mu-plugins/vp-proxy-directus.php on line 681
[08-Mar-2026 10:44:08 UTC] PHP Parse error:  Unmatched '}' in /var/www/html/wp-content/mu-plugins/vp-proxy-directus.php on line 681
[08-Mar-2026 10:44:09 UTC] PHP Parse error:  Unmatched '}' in /var/www/html/wp-content/mu-plugins/vp-proxy-directus.php on line 681
[08-Mar-2026 10:44:10 UTC] PHP Parse error:  Unmatched '}' in /var/www/html/wp-content/mu-plugins/vp-proxy-directus.php on line 681
[08-Mar-2026 10:44:11 UTC] PHP Parse error:  Unmatched '}' in /var/www/html/wp-content/mu-plugins/vp-proxy-directus.php on line 681
[08-Mar-2026 10:44:15 UTC] PHP Parse error:  Unmatched '}' in /var/www/html/wp-content/mu-plugins/vp-proxy-directus.php on line 681
[08-Mar-2026 10:44:17 UTC] PHP Parse error:  Unmatched '}' in /var/www/html/wp-content/mu-plugins/vp-proxy-directus.php on line 681
[08-Mar-2026 10:44:17 UTC] PHP Parse error:  Unmatched '}' in /var/www/html/wp-content/mu-plugins/vp-proxy-directus.php on line 681
[08-Mar-2026 10:44:18 UTC] PHP Parse error:  Unmatched '}' in /var/www/html/wp-content/mu-plugins/vp-proxy-directus.php on line 681
[08-Mar-2026 10:44:18 UTC] PHP Parse error:  Unmatched '}' in /var/www/html/wp-content/mu-plugins/vp-proxy-directus.php on line 681
[08-Mar-2026 10:44:20 UTC] PHP Parse error:  Unmatched '}' in /var/www/html/wp-content/mu-plugins/vp-proxy-directus.php on line 681
[08-Mar-2026 10:44:21 UTC] PHP Parse error:  Unmatched '}' in /var/www/html/wp-content/mu-plugins/vp-proxy-directus.php on line 681
[08-Mar-2026 10:44:23 UTC] PHP Parse error:  Unmatched '}' in /var/www/html/wp-content/mu-plugins/vp-proxy-directus.php on line 681
[08-Mar-2026 10:44:24 UTC] PHP Parse error:  Unmatched '}' in /var/www/html/wp-content/mu-plugins/vp-proxy-directus.php on line 681
[08-Mar-2026 10:44:25 UTC] PHP Parse error:  Unmatched '}' in /var/www/html/wp-content/mu-plugins/vp-proxy-directus.php on line 681
[08-Mar-2026 10:44:26 UTC] PHP Parse error:  Unmatched '}' in /var/www/html/wp-content/mu-plugins/vp-proxy-directus.php on line 681
[08-Mar-2026 10:44:27 UTC] PHP Parse error:  Unmatched '}' in /var/www/html/wp-content/mu-plugins/vp-proxy-directus.php on line 681
[08-Mar-2026 10:44:28 UTC] PHP Parse error:  Unmatched '}' in /var/www/html/wp-content/mu-plugins/vp-proxy-directus.php on line 681
[08-Mar-2026 10:44:34 UTC] PHP Parse error:  Unmatched '}' in /var/www/html/wp-content/mu-plugins/vp-proxy-directus.php on line 681
[08-Mar-2026 10:44:37 UTC] PHP Parse error:  Unmatched '}' in /var/www/html/wp-content/mu-plugins/vp-proxy-directus.php on line 681
[08-Mar-2026 10:44:38 UTC] PHP Parse error:  Unmatched '}' in /var/www/html/wp-content/mu-plugins/vp-proxy-directus.php on line 681
[08-Mar-2026 10:44:38 UTC] PHP Parse error:  Unmatched '}' in /var/www/html/wp-content/mu-plugins/vp-proxy-directus.php on line 681
[08-Mar-2026 10:44:39 UTC] PHP Parse error:  Unmatched '}' in /var/www/html/wp-content/mu-plugins/vp-proxy-directus.php on line 681
[08-Mar-2026 10:44:39 UTC] PHP Parse error:  Unmatched '}' in /var/www/html/wp-content/mu-plugins/vp-proxy-directus.php on line 681
[08-Mar-2026 10:44:40 UTC] PHP Parse error:  Unmatched '}' in /var/www/html/wp-content/mu-plugins/vp-proxy-directus.php on line 681
[08-Mar-2026 10:44:43 UTC] PHP Parse error:  Unmatched '}' in /var/www/html/wp-content/mu-plugins/vp-proxy-directus.php on line 681
[08-Mar-2026 10:44:45 UTC] PHP Parse error:  Unmatched '}' in /var/www/html/wp-content/mu-plugins/vp-proxy-directus.php on line 681
[08-Mar-2026 10:44:46 UTC] PHP Parse error:  Unmatched '}' in /var/www/html/wp-content/mu-plugins/vp-proxy-directus.php on line 681
[08-Mar-2026 10:45:02 UTC] PHP Parse error:  Unmatched '}' in /var/www/html/wp-content/mu-plugins/vp-proxy-directus.php on line 681
[08-Mar-2026 10:45:06 UTC] PHP Parse error:  Unmatched '}' in /var/www/html/wp-content/mu-plugins/vp-proxy-directus.php on line 681
[08-Mar-2026 10:45:07 UTC] PHP Parse error:  Unmatched '}' in /var/www/html/wp-content/mu-plugins/vp-proxy-directus.php on line 681
[08-Mar-2026 10:45:08 UTC] PHP Parse error:  Unmatched '}' in /var/www/html/wp-content/mu-plugins/vp-proxy-directus.php on line 681
[08-Mar-2026 10:45:08 UTC] PHP Parse error:  Unmatched '}' in /var/www/html/wp-content/mu-plugins/vp-proxy-directus.php on line 681
[08-Mar-2026 10:45:10 UTC] PHP Parse error:  Unmatched '}' in /var/www/html/wp-content/mu-plugins/vp-proxy-directus.php on line 681
[08-Mar-2026 10:45:11 UTC] PHP Parse error:  Unmatched '}' in /var/www/html/wp-content/mu-plugins/vp-proxy-directus.php on line 681
[08-Mar-2026 10:45:12 UTC] PHP Parse error:  Unmatched '}' in /var/www/html/wp-content/mu-plugins/vp-proxy-directus.php on line 681
[08-Mar-2026 10:45:27 UTC] PHP Parse error:  Unmatched '}' in /var/www/html/wp-content/mu-plugins/vp-proxy-directus.php on line 681
[08-Mar-2026 10:45:30 UTC] PHP Parse error:  Unmatched '}' in /var/www/html/wp-content/mu-plugins/vp-proxy-directus.php on line 681
[08-Mar-2026 10:45:31 UTC] PHP Parse error:  Unmatched '}' in /var/www/html/wp-content/mu-plugins/vp-proxy-directus.php on line 681
[08-Mar-2026 10:45:32 UTC] PHP Parse error:  Unmatched '}' in /var/www/html/wp-content/mu-plugins/vp-proxy-directus.php on line 681
[08-Mar-2026 10:45:33 UTC] PHP Parse error:  Unmatched '}' in /var/www/html/wp-content/mu-plugins/vp-proxy-directus.php on line 681
[08-Mar-2026 10:45:57 UTC] PHP Parse error:  Unmatched '}' in /var/www/html/wp-content/mu-plugins/vp-proxy-directus.php on line 681
[08-Mar-2026 10:46:04 UTC] PHP Parse error:  Unmatched '}' in /var/www/html/wp-content/mu-plugins/vp-proxy-directus.php on line 681
[08-Mar-2026 10:46:05 UTC] PHP Parse error:  Unmatched '}' in /var/www/html/wp-content/mu-plugins/vp-proxy-directus.php on line 681
[08-Mar-2026 10:46:07 UTC] PHP Parse error:  Unmatched '}' in /var/www/html/wp-content/mu-plugins/vp-proxy-directus.php on line 681
[08-Mar-2026 10:46:14 UTC] PHP Parse error:  Unmatched '}' in /var/www/html/wp-content/mu-plugins/vp-proxy-directus.php on line 681
[08-Mar-2026 10:46:15 UTC] PHP Parse error:  Unmatched '}' in /var/www/html/wp-content/mu-plugins/vp-proxy-directus.php on line 681
[08-Mar-2026 10:46:16 UTC] PHP Parse error:  Unmatched '}' in /var/www/html/wp-content/mu-plugins/vp-proxy-directus.php on line 681
[08-Mar-2026 10:46:17 UTC] PHP Parse error:  Unmatched '}' in /var/www/html/wp-content/mu-plugins/vp-proxy-directus.php on line 681
[08-Mar-2026 10:46:19 UTC] PHP Parse error:  Unmatched '}' in /var/www/html/wp-content/mu-plugins/vp-proxy-directus.php on line 681
[08-Mar-2026 10:46:19 UTC] PHP Parse error:  Unmatched '}' in /var/www/html/wp-content/mu-plugins/vp-proxy-directus.php on line 681
[08-Mar-2026 10:46:21 UTC] PHP Parse error:  Unmatched '}' in /var/www/html/wp-content/mu-plugins/vp-proxy-directus.php on line 681
[08-Mar-2026 10:46:22 UTC] PHP Parse error:  Unmatched '}' in /var/www/html/wp-content/mu-plugins/vp-proxy-directus.php on line 681
[08-Mar-2026 10:46:23 UTC] PHP Parse error:  Unmatched '}' in /var/www/html/wp-content/mu-plugins/vp-proxy-directus.php on line 681
[08-Mar-2026 10:46:24 UTC] PHP Parse error:  Unmatched '}' in /var/www/html/wp-content/mu-plugins/vp-proxy-directus.php on line 681
[08-Mar-2026 10:46:25 UTC] PHP Parse error:  Unmatched '}' in /var/www/html/wp-content/mu-plugins/vp-proxy-directus.php on line 681
[08-Mar-2026 10:46:27 UTC] PHP Parse error:  Unmatched '}' in /var/www/html/wp-content/mu-plugins/vp-proxy-directus.php on line 681
[08-Mar-2026 10:46:28 UTC] PHP Parse error:  Unmatched '}' in /var/www/html/wp-content/mu-plugins/vp-proxy-directus.php on line 681
[08-Mar-2026 10:46:29 UTC] PHP Parse error:  Unmatched '}' in /var/www/html/wp-content/mu-plugins/vp-proxy-directus.php on line 681
[08-Mar-2026 10:46:40 UTC] PHP Parse error:  Unmatched '}' in /var/www/html/wp-content/mu-plugins/vp-proxy-directus.php on line 681
[08-Mar-2026 10:46:42 UTC] PHP Parse error:  Unmatched '}' in /var/www/html/wp-content/mu-plugins/vp-proxy-directus.php on line 681
[08-Mar-2026 10:46:49 UTC] PHP Parse error:  Unmatched '}' in /var/www/html/wp-content/mu-plugins/vp-proxy-directus.php on line 681
[08-Mar-2026 10:46:53 UTC] PHP Parse error:  Unmatched '}' in /var/www/html/wp-content/mu-plugins/vp-proxy-directus.php on line 681
[08-Mar-2026 10:46:53 UTC] PHP Parse error:  Unmatched '}' in /var/www/html/wp-content/mu-plugins/vp-proxy-directus.php on line 681
[08-Mar-2026 10:46:55 UTC] PHP Parse error:  Unmatched '}' in /var/www/html/wp-content/mu-plugins/vp-proxy-directus.php on line 681
[08-Mar-2026 10:46:55 UTC] PHP Parse error:  Unmatched '}' in /var/www/html/wp-content/mu-plugins/vp-proxy-directus.php on line 681
[08-Mar-2026 10:46:57 UTC] PHP Parse error:  Unmatched '}' in /var/www/html/wp-content/mu-plugins/vp-proxy-directus.php on line 681
[08-Mar-2026 10:46:58 UTC] PHP Parse error:  Unmatched '}' in /var/www/html/wp-content/mu-plugins/vp-proxy-directus.php on line 681
[08-Mar-2026 10:46:59 UTC] PHP Parse error:  Unmatched '}' in /var/www/html/wp-content/mu-plugins/vp-proxy-directus.php on line 681
[08-Mar-2026 10:47:00 UTC] PHP Parse error:  Unmatched '}' in /var/www/html/wp-content/mu-plugins/vp-proxy-directus.php on line 681
[08-Mar-2026 10:47:01 UTC] PHP Parse error:  Unmatched '}' in /var/www/html/wp-content/mu-plugins/vp-proxy-directus.php on line 681
[08-Mar-2026 10:47:01 UTC] PHP Parse error:  Unmatched '}' in /var/www/html/wp-content/mu-plugins/vp-proxy-directus.php on line 681
[08-Mar-2026 10:47:02 UTC] PHP Parse error:  Unmatched '}' in /var/www/html/wp-content/mu-plugins/vp-proxy-directus.php on line 681
[08-Mar-2026 10:47:02 UTC] PHP Parse error:  Unmatched '}' in /var/www/html/wp-content/mu-plugins/vp-proxy-directus.php on line 681
[08-Mar-2026 10:47:03 UTC] PHP Parse error:  Unmatched '}' in /var/www/html/wp-content/mu-plugins/vp-proxy-directus.php on line 681
[08-Mar-2026 10:47:08 UTC] PHP Parse error:  Unmatched '}' in /var/www/html/wp-content/mu-plugins/vp-proxy-directus.php on line 681
[08-Mar-2026 10:47:09 UTC] PHP Parse error:  Unmatched '}' in /var/www/html/wp-content/mu-plugins/vp-proxy-directus.php on line 681
[08-Mar-2026 10:47:10 UTC] PHP Parse error:  Unmatched '}' in /var/www/html/wp-content/mu-plugins/vp-proxy-directus.php on line 681
[08-Mar-2026 10:47:10 UTC] PHP Parse error:  Unmatched '}' in /var/www/html/wp-content/mu-plugins/vp-proxy-directus.php on line 681
[08-Mar-2026 10:47:11 UTC] PHP Parse error:  Unmatched '}' in /var/www/html/wp-content/mu-plugins/vp-proxy-directus.php on line 681
[08-Mar-2026 10:47:35 UTC] PHP Parse error:  Unmatched '}' in /var/www/html/wp-content/mu-plugins/vp-proxy-directus.php on line 681
[08-Mar-2026 10:47:36 UTC] PHP Parse error:  Unmatched '}' in /var/www/html/wp-content/mu-plugins/vp-proxy-directus.php on line 681
[08-Mar-2026 10:47:36 UTC] PHP Parse error:  Unmatched '}' in /var/www/html/wp-content/mu-plugins/vp-proxy-directus.php on line 681
[08-Mar-2026 10:47:37 UTC] PHP Parse error:  Unmatched '}' in /var/www/html/wp-content/mu-plugins/vp-proxy-directus.php on line 681
[08-Mar-2026 10:47:37 UTC] PHP Parse error:  Unmatched '}' in /var/www/html/wp-content/mu-plugins/vp-proxy-directus.php on line 681
[08-Mar-2026 10:47:37 UTC] PHP Parse error:  Unmatched '}' in /var/www/html/wp-content/mu-plugins/vp-proxy-directus.php on line 681
[08-Mar-2026 10:47:38 UTC] PHP Parse error:  Unmatched '}' in /var/www/html/wp-content/mu-plugins/vp-proxy-directus.php on line 681
[08-Mar-2026 10:47:38 UTC] PHP Parse error:  Unmatched '}' in /var/www/html/wp-content/mu-plugins/vp-proxy-directus.php on line 681
[08-Mar-2026 10:47:39 UTC] PHP Parse error:  Unmatched '}' in /var/www/html/wp-content/mu-plugins/vp-proxy-directus.php on line 681
[08-Mar-2026 10:47:48 UTC] PHP Parse error:  Unmatched '}' in /var/www/html/wp-content/mu-plugins/vp-proxy-directus.php on line 681
[08-Mar-2026 10:47:53 UTC] PHP Parse error:  Unmatched '}' in /var/www/html/wp-content/mu-plugins/vp-proxy-directus.php on line 681
[08-Mar-2026 10:47:56 UTC] PHP Parse error:  Unmatched '}' in /var/www/html/wp-content/mu-plugins/vp-proxy-directus.php on line 681
[08-Mar-2026 10:47:57 UTC] PHP Parse error:  Unmatched '}' in /var/www/html/wp-content/mu-plugins/vp-proxy-directus.php on line 681
[08-Mar-2026 10:47:58 UTC] PHP Parse error:  Unmatched '}' in /var/www/html/wp-content/mu-plugins/vp-proxy-directus.php on line 681
[08-Mar-2026 10:48:01 UTC] PHP Parse error:  Unmatched '}' in /var/www/html/wp-content/mu-plugins/vp-proxy-directus.php on line 681
[08-Mar-2026 10:48:03 UTC] PHP Parse error:  Unmatched '}' in /var/www/html/wp-content/mu-plugins/vp-proxy-directus.php on line 681
[08-Mar-2026 10:48:03 UTC] PHP Parse error:  Unmatched '}' in /var/www/html/wp-content/mu-plugins/vp-proxy-directus.php on line 681
[08-Mar-2026 10:48:04 UTC] PHP Parse error:  Unmatched '}' in /var/www/html/wp-content/mu-plugins/vp-proxy-directus.php on line 681
[08-Mar-2026 10:48:04 UTC] PHP Parse error:  Unmatched '}' in /var/www/html/wp-content/mu-plugins/vp-proxy-directus.php on line 681
[08-Mar-2026 10:48:05 UTC] PHP Parse error:  Unmatched '}' in /var/www/html/wp-content/mu-plugins/vp-proxy-directus.php on line 681
[08-Mar-2026 10:48:06 UTC] PHP Parse error:  Unmatched '}' in /var/www/html/wp-content/mu-plugins/vp-proxy-directus.php on line 681
[08-Mar-2026 10:48:08 UTC] PHP Parse error:  Unmatched '}' in /var/www/html/wp-content/mu-plugins/vp-proxy-directus.php on line 681
[08-Mar-2026 10:48:13 UTC] PHP Parse error:  Unmatched '}' in /var/www/html/wp-content/mu-plugins/vp-proxy-directus.php on line 681
[08-Mar-2026 10:48:15 UTC] PHP Parse error:  Unmatched '}' in /var/www/html/wp-content/mu-plugins/vp-proxy-directus.php on line 681
[08-Mar-2026 10:48:18 UTC] PHP Parse error:  Unmatched '}' in /var/www/html/wp-content/mu-plugins/vp-proxy-directus.php on line 681
[08-Mar-2026 10:48:19 UTC] PHP Parse error:  Unmatched '}' in /var/www/html/wp-content/mu-plugins/vp-proxy-directus.php on line 681
[08-Mar-2026 10:48:37 UTC] PHP Parse error:  Unmatched '}' in /var/www/html/wp-content/mu-plugins/vp-proxy-directus.php on line 681
[08-Mar-2026 10:48:49 UTC] PHP Parse error:  Unmatched '}' in /var/www/html/wp-content/mu-plugins/vp-proxy-directus.php on line 681
[08-Mar-2026 10:48:50 UTC] PHP Parse error:  Unmatched '}' in /var/www/html/wp-content/mu-plugins/vp-proxy-directus.php on line 681
[08-Mar-2026 10:48:51 UTC] PHP Parse error:  Unmatched '}' in /var/www/html/wp-content/mu-plugins/vp-proxy-directus.php on line 681
[08-Mar-2026 10:48:51 UTC] PHP Parse error:  Unmatched '}' in /var/www/html/wp-content/mu-plugins/vp-proxy-directus.php on line 681
[08-Mar-2026 10:48:52 UTC] PHP Parse error:  Unmatched '}' in /var/www/html/wp-content/mu-plugins/vp-proxy-directus.php on line 681
[08-Mar-2026 10:48:52 UTC] PHP Parse error:  Unmatched '}' in /var/www/html/wp-content/mu-plugins/vp-proxy-directus.php on line 681
[08-Mar-2026 10:48:52 UTC] PHP Parse error:  Unmatched '}' in /var/www/html/wp-content/mu-plugins/vp-proxy-directus.php on line 681
[08-Mar-2026 10:48:54 UTC] PHP Parse error:  Unmatched '}' in /var/www/html/wp-content/mu-plugins/vp-proxy-directus.php on line 681
[08-Mar-2026 10:48:59 UTC] PHP Parse error:  Unmatched '}' in /var/www/html/wp-content/mu-plugins/vp-proxy-directus.php on line 681
[08-Mar-2026 10:49:18 UTC] PHP Parse error:  Unmatched '}' in /var/www/html/wp-content/mu-plugins/vp-proxy-directus.php on line 681
[08-Mar-2026 10:49:26 UTC] PHP Parse error:  Unmatched '}' in /var/www/html/wp-content/mu-plugins/vp-proxy-directus.php on line 681
[08-Mar-2026 10:49:28 UTC] PHP Parse error:  Unmatched '}' in /var/www/html/wp-content/mu-plugins/vp-proxy-directus.php on line 681
[08-Mar-2026 10:49:32 UTC] PHP Parse error:  Unmatched '}' in /var/www/html/wp-content/mu-plugins/vp-proxy-directus.php on line 681
[08-Mar-2026 10:49:36 UTC] PHP Parse error:  Unmatched '}' in /var/www/html/wp-content/mu-plugins/vp-proxy-directus.php on line 681
[08-Mar-2026 10:49:38 UTC] PHP Parse error:  Unmatched '}' in /var/www/html/wp-content/mu-plugins/vp-proxy-directus.php on line 681
[08-Mar-2026 10:49:43 UTC] PHP Parse error:  Unmatched '}' in /var/www/html/wp-content/mu-plugins/vp-proxy-directus.php on line 681
[08-Mar-2026 10:49:45 UTC] PHP Parse error:  Unmatched '}' in /var/www/html/wp-content/mu-plugins/vp-proxy-directus.php on line 681
[08-Mar-2026 10:49:47 UTC] PHP Parse error:  Unmatched '}' in /var/www/html/wp-content/mu-plugins/vp-proxy-directus.php on line 681
[08-Mar-2026 10:49:48 UTC] PHP Parse error:  Unmatched '}' in /var/www/html/wp-content/mu-plugins/vp-proxy-directus.php on line 681
[08-Mar-2026 10:49:49 UTC] PHP Parse error:  Unmatched '}' in /var/www/html/wp-content/mu-plugins/vp-proxy-directus.php on line 681
[08-Mar-2026 10:49:51 UTC] PHP Parse error:  Unmatched '}' in /var/www/html/wp-content/mu-plugins/vp-proxy-directus.php on line 681
[08-Mar-2026 10:49:53 UTC] PHP Parse error:  Unmatched '}' in /var/www/html/wp-content/mu-plugins/vp-proxy-directus.php on line 681
[08-Mar-2026 10:49:56 UTC] PHP Parse error:  Unmatched '}' in /var/www/html/wp-content/mu-plugins/vp-proxy-directus.php on line 681
[08-Mar-2026 10:49:59 UTC] PHP Parse error:  Unmatched '}' in /var/www/html/wp-content/mu-plugins/vp-proxy-directus.php on line 681
[08-Mar-2026 10:49:59 UTC] PHP Parse error:  Unmatched '}' in /var/www/html/wp-content/mu-plugins/vp-proxy-directus.php on line 681
[08-Mar-2026 10:50:00 UTC] PHP Parse error:  Unmatched '}' in /var/www/html/wp-content/mu-plugins/vp-proxy-directus.php on line 681
[08-Mar-2026 10:50:01 UTC] PHP Parse error:  Unmatched '}' in /var/www/html/wp-content/mu-plugins/vp-proxy-directus.php on line 681
[08-Mar-2026 10:50:03 UTC] PHP Parse error:  Unmatched '}' in /var/www/html/wp-content/mu-plugins/vp-proxy-directus.php on line 681
[08-Mar-2026 10:50:08 UTC] PHP Parse error:  Unmatched '}' in /var/www/html/wp-content/mu-plugins/vp-proxy-directus.php on line 681
[08-Mar-2026 10:50:09 UTC] PHP Parse error:  Unmatched '}' in /var/www/html/wp-content/mu-plugins/vp-proxy-directus.php on line 681
[08-Mar-2026 10:50:28 UTC] PHP Parse error:  Unmatched '}' in /var/www/html/wp-content/mu-plugins/vp-proxy-directus.php on line 681
[08-Mar-2026 10:50:30 UTC] PHP Parse error:  Unmatched '}' in /var/www/html/wp-content/mu-plugins/vp-proxy-directus.php on line 681
[08-Mar-2026 10:50:31 UTC] PHP Parse error:  Unmatched '}' in /var/www/html/wp-content/mu-plugins/vp-proxy-directus.php on line 681
[08-Mar-2026 10:50:32 UTC] PHP Parse error:  Unmatched '}' in /var/www/html/wp-content/mu-plugins/vp-proxy-directus.php on line 681
[08-Mar-2026 10:50:32 UTC] PHP Parse error:  Unmatched '}' in /var/www/html/wp-content/mu-plugins/vp-proxy-directus.php on line 681
[08-Mar-2026 10:50:33 UTC] PHP Parse error:  Unmatched '}' in /var/www/html/wp-content/mu-plugins/vp-proxy-directus.php on line 681
[08-Mar-2026 10:50:33 UTC] PHP Parse error:  Unmatched '}' in /var/www/html/wp-content/mu-plugins/vp-proxy-directus.php on line 681
[08-Mar-2026 10:50:34 UTC] PHP Parse error:  Unmatched '}' in /var/www/html/wp-content/mu-plugins/vp-proxy-directus.php on line 681
[08-Mar-2026 10:50:35 UTC] PHP Parse error:  Unmatched '}' in /var/www/html/wp-content/mu-plugins/vp-proxy-directus.php on line 681
[08-Mar-2026 10:50:36 UTC] PHP Parse error:  Unmatched '}' in /var/www/html/wp-content/mu-plugins/vp-proxy-directus.php on line 681
[08-Mar-2026 10:50:47 UTC] PHP Parse error:  Unmatched '}' in /var/www/html/wp-content/mu-plugins/vp-proxy-directus.php on line 681
[08-Mar-2026 10:50:48 UTC] PHP Parse error:  Unmatched '}' in /var/www/html/wp-content/mu-plugins/vp-proxy-directus.php on line 681
[08-Mar-2026 10:50:49 UTC] PHP Parse error:  Unmatched '}' in /var/www/html/wp-content/mu-plugins/vp-proxy-directus.php on line 681
[08-Mar-2026 10:50:50 UTC] PHP Parse error:  Unmatched '}' in /var/www/html/wp-content/mu-plugins/vp-proxy-directus.php on line 681
[08-Mar-2026 10:50:52 UTC] PHP Parse error:  Unmatched '}' in /var/www/html/wp-content/mu-plugins/vp-proxy-directus.php on line 681
[08-Mar-2026 10:50:54 UTC] PHP Parse error:  Unmatched '}' in /var/www/html/wp-content/mu-plugins/vp-proxy-directus.php on line 681
[08-Mar-2026 10:50:55 UTC] PHP Parse error:  Unmatched '}' in /var/www/html/wp-content/mu-plugins/vp-proxy-directus.php on line 681
[08-Mar-2026 10:50:56 UTC] PHP Parse error:  Unmatched '}' in /var/www/html/wp-content/mu-plugins/vp-proxy-directus.php on line 681
[08-Mar-2026 10:50:56 UTC] PHP Parse error:  Unmatched '}' in /var/www/html/wp-content/mu-plugins/vp-proxy-directus.php on line 681
[08-Mar-2026 10:50:57 UTC] PHP Parse error:  Unmatched '}' in /var/www/html/wp-content/mu-plugins/vp-proxy-directus.php on line 681
[08-Mar-2026 10:50:58 UTC] PHP Parse error:  Unmatched '}' in /var/www/html/wp-content/mu-plugins/vp-proxy-directus.php on line 681
[08-Mar-2026 10:51:00 UTC] PHP Parse error:  Unmatched '}' in /var/www/html/wp-content/mu-plugins/vp-proxy-directus.php on line 681
[08-Mar-2026 10:51:01 UTC] PHP Parse error:  Unmatched '}' in /var/www/html/wp-content/mu-plugins/vp-proxy-directus.php on line 681
[08-Mar-2026 10:51:02 UTC] PHP Parse error:  Unmatched '}' in /var/www/html/wp-content/mu-plugins/vp-proxy-directus.php on line 681
[08-Mar-2026 10:51:04 UTC] PHP Parse error:  Unmatched '}' in /var/www/html/wp-content/mu-plugins/vp-proxy-directus.php on line 681
[08-Mar-2026 10:51:05 UTC] PHP Parse error:  Unmatched '}' in /var/www/html/wp-content/mu-plugins/vp-proxy-directus.php on line 681
[08-Mar-2026 10:51:06 UTC] PHP Parse error:  Unmatched '}' in /var/www/html/wp-content/mu-plugins/vp-proxy-directus.php on line 681
[08-Mar-2026 10:51:08 UTC] PHP Parse error:  Unmatched '}' in /var/www/html/wp-content/mu-plugins/vp-proxy-directus.php on line 681
[08-Mar-2026 10:51:10 UTC] PHP Parse error:  Unmatched '}' in /var/www/html/wp-content/mu-plugins/vp-proxy-directus.php on line 681
[08-Mar-2026 10:51:11 UTC] PHP Parse error:  Unmatched '}' in /var/www/html/wp-content/mu-plugins/vp-proxy-directus.php on line 681
[08-Mar-2026 10:51:14 UTC] PHP Parse error:  Unmatched '}' in /var/www/html/wp-content/mu-plugins/vp-proxy-directus.php on line 681
[08-Mar-2026 10:51:20 UTC] PHP Parse error:  Unmatched '}' in /var/www/html/wp-content/mu-plugins/vp-proxy-directus.php on line 681
[08-Mar-2026 10:51:23 UTC] PHP Parse error:  Unmatched '}' in /var/www/html/wp-content/mu-plugins/vp-proxy-directus.php on line 681
[08-Mar-2026 10:51:24 UTC] PHP Parse error:  Unmatched '}' in /var/www/html/wp-content/mu-plugins/vp-proxy-directus.php on line 681
[08-Mar-2026 10:51:25 UTC] PHP Parse error:  Unmatched '}' in /var/www/html/wp-content/mu-plugins/vp-proxy-directus.php on line 681
[08-Mar-2026 10:51:27 UTC] PHP Parse error:  Unmatched '}' in /var/www/html/wp-content/mu-plugins/vp-proxy-directus.php on line 681
[08-Mar-2026 10:51:28 UTC] PHP Parse error:  Unmatched '}' in /var/www/html/wp-content/mu-plugins/vp-proxy-directus.php on line 681
[08-Mar-2026 10:51:29 UTC] PHP Parse error:  Unmatched '}' in /var/www/html/wp-content/mu-plugins/vp-proxy-directus.php on line 681
[08-Mar-2026 10:51:30 UTC] PHP Parse error:  Unmatched '}' in /var/www/html/wp-content/mu-plugins/vp-proxy-directus.php on line 681
[08-Mar-2026 10:51:32 UTC] PHP Parse error:  Unmatched '}' in /var/www/html/wp-content/mu-plugins/vp-proxy-directus.php on line 681
[08-Mar-2026 10:51:32 UTC] PHP Parse error:  Unmatched '}' in /var/www/html/wp-content/mu-plugins/vp-proxy-directus.php on line 681
[08-Mar-2026 10:51:33 UTC] PHP Parse error:  Unmatched '}' in /var/www/html/wp-content/mu-plugins/vp-proxy-directus.php on line 681
[08-Mar-2026 10:51:34 UTC] PHP Parse error:  Unmatched '}' in /var/www/html/wp-content/mu-plugins/vp-proxy-directus.php on line 681
[08-Mar-2026 10:51:34 UTC] PHP Parse error:  Unmatched '}' in /var/www/html/wp-content/mu-plugins/vp-proxy-directus.php on line 681
[08-Mar-2026 10:51:35 UTC] PHP Parse error:  Unmatched '}' in /var/www/html/wp-content/mu-plugins/vp-proxy-directus.php on line 681
[08-Mar-2026 10:51:36 UTC] PHP Parse error:  Unmatched '}' in /var/www/html/wp-content/mu-plugins/vp-proxy-directus.php on line 681
[08-Mar-2026 10:51:38 UTC] PHP Parse error:  Unmatched '}' in /var/www/html/wp-content/mu-plugins/vp-proxy-directus.php on line 681
[08-Mar-2026 10:51:40 UTC] PHP Parse error:  Unmatched '}' in /var/www/html/wp-content/mu-plugins/vp-proxy-directus.php on line 681
[08-Mar-2026 10:51:42 UTC] PHP Parse error:  Unmatched '}' in /var/www/html/wp-content/mu-plugins/vp-proxy-directus.php on line 681
[08-Mar-2026 10:51:47 UTC] PHP Parse error:  Unmatched '}' in /var/www/html/wp-content/mu-plugins/vp-proxy-directus.php on line 681
[08-Mar-2026 10:51:51 UTC] PHP Parse error:  Unmatched '}' in /var/www/html/wp-content/mu-plugins/vp-proxy-directus.php on line 681
[08-Mar-2026 10:51:52 UTC] PHP Parse error:  Unmatched '}' in /var/www/html/wp-content/mu-plugins/vp-proxy-directus.php on line 681
[08-Mar-2026 10:51:54 UTC] PHP Parse error:  Unmatched '}' in /var/www/html/wp-content/mu-plugins/vp-proxy-directus.php on line 681
[08-Mar-2026 10:51:55 UTC] PHP Parse error:  Unmatched '}' in /var/www/html/wp-content/mu-plugins/vp-proxy-directus.php on line 681
[08-Mar-2026 10:51:56 UTC] PHP Parse error:  Unmatched '}' in /var/www/html/wp-content/mu-plugins/vp-proxy-directus.php on line 681
[08-Mar-2026 10:51:57 UTC] PHP Parse error:  Unmatched '}' in /var/www/html/wp-content/mu-plugins/vp-proxy-directus.php on line 681
[08-Mar-2026 10:51:58 UTC] PHP Parse error:  Unmatched '}' in /var/www/html/wp-content/mu-plugins/vp-proxy-directus.php on line 681
[08-Mar-2026 10:51:58 UTC] PHP Parse error:  Unmatched '}' in /var/www/html/wp-content/mu-plugins/vp-proxy-directus.php on line 681
[08-Mar-2026 10:51:59 UTC] PHP Parse error:  Unmatched '}' in /var/www/html/wp-content/mu-plugins/vp-proxy-directus.php on line 681
[08-Mar-2026 10:51:59 UTC] PHP Parse error:  Unmatched '}' in /var/www/html/wp-content/mu-plugins/vp-proxy-directus.php on line 681
[08-Mar-2026 10:52:00 UTC] PHP Parse error:  Unmatched '}' in /var/www/html/wp-content/mu-plugins/vp-proxy-directus.php on line 681
[08-Mar-2026 10:52:07 UTC] PHP Parse error:  Unmatched '}' in /var/www/html/wp-content/mu-plugins/vp-proxy-directus.php on line 681
[08-Mar-2026 10:52:11 UTC] PHP Parse error:  Unmatched '}' in /var/www/html/wp-content/mu-plugins/vp-proxy-directus.php on line 681
[08-Mar-2026 10:52:21 UTC] PHP Parse error:  Unmatched '}' in /var/www/html/wp-content/mu-plugins/vp-proxy-directus.php on line 681
[08-Mar-2026 10:52:25 UTC] PHP Parse error:  Unmatched '}' in /var/www/html/wp-content/mu-plugins/vp-proxy-directus.php on line 681
[08-Mar-2026 10:52:29 UTC] PHP Parse error:  Unmatched '}' in /var/www/html/wp-content/mu-plugins/vp-proxy-directus.php on line 681
[08-Mar-2026 10:52:35 UTC] PHP Parse error:  Unmatched '}' in /var/www/html/wp-content/mu-plugins/vp-proxy-directus.php on line 681
[08-Mar-2026 10:52:36 UTC] PHP Parse error:  Unmatched '}' in /var/www/html/wp-content/mu-plugins/vp-proxy-directus.php on line 681
[08-Mar-2026 10:52:37 UTC] PHP Parse error:  Unmatched '}' in /var/www/html/wp-content/mu-plugins/vp-proxy-directus.php on line 681
[08-Mar-2026 10:52:37 UTC] PHP Parse error:  Unmatched '}' in /var/www/html/wp-content/mu-plugins/vp-proxy-directus.php on line 681
[08-Mar-2026 10:52:38 UTC] PHP Parse error:  Unmatched '}' in /var/www/html/wp-content/mu-plugins/vp-proxy-directus.php on line 681
[08-Mar-2026 10:52:38 UTC] PHP Parse error:  Unmatched '}' in /var/www/html/wp-content/mu-plugins/vp-proxy-directus.php on line 681
[08-Mar-2026 10:52:49 UTC] PHP Parse error:  Unmatched '}' in /var/www/html/wp-content/mu-plugins/vp-proxy-directus.php on line 681
[08-Mar-2026 10:52:52 UTC] PHP Parse error:  Unmatched '}' in /var/www/html/wp-content/mu-plugins/vp-proxy-directus.php on line 681
[08-Mar-2026 10:52:54 UTC] PHP Parse error:  Unmatched '}' in /var/www/html/wp-content/mu-plugins/vp-proxy-directus.php on line 681
[08-Mar-2026 10:52:56 UTC] PHP Parse error:  Unmatched '}' in /var/www/html/wp-content/mu-plugins/vp-proxy-directus.php on line 681
[08-Mar-2026 10:52:57 UTC] PHP Parse error:  Unmatched '}' in /var/www/html/wp-content/mu-plugins/vp-proxy-directus.php on line 681
[08-Mar-2026 10:52:58 UTC] PHP Parse error:  Unmatched '}' in /var/www/html/wp-content/mu-plugins/vp-proxy-directus.php on line 681
[08-Mar-2026 10:52:59 UTC] PHP Parse error:  Unmatched '}' in /var/www/html/wp-content/mu-plugins/vp-proxy-directus.php on line 681
[08-Mar-2026 10:53:01 UTC] PHP Parse error:  Unmatched '}' in /var/www/html/wp-content/mu-plugins/vp-proxy-directus.php on line 681
[08-Mar-2026 10:53:04 UTC] PHP Parse error:  Unmatched '}' in /var/www/html/wp-content/mu-plugins/vp-proxy-directus.php on line 681
[08-Mar-2026 10:53:04 UTC] PHP Parse error:  Unmatched '}' in /var/www/html/wp-content/mu-plugins/vp-proxy-directus.php on line 681
[08-Mar-2026 10:53:05 UTC] PHP Parse error:  Unmatched '}' in /var/www/html/wp-content/mu-plugins/vp-proxy-directus.php on line 681
[08-Mar-2026 10:53:07 UTC] PHP Parse error:  Unmatched '}' in /var/www/html/wp-content/mu-plugins/vp-proxy-directus.php on line 681
[08-Mar-2026 10:53:09 UTC] PHP Parse error:  Unmatched '}' in /var/www/html/wp-content/mu-plugins/vp-proxy-directus.php on line 681
[08-Mar-2026 10:53:10 UTC] PHP Parse error:  Unmatched '}' in /var/www/html/wp-content/mu-plugins/vp-proxy-directus.php on line 681
[08-Mar-2026 10:53:12 UTC] PHP Parse error:  Unmatched '}' in /var/www/html/wp-content/mu-plugins/vp-proxy-directus.php on line 681
[08-Mar-2026 10:53:14 UTC] PHP Parse error:  Unmatched '}' in /var/www/html/wp-content/mu-plugins/vp-proxy-directus.php on line 681
[08-Mar-2026 10:53:15 UTC] PHP Parse error:  Unmatched '}' in /var/www/html/wp-content/mu-plugins/vp-proxy-directus.php on line 681
[08-Mar-2026 10:53:15 UTC] PHP Parse error:  Unmatched '}' in /var/www/html/wp-content/mu-plugins/vp-proxy-directus.php on line 681
[08-Mar-2026 10:53:17 UTC] PHP Parse error:  Unmatched '}' in /var/www/html/wp-content/mu-plugins/vp-proxy-directus.php on line 681
[08-Mar-2026 10:53:36 UTC] PHP Parse error:  Unmatched '}' in /var/www/html/wp-content/mu-plugins/vp-proxy-directus.php on line 681
[08-Mar-2026 10:53:38 UTC] PHP Parse error:  Unmatched '}' in /var/www/html/wp-content/mu-plugins/vp-proxy-directus.php on line 681
[08-Mar-2026 10:53:39 UTC] PHP Parse error:  Unmatched '}' in /var/www/html/wp-content/mu-plugins/vp-proxy-directus.php on line 681
[08-Mar-2026 10:53:41 UTC] PHP Parse error:  Unmatched '}' in /var/www/html/wp-content/mu-plugins/vp-proxy-directus.php on line 681
[08-Mar-2026 10:53:41 UTC] PHP Parse error:  Unmatched '}' in /var/www/html/wp-content/mu-plugins/vp-proxy-directus.php on line 681
[08-Mar-2026 10:53:42 UTC] PHP Parse error:  Unmatched '}' in /var/www/html/wp-content/mu-plugins/vp-proxy-directus.php on line 681
[08-Mar-2026 10:53:57 UTC] PHP Parse error:  Unmatched '}' in /var/www/html/wp-content/mu-plugins/vp-proxy-directus.php on line 681
[08-Mar-2026 10:53:58 UTC] PHP Parse error:  Unmatched '}' in /var/www/html/wp-content/mu-plugins/vp-proxy-directus.php on line 681
[08-Mar-2026 10:53:59 UTC] PHP Parse error:  Unmatched '}' in /var/www/html/wp-content/mu-plugins/vp-proxy-directus.php on line 681
[08-Mar-2026 10:54:00 UTC] PHP Parse error:  Unmatched '}' in /var/www/html/wp-content/mu-plugins/vp-proxy-directus.php on line 681
[08-Mar-2026 10:54:01 UTC] PHP Parse error:  Unmatched '}' in /var/www/html/wp-content/mu-plugins/vp-proxy-directus.php on line 681
[08-Mar-2026 10:54:01 UTC] PHP Parse error:  Unmatched '}' in /var/www/html/wp-content/mu-plugins/vp-proxy-directus.php on line 681
[08-Mar-2026 10:54:03 UTC] PHP Parse error:  Unmatched '}' in /var/www/html/wp-content/mu-plugins/vp-proxy-directus.php on line 681
[08-Mar-2026 10:54:04 UTC] PHP Parse error:  Unmatched '}' in /var/www/html/wp-content/mu-plugins/vp-proxy-directus.php on line 681
[08-Mar-2026 10:54:05 UTC] PHP Parse error:  Unmatched '}' in /var/www/html/wp-content/mu-plugins/vp-proxy-directus.php on line 681
[08-Mar-2026 10:54:06 UTC] PHP Parse error:  Unmatched '}' in /var/www/html/wp-content/mu-plugins/vp-proxy-directus.php on line 681
[08-Mar-2026 10:54:09 UTC] PHP Parse error:  Unmatched '}' in /var/www/html/wp-content/mu-plugins/vp-proxy-directus.php on line 681
[08-Mar-2026 10:54:13 UTC] PHP Parse error:  Unmatched '}' in /var/www/html/wp-content/mu-plugins/vp-proxy-directus.php on line 681
[08-Mar-2026 10:54:30 UTC] PHP Parse error:  Unmatched '}' in /var/www/html/wp-content/mu-plugins/vp-proxy-directus.php on line 681
[08-Mar-2026 10:54:31 UTC] PHP Parse error:  Unmatched '}' in /var/www/html/wp-content/mu-plugins/vp-proxy-directus.php on line 681
[08-Mar-2026 10:54:32 UTC] PHP Parse error:  Unmatched '}' in /var/www/html/wp-content/mu-plugins/vp-proxy-directus.php on line 681
[08-Mar-2026 10:54:33 UTC] PHP Parse error:  Unmatched '}' in /var/www/html/wp-content/mu-plugins/vp-proxy-directus.php on line 681
[08-Mar-2026 10:54:35 UTC] PHP Parse error:  Unmatched '}' in /var/www/html/wp-content/mu-plugins/vp-proxy-directus.php on line 681
[08-Mar-2026 10:54:36 UTC] PHP Parse error:  Unmatched '}' in /var/www/html/wp-content/mu-plugins/vp-proxy-directus.php on line 681
[08-Mar-2026 10:54:37 UTC] PHP Parse error:  Unmatched '}' in /var/www/html/wp-content/mu-plugins/vp-proxy-directus.php on line 681
[08-Mar-2026 10:54:38 UTC] PHP Parse error:  Unmatched '}' in /var/www/html/wp-content/mu-plugins/vp-proxy-directus.php on line 681
[08-Mar-2026 10:54:38 UTC] PHP Parse error:  Unmatched '}' in /var/www/html/wp-content/mu-plugins/vp-proxy-directus.php on line 681
[08-Mar-2026 10:54:40 UTC] PHP Parse error:  Unmatched '}' in /var/www/html/wp-content/mu-plugins/vp-proxy-directus.php on line 681
[08-Mar-2026 10:54:41 UTC] PHP Parse error:  Unmatched '}' in /var/www/html/wp-content/mu-plugins/vp-proxy-directus.php on line 681
[08-Mar-2026 10:54:43 UTC] PHP Parse error:  Unmatched '}' in /var/www/html/wp-content/mu-plugins/vp-proxy-directus.php on line 681
[08-Mar-2026 10:54:43 UTC] PHP Parse error:  Unmatched '}' in /var/www/html/wp-content/mu-plugins/vp-proxy-directus.php on line 681
[08-Mar-2026 10:54:54 UTC] PHP Parse error:  Unmatched '}' in /var/www/html/wp-content/mu-plugins/vp-proxy-directus.php on line 681
[08-Mar-2026 10:55:00 UTC] PHP Parse error:  Unmatched '}' in /var/www/html/wp-content/mu-plugins/vp-proxy-directus.php on line 681
[08-Mar-2026 10:55:01 UTC] PHP Parse error:  Unmatched '}' in /var/www/html/wp-content/mu-plugins/vp-proxy-directus.php on line 681
[08-Mar-2026 10:55:11 UTC] PHP Parse error:  Unmatched '}' in /var/www/html/wp-content/mu-plugins/vp-proxy-directus.php on line 681
[08-Mar-2026 10:55:25 UTC] PHP Parse error:  Unmatched '}' in /var/www/html/wp-content/mu-plugins/vp-proxy-directus.php on line 681
[08-Mar-2026 10:55:26 UTC] PHP Parse error:  Unmatched '}' in /var/www/html/wp-content/mu-plugins/vp-proxy-directus.php on line 681
[08-Mar-2026 10:55:33 UTC] PHP Parse error:  Unmatched '}' in /var/www/html/wp-content/mu-plugins/vp-proxy-directus.php on line 681
[08-Mar-2026 10:55:37 UTC] PHP Parse error:  Unmatched '}' in /var/www/html/wp-content/mu-plugins/vp-proxy-directus.php on line 681
[08-Mar-2026 10:55:37 UTC] PHP Parse error:  Unmatched '}' in /var/www/html/wp-content/mu-plugins/vp-proxy-directus.php on line 681
[08-Mar-2026 10:55:38 UTC] PHP Parse error:  Unmatched '}' in /var/www/html/wp-content/mu-plugins/vp-proxy-directus.php on line 681
[08-Mar-2026 10:55:40 UTC] PHP Parse error:  Unmatched '}' in /var/www/html/wp-content/mu-plugins/vp-proxy-directus.php on line 681
[08-Mar-2026 10:55:42 UTC] PHP Parse error:  Unmatched '}' in /var/www/html/wp-content/mu-plugins/vp-proxy-directus.php on line 681
[08-Mar-2026 10:55:51 UTC] PHP Parse error:  Unmatched '}' in /var/www/html/wp-content/mu-plugins/vp-proxy-directus.php on line 681
[08-Mar-2026 10:55:55 UTC] PHP Parse error:  Unmatched '}' in /var/www/html/wp-content/mu-plugins/vp-proxy-directus.php on line 681
[08-Mar-2026 10:55:56 UTC] PHP Parse error:  Unmatched '}' in /var/www/html/wp-content/mu-plugins/vp-proxy-directus.php on line 681
[08-Mar-2026 10:55:57 UTC] PHP Parse error:  Unmatched '}' in /var/www/html/wp-content/mu-plugins/vp-proxy-directus.php on line 681
[08-Mar-2026 10:55:58 UTC] PHP Parse error:  Unmatched '}' in /var/www/html/wp-content/mu-plugins/vp-proxy-directus.php on line 681
[08-Mar-2026 10:56:08 UTC] PHP Parse error:  Unmatched '}' in /var/www/html/wp-content/mu-plugins/vp-proxy-directus.php on line 681
[08-Mar-2026 10:56:10 UTC] PHP Parse error:  Unmatched '}' in /var/www/html/wp-content/mu-plugins/vp-proxy-directus.php on line 681
[08-Mar-2026 10:56:14 UTC] PHP Parse error:  Unmatched '}' in /var/www/html/wp-content/mu-plugins/vp-proxy-directus.php on line 681
[08-Mar-2026 10:56:16 UTC] PHP Parse error:  Unmatched '}' in /var/www/html/wp-content/mu-plugins/vp-proxy-directus.php on line 681
[08-Mar-2026 10:56:17 UTC] PHP Parse error:  Unmatched '}' in /var/www/html/wp-content/mu-plugins/vp-proxy-directus.php on line 681
[08-Mar-2026 10:56:18 UTC] PHP Parse error:  Unmatched '}' in /var/www/html/wp-content/mu-plugins/vp-proxy-directus.php on line 681
[08-Mar-2026 10:56:20 UTC] PHP Parse error:  Unmatched '}' in /var/www/html/wp-content/mu-plugins/vp-proxy-directus.php on line 681
[08-Mar-2026 10:56:21 UTC] PHP Parse error:  Unmatched '}' in /var/www/html/wp-content/mu-plugins/vp-proxy-directus.php on line 681
[08-Mar-2026 10:56:22 UTC] PHP Parse error:  Unmatched '}' in /var/www/html/wp-content/mu-plugins/vp-proxy-directus.php on line 681
[08-Mar-2026 10:56:22 UTC] PHP Parse error:  Unmatched '}' in /var/www/html/wp-content/mu-plugins/vp-proxy-directus.php on line 681
[08-Mar-2026 10:56:23 UTC] PHP Parse error:  Unmatched '}' in /var/www/html/wp-content/mu-plugins/vp-proxy-directus.php on line 681
[08-Mar-2026 10:56:24 UTC] PHP Parse error:  Unmatched '}' in /var/www/html/wp-content/mu-plugins/vp-proxy-directus.php on line 681
[08-Mar-2026 10:56:24 UTC] PHP Parse error:  Unmatched '}' in /var/www/html/wp-content/mu-plugins/vp-proxy-directus.php on line 681
[08-Mar-2026 10:56:27 UTC] PHP Parse error:  Unmatched '}' in /var/www/html/wp-content/mu-plugins/vp-proxy-directus.php on line 681
[08-Mar-2026 10:56:30 UTC] PHP Parse error:  Unmatched '}' in /var/www/html/wp-content/mu-plugins/vp-proxy-directus.php on line 681
[08-Mar-2026 10:56:30 UTC] PHP Parse error:  Unmatched '}' in /var/www/html/wp-content/mu-plugins/vp-proxy-directus.php on line 681
[08-Mar-2026 10:56:31 UTC] PHP Parse error:  Unmatched '}' in /var/www/html/wp-content/mu-plugins/vp-proxy-directus.php on line 681
[08-Mar-2026 10:56:31 UTC] PHP Parse error:  Unmatched '}' in /var/www/html/wp-content/mu-plugins/vp-proxy-directus.php on line 681
[08-Mar-2026 10:56:32 UTC] PHP Parse error:  Unmatched '}' in /var/www/html/wp-content/mu-plugins/vp-proxy-directus.php on line 681
[08-Mar-2026 10:57:03 UTC] PHP Parse error:  Unmatched '}' in /var/www/html/wp-content/mu-plugins/vp-proxy-directus.php on line 681
[08-Mar-2026 10:57:03 UTC] PHP Parse error:  Unmatched '}' in /var/www/html/wp-content/mu-plugins/vp-proxy-directus.php on line 681
[08-Mar-2026 10:57:05 UTC] PHP Parse error:  Unmatched '}' in /var/www/html/wp-content/mu-plugins/vp-proxy-directus.php on line 681
[08-Mar-2026 10:57:06 UTC] PHP Parse error:  Unmatched '}' in /var/www/html/wp-content/mu-plugins/vp-proxy-directus.php on line 681
[08-Mar-2026 10:57:06 UTC] PHP Parse error:  Unmatched '}' in /var/www/html/wp-content/mu-plugins/vp-proxy-directus.php on line 681
[08-Mar-2026 10:57:07 UTC] PHP Parse error:  Unmatched '}' in /var/www/html/wp-content/mu-plugins/vp-proxy-directus.php on line 681
[08-Mar-2026 10:57:08 UTC] PHP Parse error:  Unmatched '}' in /var/www/html/wp-content/mu-plugins/vp-proxy-directus.php on line 681
[08-Mar-2026 10:57:09 UTC] PHP Parse error:  Unmatched '}' in /var/www/html/wp-content/mu-plugins/vp-proxy-directus.php on line 681
[08-Mar-2026 10:57:11 UTC] PHP Parse error:  Unmatched '}' in /var/www/html/wp-content/mu-plugins/vp-proxy-directus.php on line 681
[08-Mar-2026 10:57:12 UTC] PHP Parse error:  Unmatched '}' in /var/www/html/wp-content/mu-plugins/vp-proxy-directus.php on line 681
[08-Mar-2026 10:57:14 UTC] PHP Parse error:  Unmatched '}' in /var/www/html/wp-content/mu-plugins/vp-proxy-directus.php on line 681
[08-Mar-2026 10:57:15 UTC] PHP Parse error:  Unmatched '}' in /var/www/html/wp-content/mu-plugins/vp-proxy-directus.php on line 681
[08-Mar-2026 10:57:16 UTC] PHP Parse error:  Unmatched '}' in /var/www/html/wp-content/mu-plugins/vp-proxy-directus.php on line 681
[08-Mar-2026 10:57:17 UTC] PHP Parse error:  Unmatched '}' in /var/www/html/wp-content/mu-plugins/vp-proxy-directus.php on line 681
[08-Mar-2026 10:57:18 UTC] PHP Parse error:  Unmatched '}' in /var/www/html/wp-content/mu-plugins/vp-proxy-directus.php on line 681
[08-Mar-2026 10:57:19 UTC] PHP Parse error:  Unmatched '}' in /var/www/html/wp-content/mu-plugins/vp-proxy-directus.php on line 681
[08-Mar-2026 10:57:20 UTC] PHP Parse error:  Unmatched '}' in /var/www/html/wp-content/mu-plugins/vp-proxy-directus.php on line 681
[08-Mar-2026 10:57:21 UTC] PHP Parse error:  Unmatched '}' in /var/www/html/wp-content/mu-plugins/vp-proxy-directus.php on line 681
[08-Mar-2026 10:57:23 UTC] PHP Parse error:  Unmatched '}' in /var/www/html/wp-content/mu-plugins/vp-proxy-directus.php on line 681
[08-Mar-2026 10:57:24 UTC] PHP Parse error:  Unmatched '}' in /var/www/html/wp-content/mu-plugins/vp-proxy-directus.php on line 681
[08-Mar-2026 10:57:31 UTC] PHP Parse error:  Unmatched '}' in /var/www/html/wp-content/mu-plugins/vp-proxy-directus.php on line 681
[08-Mar-2026 10:57:35 UTC] PHP Parse error:  Unmatched '}' in /var/www/html/wp-content/mu-plugins/vp-proxy-directus.php on line 681
[08-Mar-2026 10:57:38 UTC] PHP Parse error:  Unmatched '}' in /var/www/html/wp-content/mu-plugins/vp-proxy-directus.php on line 681
[08-Mar-2026 10:57:46 UTC] PHP Parse error:  Unmatched '}' in /var/www/html/wp-content/mu-plugins/vp-proxy-directus.php on line 681
[08-Mar-2026 10:57:52 UTC] PHP Parse error:  Unmatched '}' in /var/www/html/wp-content/mu-plugins/vp-proxy-directus.php on line 681
[08-Mar-2026 10:57:55 UTC] PHP Parse error:  Unmatched '}' in /var/www/html/wp-content/mu-plugins/vp-proxy-directus.php on line 681
[08-Mar-2026 10:57:57 UTC] PHP Parse error:  Unmatched '}' in /var/www/html/wp-content/mu-plugins/vp-proxy-directus.php on line 681
[08-Mar-2026 10:58:03 UTC] PHP Parse error:  Unmatched '}' in /var/www/html/wp-content/mu-plugins/vp-proxy-directus.php on line 681
[08-Mar-2026 10:58:08 UTC] PHP Parse error:  Unmatched '}' in /var/www/html/wp-content/mu-plugins/vp-proxy-directus.php on line 681
[08-Mar-2026 10:58:08 UTC] PHP Parse error:  Unmatched '}' in /var/www/html/wp-content/mu-plugins/vp-proxy-directus.php on line 681
[08-Mar-2026 10:58:09 UTC] PHP Parse error:  Unmatched '}' in /var/www/html/wp-content/mu-plugins/vp-proxy-directus.php on line 681
[08-Mar-2026 10:58:10 UTC] PHP Parse error:  Unmatched '}' in /var/www/html/wp-content/mu-plugins/vp-proxy-directus.php on line 681
[08-Mar-2026 10:58:10 UTC] PHP Parse error:  Unmatched '}' in /var/www/html/wp-content/mu-plugins/vp-proxy-directus.php on line 681
[08-Mar-2026 10:58:11 UTC] PHP Parse error:  Unmatched '}' in /var/www/html/wp-content/mu-plugins/vp-proxy-directus.php on line 681
[08-Mar-2026 10:58:12 UTC] PHP Parse error:  Unmatched '}' in /var/www/html/wp-content/mu-plugins/vp-proxy-directus.php on line 681
[08-Mar-2026 10:58:12 UTC] PHP Parse error:  Unmatched '}' in /var/www/html/wp-content/mu-plugins/vp-proxy-directus.php on line 681
[08-Mar-2026 10:58:27 UTC] PHP Parse error:  Unmatched '}' in /var/www/html/wp-content/mu-plugins/vp-proxy-directus.php on line 681
[08-Mar-2026 10:58:27 UTC] PHP Parse error:  Unmatched '}' in /var/www/html/wp-content/mu-plugins/vp-proxy-directus.php on line 681
[08-Mar-2026 10:58:28 UTC] PHP Parse error:  Unmatched '}' in /var/www/html/wp-content/mu-plugins/vp-proxy-directus.php on line 681
[08-Mar-2026 10:58:34 UTC] PHP Parse error:  Unmatched '}' in /var/www/html/wp-content/mu-plugins/vp-proxy-directus.php on line 681
[08-Mar-2026 10:58:38 UTC] PHP Parse error:  Unmatched '}' in /var/www/html/wp-content/mu-plugins/vp-proxy-directus.php on line 681
[08-Mar-2026 10:58:39 UTC] PHP Parse error:  Unmatched '}' in /var/www/html/wp-content/mu-plugins/vp-proxy-directus.php on line 681
[08-Mar-2026 10:58:41 UTC] PHP Parse error:  Unmatched '}' in /var/www/html/wp-content/mu-plugins/vp-proxy-directus.php on line 681
[08-Mar-2026 10:58:42 UTC] PHP Parse error:  Unmatched '}' in /var/www/html/wp-content/mu-plugins/vp-proxy-directus.php on line 681
[08-Mar-2026 10:58:49 UTC] PHP Parse error:  Unmatched '}' in /var/www/html/wp-content/mu-plugins/vp-proxy-directus.php on line 681
[08-Mar-2026 10:58:52 UTC] PHP Parse error:  Unmatched '}' in /var/www/html/wp-content/mu-plugins/vp-proxy-directus.php on line 681
[08-Mar-2026 10:58:53 UTC] PHP Parse error:  Unmatched '}' in /var/www/html/wp-content/mu-plugins/vp-proxy-directus.php on line 681
[08-Mar-2026 10:58:54 UTC] PHP Parse error:  Unmatched '}' in /var/www/html/wp-content/mu-plugins/vp-proxy-directus.php on line 681
[08-Mar-2026 10:58:54 UTC] PHP Parse error:  Unmatched '}' in /var/www/html/wp-content/mu-plugins/vp-proxy-directus.php on line 681
[08-Mar-2026 10:58:55 UTC] PHP Parse error:  Unmatched '}' in /var/www/html/wp-content/mu-plugins/vp-proxy-directus.php on line 681
[08-Mar-2026 10:58:56 UTC] PHP Parse error:  Unmatched '}' in /var/www/html/wp-content/mu-plugins/vp-proxy-directus.php on line 681
[08-Mar-2026 10:58:56 UTC] PHP Parse error:  Unmatched '}' in /var/www/html/wp-content/mu-plugins/vp-proxy-directus.php on line 681
[08-Mar-2026 10:58:58 UTC] PHP Parse error:  Unmatched '}' in /var/www/html/wp-content/mu-plugins/vp-proxy-directus.php on line 681
[08-Mar-2026 10:58:59 UTC] PHP Parse error:  Unmatched '}' in /var/www/html/wp-content/mu-plugins/vp-proxy-directus.php on line 681
[08-Mar-2026 10:59:01 UTC] PHP Parse error:  Unmatched '}' in /var/www/html/wp-content/mu-plugins/vp-proxy-directus.php on line 681
[08-Mar-2026 10:59:01 UTC] PHP Parse error:  Unmatched '}' in /var/www/html/wp-content/mu-plugins/vp-proxy-directus.php on line 681
[08-Mar-2026 10:59:02 UTC] PHP Parse error:  Unmatched '}' in /var/www/html/wp-content/mu-plugins/vp-proxy-directus.php on line 681
[08-Mar-2026 10:59:02 UTC] PHP Parse error:  Unmatched '}' in /var/www/html/wp-content/mu-plugins/vp-proxy-directus.php on line 681
[08-Mar-2026 10:59:03 UTC] PHP Parse error:  Unmatched '}' in /var/www/html/wp-content/mu-plugins/vp-proxy-directus.php on line 681
[08-Mar-2026 10:59:05 UTC] PHP Parse error:  Unmatched '}' in /var/www/html/wp-content/mu-plugins/vp-proxy-directus.php on line 681
[08-Mar-2026 10:59:18 UTC] PHP Parse error:  Unmatched '}' in /var/www/html/wp-content/mu-plugins/vp-proxy-directus.php on line 681
[08-Mar-2026 10:59:20 UTC] PHP Parse error:  Unmatched '}' in /var/www/html/wp-content/mu-plugins/vp-proxy-directus.php on line 681
[08-Mar-2026 10:59:21 UTC] PHP Parse error:  Unmatched '}' in /var/www/html/wp-content/mu-plugins/vp-proxy-directus.php on line 681
[08-Mar-2026 10:59:22 UTC] PHP Parse error:  Unmatched '}' in /var/www/html/wp-content/mu-plugins/vp-proxy-directus.php on line 681
[08-Mar-2026 10:59:26 UTC] PHP Parse error:  Unmatched '}' in /var/www/html/wp-content/mu-plugins/vp-proxy-directus.php on line 681
[08-Mar-2026 10:59:31 UTC] PHP Parse error:  Unmatched '}' in /var/www/html/wp-content/mu-plugins/vp-proxy-directus.php on line 681
[08-Mar-2026 10:59:33 UTC] PHP Parse error:  Unmatched '}' in /var/www/html/wp-content/mu-plugins/vp-proxy-directus.php on line 681
[08-Mar-2026 10:59:33 UTC] PHP Parse error:  Unmatched '}' in /var/www/html/wp-content/mu-plugins/vp-proxy-directus.php on line 681
[08-Mar-2026 10:59:34 UTC] PHP Parse error:  Unmatched '}' in /var/www/html/wp-content/mu-plugins/vp-proxy-directus.php on line 681
[08-Mar-2026 10:59:45 UTC] PHP Parse error:  Unmatched '}' in /var/www/html/wp-content/mu-plugins/vp-proxy-directus.php on line 681
[08-Mar-2026 10:59:46 UTC] PHP Parse error:  Unmatched '}' in /var/www/html/wp-content/mu-plugins/vp-proxy-directus.php on line 681
[08-Mar-2026 10:59:47 UTC] PHP Parse error:  Unmatched '}' in /var/www/html/wp-content/mu-plugins/vp-proxy-directus.php on line 681
[08-Mar-2026 10:59:48 UTC] PHP Parse error:  Unmatched '}' in /var/www/html/wp-content/mu-plugins/vp-proxy-directus.php on line 681
[08-Mar-2026 10:59:49 UTC] PHP Parse error:  Unmatched '}' in /var/www/html/wp-content/mu-plugins/vp-proxy-directus.php on line 681
[08-Mar-2026 10:59:52 UTC] PHP Parse error:  Unmatched '}' in /var/www/html/wp-content/mu-plugins/vp-proxy-directus.php on line 681
[08-Mar-2026 10:59:54 UTC] PHP Parse error:  Unmatched '}' in /var/www/html/wp-content/mu-plugins/vp-proxy-directus.php on line 681
[08-Mar-2026 10:59:55 UTC] PHP Parse error:  Unmatched '}' in /var/www/html/wp-content/mu-plugins/vp-proxy-directus.php on line 681
[08-Mar-2026 10:59:56 UTC] PHP Parse error:  Unmatched '}' in /var/www/html/wp-content/mu-plugins/vp-proxy-directus.php on line 681
[08-Mar-2026 10:59:59 UTC] PHP Parse error:  Unmatched '}' in /var/www/html/wp-content/mu-plugins/vp-proxy-directus.php on line 681
[08-Mar-2026 11:00:00 UTC] PHP Parse error:  Unmatched '}' in /var/www/html/wp-content/mu-plugins/vp-proxy-directus.php on line 681
[08-Mar-2026 11:00:01 UTC] PHP Parse error:  Unmatched '}' in /var/www/html/wp-content/mu-plugins/vp-proxy-directus.php on line 681
[08-Mar-2026 11:00:02 UTC] PHP Parse error:  Unmatched '}' in /var/www/html/wp-content/mu-plugins/vp-proxy-directus.php on line 681
[08-Mar-2026 11:00:02 UTC] PHP Parse error:  Unmatched '}' in /var/www/html/wp-content/mu-plugins/vp-proxy-directus.php on line 681
[08-Mar-2026 11:00:13 UTC] PHP Parse error:  Unmatched '}' in /var/www/html/wp-content/mu-plugins/vp-proxy-directus.php on line 681
[08-Mar-2026 11:00:14 UTC] PHP Parse error:  Unmatched '}' in /var/www/html/wp-content/mu-plugins/vp-proxy-directus.php on line 681
[08-Mar-2026 11:00:16 UTC] PHP Parse error:  Unmatched '}' in /var/www/html/wp-content/mu-plugins/vp-proxy-directus.php on line 681
[08-Mar-2026 11:00:17 UTC] PHP Parse error:  Unmatched '}' in /var/www/html/wp-content/mu-plugins/vp-proxy-directus.php on line 681
[08-Mar-2026 11:00:19 UTC] PHP Parse error:  Unmatched '}' in /var/www/html/wp-content/mu-plugins/vp-proxy-directus.php on line 681
[08-Mar-2026 11:00:20 UTC] PHP Parse error:  Unmatched '}' in /var/www/html/wp-content/mu-plugins/vp-proxy-directus.php on line 681
[08-Mar-2026 11:00:20 UTC] PHP Parse error:  Unmatched '}' in /var/www/html/wp-content/mu-plugins/vp-proxy-directus.php on line 681
[08-Mar-2026 11:00:20 UTC] PHP Parse error:  Unmatched '}' in /var/www/html/wp-content/mu-plugins/vp-proxy-directus.php on line 681
[08-Mar-2026 11:00:22 UTC] PHP Parse error:  Unmatched '}' in /var/www/html/wp-content/mu-plugins/vp-proxy-directus.php on line 681
[08-Mar-2026 11:00:23 UTC] PHP Parse error:  Unmatched '}' in /var/www/html/wp-content/mu-plugins/vp-proxy-directus.php on line 681
[08-Mar-2026 11:00:25 UTC] PHP Parse error:  Unmatched '}' in /var/www/html/wp-content/mu-plugins/vp-proxy-directus.php on line 681
[08-Mar-2026 11:00:25 UTC] PHP Parse error:  Unmatched '}' in /var/www/html/wp-content/mu-plugins/vp-proxy-directus.php on line 681
[08-Mar-2026 11:00:26 UTC] PHP Parse error:  Unmatched '}' in /var/www/html/wp-content/mu-plugins/vp-proxy-directus.php on line 681
[08-Mar-2026 11:00:28 UTC] PHP Parse error:  Unmatched '}' in /var/www/html/wp-content/mu-plugins/vp-proxy-directus.php on line 681
[08-Mar-2026 11:00:29 UTC] PHP Parse error:  Unmatched '}' in /var/www/html/wp-content/mu-plugins/vp-proxy-directus.php on line 681
[08-Mar-2026 11:00:29 UTC] PHP Parse error:  Unmatched '}' in /var/www/html/wp-content/mu-plugins/vp-proxy-directus.php on line 681
[08-Mar-2026 11:00:30 UTC] PHP Parse error:  Unmatched '}' in /var/www/html/wp-content/mu-plugins/vp-proxy-directus.php on line 681
[08-Mar-2026 11:00:30 UTC] PHP Parse error:  Unmatched '}' in /var/www/html/wp-content/mu-plugins/vp-proxy-directus.php on line 681
[08-Mar-2026 11:00:43 UTC] PHP Parse error:  Unmatched '}' in /var/www/html/wp-content/mu-plugins/vp-proxy-directus.php on line 681
[08-Mar-2026 11:00:44 UTC] PHP Parse error:  Unmatched '}' in /var/www/html/wp-content/mu-plugins/vp-proxy-directus.php on line 681
[08-Mar-2026 11:00:45 UTC] PHP Parse error:  Unmatched '}' in /var/www/html/wp-content/mu-plugins/vp-proxy-directus.php on line 681
[08-Mar-2026 11:01:17 UTC] PHP Parse error:  Unmatched '}' in /var/www/html/wp-content/mu-plugins/vp-proxy-directus.php on line 681
[08-Mar-2026 11:01:18 UTC] PHP Parse error:  Unmatched '}' in /var/www/html/wp-content/mu-plugins/vp-proxy-directus.php on line 681
[08-Mar-2026 11:01:19 UTC] PHP Parse error:  Unmatched '}' in /var/www/html/wp-content/mu-plugins/vp-proxy-directus.php on line 681
[08-Mar-2026 11:01:20 UTC] PHP Parse error:  Unmatched '}' in /var/www/html/wp-content/mu-plugins/vp-proxy-directus.php on line 681
[08-Mar-2026 11:01:20 UTC] PHP Parse error:  Unmatched '}' in /var/www/html/wp-content/mu-plugins/vp-proxy-directus.php on line 681
[08-Mar-2026 11:01:22 UTC] PHP Parse error:  Unmatched '}' in /var/www/html/wp-content/mu-plugins/vp-proxy-directus.php on line 681
[08-Mar-2026 11:01:26 UTC] PHP Parse error:  Unmatched '}' in /var/www/html/wp-content/mu-plugins/vp-proxy-directus.php on line 681
[08-Mar-2026 11:01:29 UTC] PHP Parse error:  Unmatched '}' in /var/www/html/wp-content/mu-plugins/vp-proxy-directus.php on line 681
[08-Mar-2026 11:01:29 UTC] PHP Parse error:  Unmatched '}' in /var/www/html/wp-content/mu-plugins/vp-proxy-directus.php on line 681
[08-Mar-2026 11:01:31 UTC] PHP Parse error:  Unmatched '}' in /var/www/html/wp-content/mu-plugins/vp-proxy-directus.php on line 681
[08-Mar-2026 11:01:32 UTC] PHP Parse error:  Unmatched '}' in /var/www/html/wp-content/mu-plugins/vp-proxy-directus.php on line 681
[08-Mar-2026 11:01:33 UTC] PHP Parse error:  Unmatched '}' in /var/www/html/wp-content/mu-plugins/vp-proxy-directus.php on line 681
[08-Mar-2026 11:01:34 UTC] PHP Parse error:  Unmatched '}' in /var/www/html/wp-content/mu-plugins/vp-proxy-directus.php on line 681
[08-Mar-2026 11:01:51 UTC] PHP Parse error:  Unmatched '}' in /var/www/html/wp-content/mu-plugins/vp-proxy-directus.php on line 681
[08-Mar-2026 11:01:57 UTC] PHP Parse error:  Unmatched '}' in /var/www/html/wp-content/mu-plugins/vp-proxy-directus.php on line 681
[08-Mar-2026 11:02:02 UTC] PHP Parse error:  Unmatched '}' in /var/www/html/wp-content/mu-plugins/vp-proxy-directus.php on line 681
[08-Mar-2026 11:02:05 UTC] PHP Parse error:  Unmatched '}' in /var/www/html/wp-content/mu-plugins/vp-proxy-directus.php on line 681
[08-Mar-2026 11:02:07 UTC] PHP Parse error:  Unmatched '}' in /var/www/html/wp-content/mu-plugins/vp-proxy-directus.php on line 681
[08-Mar-2026 11:02:07 UTC] PHP Parse error:  Unmatched '}' in /var/www/html/wp-content/mu-plugins/vp-proxy-directus.php on line 681
[08-Mar-2026 11:02:08 UTC] PHP Parse error:  Unmatched '}' in /var/www/html/wp-content/mu-plugins/vp-proxy-directus.php on line 681
[08-Mar-2026 11:02:09 UTC] PHP Parse error:  Unmatched '}' in /var/www/html/wp-content/mu-plugins/vp-proxy-directus.php on line 681
[08-Mar-2026 11:02:11 UTC] PHP Parse error:  Unmatched '}' in /var/www/html/wp-content/mu-plugins/vp-proxy-directus.php on line 681
[08-Mar-2026 11:02:12 UTC] PHP Parse error:  Unmatched '}' in /var/www/html/wp-content/mu-plugins/vp-proxy-directus.php on line 681
[08-Mar-2026 11:02:14 UTC] PHP Parse error:  Unmatched '}' in /var/www/html/wp-content/mu-plugins/vp-proxy-directus.php on line 681
[08-Mar-2026 11:02:15 UTC] PHP Parse error:  Unmatched '}' in /var/www/html/wp-content/mu-plugins/vp-proxy-directus.php on line 681
[08-Mar-2026 11:02:21 UTC] PHP Parse error:  Unmatched '}' in /var/www/html/wp-content/mu-plugins/vp-proxy-directus.php on line 681
[08-Mar-2026 11:02:22 UTC] PHP Parse error:  Unmatched '}' in /var/www/html/wp-content/mu-plugins/vp-proxy-directus.php on line 681
[08-Mar-2026 11:02:23 UTC] PHP Parse error:  Unmatched '}' in /var/www/html/wp-content/mu-plugins/vp-proxy-directus.php on line 681
[08-Mar-2026 11:02:24 UTC] PHP Parse error:  Unmatched '}' in /var/www/html/wp-content/mu-plugins/vp-proxy-directus.php on line 681
[08-Mar-2026 11:02:24 UTC] PHP Parse error:  Unmatched '}' in /var/www/html/wp-content/mu-plugins/vp-proxy-directus.php on line 681
[08-Mar-2026 11:02:24 UTC] PHP Parse error:  Unmatched '}' in /var/www/html/wp-content/mu-plugins/vp-proxy-directus.php on line 681
[08-Mar-2026 11:02:25 UTC] PHP Parse error:  Unmatched '}' in /var/www/html/wp-content/mu-plugins/vp-proxy-directus.php on line 681
[08-Mar-2026 11:02:26 UTC] PHP Parse error:  Unmatched '}' in /var/www/html/wp-content/mu-plugins/vp-proxy-directus.php on line 681
[08-Mar-2026 11:02:27 UTC] PHP Parse error:  Unmatched '}' in /var/www/html/wp-content/mu-plugins/vp-proxy-directus.php on line 681
[08-Mar-2026 11:02:29 UTC] PHP Parse error:  Unmatched '}' in /var/www/html/wp-content/mu-plugins/vp-proxy-directus.php on line 681
[08-Mar-2026 11:02:30 UTC] PHP Parse error:  Unmatched '}' in /var/www/html/wp-content/mu-plugins/vp-proxy-directus.php on line 681
[08-Mar-2026 11:02:31 UTC] PHP Parse error:  Unmatched '}' in /var/www/html/wp-content/mu-plugins/vp-proxy-directus.php on line 681
[08-Mar-2026 11:02:32 UTC] PHP Parse error:  Unmatched '}' in /var/www/html/wp-content/mu-plugins/vp-proxy-directus.php on line 681
[08-Mar-2026 11:02:33 UTC] PHP Parse error:  Unmatched '}' in /var/www/html/wp-content/mu-plugins/vp-proxy-directus.php on line 681
[08-Mar-2026 11:02:34 UTC] PHP Parse error:  Unmatched '}' in /var/www/html/wp-content/mu-plugins/vp-proxy-directus.php on line 681
[08-Mar-2026 11:02:36 UTC] PHP Parse error:  Unmatched '}' in /var/www/html/wp-content/mu-plugins/vp-proxy-directus.php on line 681
[08-Mar-2026 11:02:37 UTC] PHP Parse error:  Unmatched '}' in /var/www/html/wp-content/mu-plugins/vp-proxy-directus.php on line 681
[08-Mar-2026 11:02:38 UTC] PHP Parse error:  Unmatched '}' in /var/www/html/wp-content/mu-plugins/vp-proxy-directus.php on line 681
[08-Mar-2026 11:02:39 UTC] PHP Parse error:  Unmatched '}' in /var/www/html/wp-content/mu-plugins/vp-proxy-directus.php on line 681
[08-Mar-2026 11:02:40 UTC] PHP Parse error:  Unmatched '}' in /var/www/html/wp-content/mu-plugins/vp-proxy-directus.php on line 681
[08-Mar-2026 11:02:51 UTC] PHP Parse error:  Unmatched '}' in /var/www/html/wp-content/mu-plugins/vp-proxy-directus.php on line 681
[08-Mar-2026 11:02:55 UTC] PHP Parse error:  Unmatched '}' in /var/www/html/wp-content/mu-plugins/vp-proxy-directus.php on line 681
[08-Mar-2026 11:03:04 UTC] PHP Parse error:  Unmatched '}' in /var/www/html/wp-content/mu-plugins/vp-proxy-directus.php on line 681
[08-Mar-2026 11:03:08 UTC] PHP Parse error:  Unmatched '}' in /var/www/html/wp-content/mu-plugins/vp-proxy-directus.php on line 681
[08-Mar-2026 11:03:09 UTC] PHP Parse error:  Unmatched '}' in /var/www/html/wp-content/mu-plugins/vp-proxy-directus.php on line 681
[08-Mar-2026 11:03:10 UTC] PHP Parse error:  Unmatched '}' in /var/www/html/wp-content/mu-plugins/vp-proxy-directus.php on line 681
[08-Mar-2026 11:03:11 UTC] PHP Parse error:  Unmatched '}' in /var/www/html/wp-content/mu-plugins/vp-proxy-directus.php on line 681
[08-Mar-2026 11:03:13 UTC] PHP Parse error:  Unmatched '}' in /var/www/html/wp-content/mu-plugins/vp-proxy-directus.php on line 681
[08-Mar-2026 11:03:14 UTC] PHP Parse error:  Unmatched '}' in /var/www/html/wp-content/mu-plugins/vp-proxy-directus.php on line 681
[08-Mar-2026 11:03:15 UTC] PHP Parse error:  Unmatched '}' in /var/www/html/wp-content/mu-plugins/vp-proxy-directus.php on line 681
[08-Mar-2026 11:03:17 UTC] PHP Parse error:  Unmatched '}' in /var/www/html/wp-content/mu-plugins/vp-proxy-directus.php on line 681
[08-Mar-2026 11:03:18 UTC] PHP Parse error:  Unmatched '}' in /var/www/html/wp-content/mu-plugins/vp-proxy-directus.php on line 681
[08-Mar-2026 11:03:18 UTC] PHP Parse error:  Unmatched '}' in /var/www/html/wp-content/mu-plugins/vp-proxy-directus.php on line 681
[08-Mar-2026 11:03:19 UTC] PHP Parse error:  Unmatched '}' in /var/www/html/wp-content/mu-plugins/vp-proxy-directus.php on line 681
[08-Mar-2026 11:03:20 UTC] PHP Parse error:  Unmatched '}' in /var/www/html/wp-content/mu-plugins/vp-proxy-directus.php on line 681
[08-Mar-2026 11:03:21 UTC] PHP Parse error:  Unmatched '}' in /var/www/html/wp-content/mu-plugins/vp-proxy-directus.php on line 681
[08-Mar-2026 11:03:51 UTC] PHP Parse error:  Unmatched '}' in /var/www/html/wp-content/mu-plugins/vp-proxy-directus.php on line 681
[08-Mar-2026 11:03:52 UTC] PHP Parse error:  Unmatched '}' in /var/www/html/wp-content/mu-plugins/vp-proxy-directus.php on line 681
[08-Mar-2026 11:03:53 UTC] PHP Parse error:  Unmatched '}' in /var/www/html/wp-content/mu-plugins/vp-proxy-directus.php on line 681
[08-Mar-2026 11:03:55 UTC] PHP Parse error:  Unmatched '}' in /var/www/html/wp-content/mu-plugins/vp-proxy-directus.php on line 681
[08-Mar-2026 11:03:57 UTC] PHP Parse error:  Unmatched '}' in /var/www/html/wp-content/mu-plugins/vp-proxy-directus.php on line 681
[08-Mar-2026 11:03:57 UTC] PHP Parse error:  Unmatched '}' in /var/www/html/wp-content/mu-plugins/vp-proxy-directus.php on line 681
[08-Mar-2026 11:04:12 UTC] PHP Parse error:  Unmatched '}' in /var/www/html/wp-content/mu-plugins/vp-proxy-directus.php on line 681
[08-Mar-2026 11:04:19 UTC] PHP Parse error:  Unmatched '}' in /var/www/html/wp-content/mu-plugins/vp-proxy-directus.php on line 681
[08-Mar-2026 11:04:20 UTC] PHP Parse error:  Unmatched '}' in /var/www/html/wp-content/mu-plugins/vp-proxy-directus.php on line 681
[08-Mar-2026 11:04:21 UTC] PHP Parse error:  Unmatched '}' in /var/www/html/wp-content/mu-plugins/vp-proxy-directus.php on line 681
[08-Mar-2026 11:04:22 UTC] PHP Parse error:  Unmatched '}' in /var/www/html/wp-content/mu-plugins/vp-proxy-directus.php on line 681
[08-Mar-2026 11:04:22 UTC] PHP Parse error:  Unmatched '}' in /var/www/html/wp-content/mu-plugins/vp-proxy-directus.php on line 681
[08-Mar-2026 11:04:22 UTC] PHP Parse error:  Unmatched '}' in /var/www/html/wp-content/mu-plugins/vp-proxy-directus.php on line 681
[08-Mar-2026 11:04:23 UTC] PHP Parse error:  Unmatched '}' in /var/www/html/wp-content/mu-plugins/vp-proxy-directus.php on line 681
[08-Mar-2026 11:04:24 UTC] PHP Parse error:  Unmatched '}' in /var/www/html/wp-content/mu-plugins/vp-proxy-directus.php on line 681
[08-Mar-2026 11:04:24 UTC] PHP Parse error:  Unmatched '}' in /var/www/html/wp-content/mu-plugins/vp-proxy-directus.php on line 681
[08-Mar-2026 11:04:25 UTC] PHP Parse error:  Unmatched '}' in /var/www/html/wp-content/mu-plugins/vp-proxy-directus.php on line 681
[08-Mar-2026 11:04:26 UTC] PHP Parse error:  Unmatched '}' in /var/www/html/wp-content/mu-plugins/vp-proxy-directus.php on line 681
[08-Mar-2026 11:04:27 UTC] PHP Parse error:  Unmatched '}' in /var/www/html/wp-content/mu-plugins/vp-proxy-directus.php on line 681
[08-Mar-2026 11:04:28 UTC] PHP Parse error:  Unmatched '}' in /var/www/html/wp-content/mu-plugins/vp-proxy-directus.php on line 681
[08-Mar-2026 11:04:35 UTC] PHP Parse error:  Unmatched '}' in /var/www/html/wp-content/mu-plugins/vp-proxy-directus.php on line 681
[08-Mar-2026 11:04:39 UTC] PHP Parse error:  Unmatched '}' in /var/www/html/wp-content/mu-plugins/vp-proxy-directus.php on line 681
[08-Mar-2026 11:04:41 UTC] PHP Parse error:  Unmatched '}' in /var/www/html/wp-content/mu-plugins/vp-proxy-directus.php on line 681
[08-Mar-2026 11:04:43 UTC] PHP Parse error:  Unmatched '}' in /var/www/html/wp-content/mu-plugins/vp-proxy-directus.php on line 681
[08-Mar-2026 11:04:44 UTC] PHP Parse error:  Unmatched '}' in /var/www/html/wp-content/mu-plugins/vp-proxy-directus.php on line 681
[08-Mar-2026 11:04:45 UTC] PHP Parse error:  Unmatched '}' in /var/www/html/wp-content/mu-plugins/vp-proxy-directus.php on line 681
[08-Mar-2026 11:04:46 UTC] PHP Parse error:  Unmatched '}' in /var/www/html/wp-content/mu-plugins/vp-proxy-directus.php on line 681
[08-Mar-2026 11:04:47 UTC] PHP Parse error:  Unmatched '}' in /var/www/html/wp-content/mu-plugins/vp-proxy-directus.php on line 681
[08-Mar-2026 11:04:48 UTC] PHP Parse error:  Unmatched '}' in /var/www/html/wp-content/mu-plugins/vp-proxy-directus.php on line 681
[08-Mar-2026 11:04:49 UTC] PHP Parse error:  Unmatched '}' in /var/www/html/wp-content/mu-plugins/vp-proxy-directus.php on line 681
[08-Mar-2026 11:04:50 UTC] PHP Parse error:  Unmatched '}' in /var/www/html/wp-content/mu-plugins/vp-proxy-directus.php on line 681
[08-Mar-2026 11:04:51 UTC] PHP Parse error:  Unmatched '}' in /var/www/html/wp-content/mu-plugins/vp-proxy-directus.php on line 681
[08-Mar-2026 11:04:52 UTC] PHP Parse error:  Unmatched '}' in /var/www/html/wp-content/mu-plugins/vp-proxy-directus.php on line 681
[08-Mar-2026 11:04:53 UTC] PHP Parse error:  Unmatched '}' in /var/www/html/wp-content/mu-plugins/vp-proxy-directus.php on line 681
[08-Mar-2026 11:04:54 UTC] PHP Parse error:  Unmatched '}' in /var/www/html/wp-content/mu-plugins/vp-proxy-directus.php on line 681
[08-Mar-2026 11:04:56 UTC] PHP Parse error:  Unmatched '}' in /var/www/html/wp-content/mu-plugins/vp-proxy-directus.php on line 681
[08-Mar-2026 11:04:56 UTC] PHP Parse error:  Unmatched '}' in /var/www/html/wp-content/mu-plugins/vp-proxy-directus.php on line 681
[08-Mar-2026 11:04:57 UTC] PHP Parse error:  Unmatched '}' in /var/www/html/wp-content/mu-plugins/vp-proxy-directus.php on line 681
[08-Mar-2026 11:04:59 UTC] PHP Parse error:  Unmatched '}' in /var/www/html/wp-content/mu-plugins/vp-proxy-directus.php on line 681
[08-Mar-2026 11:05:00 UTC] PHP Parse error:  Unmatched '}' in /var/www/html/wp-content/mu-plugins/vp-proxy-directus.php on line 681
[08-Mar-2026 11:05:01 UTC] PHP Parse error:  Unmatched '}' in /var/www/html/wp-content/mu-plugins/vp-proxy-directus.php on line 681
[08-Mar-2026 11:05:02 UTC] PHP Parse error:  Unmatched '}' in /var/www/html/wp-content/mu-plugins/vp-proxy-directus.php on line 681
[08-Mar-2026 11:05:07 UTC] PHP Parse error:  Unmatched '}' in /var/www/html/wp-content/mu-plugins/vp-proxy-directus.php on line 681
[08-Mar-2026 11:05:18 UTC] PHP Parse error:  Unmatched '}' in /var/www/html/wp-content/mu-plugins/vp-proxy-directus.php on line 681
[08-Mar-2026 11:05:27 UTC] PHP Parse error:  Unmatched '}' in /var/www/html/wp-content/mu-plugins/vp-proxy-directus.php on line 681
[08-Mar-2026 11:05:31 UTC] PHP Parse error:  Unmatched '}' in /var/www/html/wp-content/mu-plugins/vp-proxy-directus.php on line 681
[08-Mar-2026 11:05:32 UTC] PHP Parse error:  Unmatched '}' in /var/www/html/wp-content/mu-plugins/vp-proxy-directus.php on line 681
[08-Mar-2026 11:05:33 UTC] PHP Parse error:  Unmatched '}' in /var/www/html/wp-content/mu-plugins/vp-proxy-directus.php on line 681
[08-Mar-2026 11:05:34 UTC] PHP Parse error:  Unmatched '}' in /var/www/html/wp-content/mu-plugins/vp-proxy-directus.php on line 681
[08-Mar-2026 11:05:37 UTC] PHP Parse error:  Unmatched '}' in /var/www/html/wp-content/mu-plugins/vp-proxy-directus.php on line 681
[08-Mar-2026 11:05:39 UTC] PHP Parse error:  Unmatched '}' in /var/www/html/wp-content/mu-plugins/vp-proxy-directus.php on line 681
[08-Mar-2026 11:05:39 UTC] PHP Parse error:  Unmatched '}' in /var/www/html/wp-content/mu-plugins/vp-proxy-directus.php on line 681
[08-Mar-2026 11:05:43 UTC] PHP Parse error:  Unmatched '}' in /var/www/html/wp-content/mu-plugins/vp-proxy-directus.php on line 681
[08-Mar-2026 11:05:45 UTC] PHP Parse error:  Unmatched '}' in /var/www/html/wp-content/mu-plugins/vp-proxy-directus.php on line 681
[08-Mar-2026 11:05:47 UTC] PHP Parse error:  Unmatched '}' in /var/www/html/wp-content/mu-plugins/vp-proxy-directus.php on line 681
[08-Mar-2026 11:05:51 UTC] PHP Parse error:  Unmatched '}' in /var/www/html/wp-content/mu-plugins/vp-proxy-directus.php on line 681
[08-Mar-2026 11:05:54 UTC] PHP Parse error:  Unmatched '}' in /var/www/html/wp-content/mu-plugins/vp-proxy-directus.php on line 681
[08-Mar-2026 11:05:57 UTC] PHP Parse error:  Unmatched '}' in /var/www/html/wp-content/mu-plugins/vp-proxy-directus.php on line 681
[08-Mar-2026 11:05:57 UTC] PHP Parse error:  Unmatched '}' in /var/www/html/wp-content/mu-plugins/vp-proxy-directus.php on line 681
[08-Mar-2026 11:05:58 UTC] PHP Parse error:  Unmatched '}' in /var/www/html/wp-content/mu-plugins/vp-proxy-directus.php on line 681
[08-Mar-2026 11:05:59 UTC] PHP Parse error:  Unmatched '}' in /var/www/html/wp-content/mu-plugins/vp-proxy-directus.php on line 681
[08-Mar-2026 11:06:00 UTC] PHP Parse error:  Unmatched '}' in /var/www/html/wp-content/mu-plugins/vp-proxy-directus.php on line 681
[08-Mar-2026 11:06:11 UTC] PHP Parse error:  Unmatched '}' in /var/www/html/wp-content/mu-plugins/vp-proxy-directus.php on line 681
[08-Mar-2026 11:06:12 UTC] PHP Parse error:  Unmatched '}' in /var/www/html/wp-content/mu-plugins/vp-proxy-directus.php on line 681
[08-Mar-2026 11:06:14 UTC] PHP Parse error:  Unmatched '}' in /var/www/html/wp-content/mu-plugins/vp-proxy-directus.php on line 681
[08-Mar-2026 11:06:16 UTC] PHP Parse error:  Unmatched '}' in /var/www/html/wp-content/mu-plugins/vp-proxy-directus.php on line 681
[08-Mar-2026 11:06:17 UTC] PHP Parse error:  Unmatched '}' in /var/www/html/wp-content/mu-plugins/vp-proxy-directus.php on line 681
[08-Mar-2026 11:06:18 UTC] PHP Parse error:  Unmatched '}' in /var/www/html/wp-content/mu-plugins/vp-proxy-directus.php on line 681
[08-Mar-2026 11:06:19 UTC] PHP Parse error:  Unmatched '}' in /var/www/html/wp-content/mu-plugins/vp-proxy-directus.php on line 681
[08-Mar-2026 11:06:22 UTC] PHP Parse error:  Unmatched '}' in /var/www/html/wp-content/mu-plugins/vp-proxy-directus.php on line 681
[08-Mar-2026 11:06:23 UTC] PHP Parse error:  Unmatched '}' in /var/www/html/wp-content/mu-plugins/vp-proxy-directus.php on line 681
[08-Mar-2026 11:06:46 UTC] PHP Parse error:  Unmatched '}' in /var/www/html/wp-content/mu-plugins/vp-proxy-directus.php on line 681
[08-Mar-2026 11:06:53 UTC] PHP Parse error:  Unmatched '}' in /var/www/html/wp-content/mu-plugins/vp-proxy-directus.php on line 681
[08-Mar-2026 11:06:58 UTC] PHP Parse error:  Unmatched '}' in /var/www/html/wp-content/mu-plugins/vp-proxy-directus.php on line 681
[08-Mar-2026 11:07:04 UTC] PHP Parse error:  Unmatched '}' in /var/www/html/wp-content/mu-plugins/vp-proxy-directus.php on line 681
[08-Mar-2026 11:07:09 UTC] PHP Parse error:  Unmatched '}' in /var/www/html/wp-content/mu-plugins/vp-proxy-directus.php on line 681
[08-Mar-2026 11:07:10 UTC] PHP Parse error:  Unmatched '}' in /var/www/html/wp-content/mu-plugins/vp-proxy-directus.php on line 681
[08-Mar-2026 11:07:36 UTC] PHP Parse error:  Unmatched '}' in /var/www/html/wp-content/mu-plugins/vp-proxy-directus.php on line 681
[08-Mar-2026 11:07:37 UTC] PHP Parse error:  Unmatched '}' in /var/www/html/wp-content/mu-plugins/vp-proxy-directus.php on line 681
[08-Mar-2026 11:07:38 UTC] PHP Parse error:  Unmatched '}' in /var/www/html/wp-content/mu-plugins/vp-proxy-directus.php on line 681
[08-Mar-2026 11:07:39 UTC] PHP Parse error:  Unmatched '}' in /var/www/html/wp-content/mu-plugins/vp-proxy-directus.php on line 681
[08-Mar-2026 11:07:41 UTC] PHP Parse error:  Unmatched '}' in /var/www/html/wp-content/mu-plugins/vp-proxy-directus.php on line 681
[08-Mar-2026 11:07:41 UTC] PHP Parse error:  Unmatched '}' in /var/www/html/wp-content/mu-plugins/vp-proxy-directus.php on line 681
[08-Mar-2026 11:07:41 UTC] PHP Parse error:  Unmatched '}' in /var/www/html/wp-content/mu-plugins/vp-proxy-directus.php on line 681
[08-Mar-2026 11:07:43 UTC] PHP Parse error:  Unmatched '}' in /var/www/html/wp-content/mu-plugins/vp-proxy-directus.php on line 681
[08-Mar-2026 11:07:44 UTC] PHP Parse error:  Unmatched '}' in /var/www/html/wp-content/mu-plugins/vp-proxy-directus.php on line 681
[08-Mar-2026 11:07:45 UTC] PHP Parse error:  Unmatched '}' in /var/www/html/wp-content/mu-plugins/vp-proxy-directus.php on line 681
[08-Mar-2026 11:07:46 UTC] PHP Parse error:  Unmatched '}' in /var/www/html/wp-content/mu-plugins/vp-proxy-directus.php on line 681
[08-Mar-2026 11:07:47 UTC] PHP Parse error:  Unmatched '}' in /var/www/html/wp-content/mu-plugins/vp-proxy-directus.php on line 681
[08-Mar-2026 11:07:49 UTC] PHP Parse error:  Unmatched '}' in /var/www/html/wp-content/mu-plugins/vp-proxy-directus.php on line 681
[08-Mar-2026 11:07:50 UTC] PHP Parse error:  Unmatched '}' in /var/www/html/wp-content/mu-plugins/vp-proxy-directus.php on line 681
[08-Mar-2026 11:07:50 UTC] PHP Parse error:  Unmatched '}' in /var/www/html/wp-content/mu-plugins/vp-proxy-directus.php on line 681
[08-Mar-2026 11:07:51 UTC] PHP Parse error:  Unmatched '}' in /var/www/html/wp-content/mu-plugins/vp-proxy-directus.php on line 681
[08-Mar-2026 11:08:05 UTC] PHP Parse error:  Unmatched '}' in /var/www/html/wp-content/mu-plugins/vp-proxy-directus.php on line 681
[08-Mar-2026 11:08:26 UTC] PHP Parse error:  Unmatched '}' in /var/www/html/wp-content/mu-plugins/vp-proxy-directus.php on line 681
[08-Mar-2026 11:08:26 UTC] PHP Parse error:  Unmatched '}' in /var/www/html/wp-content/mu-plugins/vp-proxy-directus.php on line 681
[08-Mar-2026 11:08:33 UTC] PHP Parse error:  Unmatched '}' in /var/www/html/wp-content/mu-plugins/vp-proxy-directus.php on line 681
[08-Mar-2026 11:08:33 UTC] PHP Parse error:  Unmatched '}' in /var/www/html/wp-content/mu-plugins/vp-proxy-directus.php on line 681
[08-Mar-2026 11:08:33 UTC] PHP Parse error:  Unmatched '}' in /var/www/html/wp-content/mu-plugins/vp-proxy-directus.php on line 681
[08-Mar-2026 11:08:34 UTC] PHP Parse error:  Unmatched '}' in /var/www/html/wp-content/mu-plugins/vp-proxy-directus.php on line 681
[08-Mar-2026 11:08:34 UTC] PHP Parse error:  Unmatched '}' in /var/www/html/wp-content/mu-plugins/vp-proxy-directus.php on line 681
[08-Mar-2026 11:08:37 UTC] PHP Parse error:  Unmatched '}' in /var/www/html/wp-content/mu-plugins/vp-proxy-directus.php on line 681
[08-Mar-2026 11:08:37 UTC] PHP Parse error:  Unmatched '}' in /var/www/html/wp-content/mu-plugins/vp-proxy-directus.php on line 681
[08-Mar-2026 11:08:39 UTC] PHP Parse error:  Unmatched '}' in /var/www/html/wp-content/mu-plugins/vp-proxy-directus.php on line 681
[08-Mar-2026 11:08:41 UTC] PHP Parse error:  Unmatched '}' in /var/www/html/wp-content/mu-plugins/vp-proxy-directus.php on line 681
[08-Mar-2026 11:08:42 UTC] PHP Parse error:  Unmatched '}' in /var/www/html/wp-content/mu-plugins/vp-proxy-directus.php on line 681
[08-Mar-2026 11:08:43 UTC] PHP Parse error:  Unmatched '}' in /var/www/html/wp-content/mu-plugins/vp-proxy-directus.php on line 681
[08-Mar-2026 11:08:45 UTC] PHP Parse error:  Unmatched '}' in /var/www/html/wp-content/mu-plugins/vp-proxy-directus.php on line 681
[08-Mar-2026 11:08:46 UTC] PHP Parse error:  Unmatched '}' in /var/www/html/wp-content/mu-plugins/vp-proxy-directus.php on line 681
[08-Mar-2026 11:08:47 UTC] PHP Parse error:  Unmatched '}' in /var/www/html/wp-content/mu-plugins/vp-proxy-directus.php on line 681
[08-Mar-2026 11:08:48 UTC] PHP Parse error:  Unmatched '}' in /var/www/html/wp-content/mu-plugins/vp-proxy-directus.php on line 681
[08-Mar-2026 11:08:49 UTC] PHP Parse error:  Unmatched '}' in /var/www/html/wp-content/mu-plugins/vp-proxy-directus.php on line 681
[08-Mar-2026 11:08:49 UTC] PHP Parse error:  Unmatched '}' in /var/www/html/wp-content/mu-plugins/vp-proxy-directus.php on line 681
[08-Mar-2026 11:08:50 UTC] PHP Parse error:  Unmatched '}' in /var/www/html/wp-content/mu-plugins/vp-proxy-directus.php on line 681
[08-Mar-2026 11:08:50 UTC] PHP Parse error:  Unmatched '}' in /var/www/html/wp-content/mu-plugins/vp-proxy-directus.php on line 681
[08-Mar-2026 11:08:51 UTC] PHP Parse error:  Unmatched '}' in /var/www/html/wp-content/mu-plugins/vp-proxy-directus.php on line 681
[08-Mar-2026 11:08:52 UTC] PHP Parse error:  Unmatched '}' in /var/www/html/wp-content/mu-plugins/vp-proxy-directus.php on line 681
[08-Mar-2026 11:08:54 UTC] PHP Parse error:  Unmatched '}' in /var/www/html/wp-content/mu-plugins/vp-proxy-directus.php on line 681
[08-Mar-2026 11:08:54 UTC] PHP Parse error:  Unmatched '}' in /var/www/html/wp-content/mu-plugins/vp-proxy-directus.php on line 681
[08-Mar-2026 11:08:55 UTC] PHP Parse error:  Unmatched '}' in /var/www/html/wp-content/mu-plugins/vp-proxy-directus.php on line 681
[08-Mar-2026 11:08:56 UTC] PHP Parse error:  Unmatched '}' in /var/www/html/wp-content/mu-plugins/vp-proxy-directus.php on line 681
[08-Mar-2026 11:08:56 UTC] PHP Parse error:  Unmatched '}' in /var/www/html/wp-content/mu-plugins/vp-proxy-directus.php on line 681
[08-Mar-2026 11:09:06 UTC] PHP Parse error:  Unmatched '}' in /var/www/html/wp-content/mu-plugins/vp-proxy-directus.php on line 681
[08-Mar-2026 11:09:07 UTC] PHP Parse error:  Unmatched '}' in /var/www/html/wp-content/mu-plugins/vp-proxy-directus.php on line 681
[08-Mar-2026 11:09:07 UTC] PHP Parse error:  Unmatched '}' in /var/www/html/wp-content/mu-plugins/vp-proxy-directus.php on line 681
[08-Mar-2026 11:09:08 UTC] PHP Parse error:  Unmatched '}' in /var/www/html/wp-content/mu-plugins/vp-proxy-directus.php on line 681
[08-Mar-2026 11:09:09 UTC] PHP Parse error:  Unmatched '}' in /var/www/html/wp-content/mu-plugins/vp-proxy-directus.php on line 681
[08-Mar-2026 11:09:10 UTC] PHP Parse error:  Unmatched '}' in /var/www/html/wp-content/mu-plugins/vp-proxy-directus.php on line 681
[08-Mar-2026 11:09:13 UTC] PHP Parse error:  Unmatched '}' in /var/www/html/wp-content/mu-plugins/vp-proxy-directus.php on line 681
[08-Mar-2026 11:09:14 UTC] PHP Parse error:  Unmatched '}' in /var/www/html/wp-content/mu-plugins/vp-proxy-directus.php on line 681
[08-Mar-2026 11:09:15 UTC] PHP Parse error:  Unmatched '}' in /var/www/html/wp-content/mu-plugins/vp-proxy-directus.php on line 681
[08-Mar-2026 11:09:15 UTC] PHP Parse error:  Unmatched '}' in /var/www/html/wp-content/mu-plugins/vp-proxy-directus.php on line 681
[08-Mar-2026 11:09:16 UTC] PHP Parse error:  Unmatched '}' in /var/www/html/wp-content/mu-plugins/vp-proxy-directus.php on line 681
[08-Mar-2026 11:09:22 UTC] PHP Parse error:  Unmatched '}' in /var/www/html/wp-content/mu-plugins/vp-proxy-directus.php on line 681
[08-Mar-2026 11:09:25 UTC] PHP Parse error:  Unmatched '}' in /var/www/html/wp-content/mu-plugins/vp-proxy-directus.php on line 681
[08-Mar-2026 11:09:26 UTC] PHP Parse error:  Unmatched '}' in /var/www/html/wp-content/mu-plugins/vp-proxy-directus.php on line 681
[08-Mar-2026 11:09:28 UTC] PHP Parse error:  Unmatched '}' in /var/www/html/wp-content/mu-plugins/vp-proxy-directus.php on line 681
[08-Mar-2026 11:09:29 UTC] PHP Parse error:  Unmatched '}' in /var/www/html/wp-content/mu-plugins/vp-proxy-directus.php on line 681
[08-Mar-2026 11:09:32 UTC] PHP Parse error:  Unmatched '}' in /var/www/html/wp-content/mu-plugins/vp-proxy-directus.php on line 681
[08-Mar-2026 11:09:34 UTC] PHP Parse error:  Unmatched '}' in /var/www/html/wp-content/mu-plugins/vp-proxy-directus.php on line 681
[08-Mar-2026 11:09:35 UTC] PHP Parse error:  Unmatched '}' in /var/www/html/wp-content/mu-plugins/vp-proxy-directus.php on line 681
[08-Mar-2026 11:09:36 UTC] PHP Parse error:  Unmatched '}' in /var/www/html/wp-content/mu-plugins/vp-proxy-directus.php on line 681
[08-Mar-2026 11:09:36 UTC] PHP Parse error:  Unmatched '}' in /var/www/html/wp-content/mu-plugins/vp-proxy-directus.php on line 681
[08-Mar-2026 11:09:37 UTC] PHP Parse error:  Unmatched '}' in /var/www/html/wp-content/mu-plugins/vp-proxy-directus.php on line 681
[08-Mar-2026 11:09:38 UTC] PHP Parse error:  Unmatched '}' in /var/www/html/wp-content/mu-plugins/vp-proxy-directus.php on line 681
[08-Mar-2026 11:09:38 UTC] PHP Parse error:  Unmatched '}' in /var/www/html/wp-content/mu-plugins/vp-proxy-directus.php on line 681
[08-Mar-2026 11:09:50 UTC] PHP Parse error:  Unmatched '}' in /var/www/html/wp-content/mu-plugins/vp-proxy-directus.php on line 681
[08-Mar-2026 11:09:51 UTC] PHP Parse error:  Unmatched '}' in /var/www/html/wp-content/mu-plugins/vp-proxy-directus.php on line 681
[08-Mar-2026 11:09:52 UTC] PHP Parse error:  Unmatched '}' in /var/www/html/wp-content/mu-plugins/vp-proxy-directus.php on line 681
[08-Mar-2026 11:09:54 UTC] PHP Parse error:  Unmatched '}' in /var/www/html/wp-content/mu-plugins/vp-proxy-directus.php on line 681
[08-Mar-2026 11:09:56 UTC] PHP Parse error:  Unmatched '}' in /var/www/html/wp-content/mu-plugins/vp-proxy-directus.php on line 681
[08-Mar-2026 11:10:26 UTC] PHP Parse error:  Unmatched '}' in /var/www/html/wp-content/mu-plugins/vp-proxy-directus.php on line 681
[08-Mar-2026 11:10:27 UTC] PHP Parse error:  Unmatched '}' in /var/www/html/wp-content/mu-plugins/vp-proxy-directus.php on line 681
[08-Mar-2026 11:10:28 UTC] PHP Parse error:  Unmatched '}' in /var/www/html/wp-content/mu-plugins/vp-proxy-directus.php on line 681
[08-Mar-2026 11:10:29 UTC] PHP Parse error:  Unmatched '}' in /var/www/html/wp-content/mu-plugins/vp-proxy-directus.php on line 681
[08-Mar-2026 11:10:29 UTC] PHP Parse error:  Unmatched '}' in /var/www/html/wp-content/mu-plugins/vp-proxy-directus.php on line 681
[08-Mar-2026 11:10:30 UTC] PHP Parse error:  Unmatched '}' in /var/www/html/wp-content/mu-plugins/vp-proxy-directus.php on line 681
[08-Mar-2026 11:10:30 UTC] PHP Parse error:  Unmatched '}' in /var/www/html/wp-content/mu-plugins/vp-proxy-directus.php on line 681
[08-Mar-2026 11:10:31 UTC] PHP Parse error:  Unmatched '}' in /var/www/html/wp-content/mu-plugins/vp-proxy-directus.php on line 681
[08-Mar-2026 11:10:38 UTC] PHP Parse error:  Unmatched '}' in /var/www/html/wp-content/mu-plugins/vp-proxy-directus.php on line 681
[08-Mar-2026 11:10:42 UTC] PHP Parse error:  Unmatched '}' in /var/www/html/wp-content/mu-plugins/vp-proxy-directus.php on line 681
[08-Mar-2026 11:10:42 UTC] PHP Parse error:  Unmatched '}' in /var/www/html/wp-content/mu-plugins/vp-proxy-directus.php on line 681
[08-Mar-2026 11:11:34 UTC] PHP Parse error:  Unmatched '}' in /var/www/html/wp-content/mu-plugins/vp-proxy-directus.php on line 681
[08-Mar-2026 11:11:35 UTC] PHP Parse error:  Unmatched '}' in /var/www/html/wp-content/mu-plugins/vp-proxy-directus.php on line 681
[08-Mar-2026 11:11:37 UTC] PHP Parse error:  Unmatched '}' in /var/www/html/wp-content/mu-plugins/vp-proxy-directus.php on line 681
[08-Mar-2026 11:11:51 UTC] PHP Parse error:  Unmatched '}' in /var/www/html/wp-content/mu-plugins/vp-proxy-directus.php on line 681
[08-Mar-2026 11:12:03 UTC] PHP Parse error:  Unmatched '}' in /var/www/html/wp-content/mu-plugins/vp-proxy-directus.php on line 681
[08-Mar-2026 11:12:07 UTC] PHP Parse error:  Unmatched '}' in /var/www/html/wp-content/mu-plugins/vp-proxy-directus.php on line 681
[08-Mar-2026 11:12:12 UTC] PHP Parse error:  Unmatched '}' in /var/www/html/wp-content/mu-plugins/vp-proxy-directus.php on line 681
[08-Mar-2026 11:12:13 UTC] PHP Parse error:  Unmatched '}' in /var/www/html/wp-content/mu-plugins/vp-proxy-directus.php on line 681
[08-Mar-2026 11:12:14 UTC] PHP Parse error:  Unmatched '}' in /var/www/html/wp-content/mu-plugins/vp-proxy-directus.php on line 681
[08-Mar-2026 11:12:15 UTC] PHP Parse error:  Unmatched '}' in /var/www/html/wp-content/mu-plugins/vp-proxy-directus.php on line 681
[08-Mar-2026 11:12:16 UTC] PHP Parse error:  Unmatched '}' in /var/www/html/wp-content/mu-plugins/vp-proxy-directus.php on line 681
[08-Mar-2026 11:12:16 UTC] PHP Parse error:  Unmatched '}' in /var/www/html/wp-content/mu-plugins/vp-proxy-directus.php on line 681
[08-Mar-2026 11:12:18 UTC] PHP Parse error:  Unmatched '}' in /var/www/html/wp-content/mu-plugins/vp-proxy-directus.php on line 681
[08-Mar-2026 11:12:18 UTC] PHP Parse error:  Unmatched '}' in /var/www/html/wp-content/mu-plugins/vp-proxy-directus.php on line 681
[08-Mar-2026 11:12:20 UTC] PHP Parse error:  Unmatched '}' in /var/www/html/wp-content/mu-plugins/vp-proxy-directus.php on line 681
[08-Mar-2026 11:12:22 UTC] PHP Parse error:  Unmatched '}' in /var/www/html/wp-content/mu-plugins/vp-proxy-directus.php on line 681
[08-Mar-2026 11:12:22 UTC] PHP Parse error:  Unmatched '}' in /var/www/html/wp-content/mu-plugins/vp-proxy-directus.php on line 681
[08-Mar-2026 11:12:23 UTC] PHP Parse error:  Unmatched '}' in /var/www/html/wp-content/mu-plugins/vp-proxy-directus.php on line 681
[08-Mar-2026 11:12:25 UTC] PHP Parse error:  Unmatched '}' in /var/www/html/wp-content/mu-plugins/vp-proxy-directus.php on line 681
[08-Mar-2026 11:12:26 UTC] PHP Parse error:  Unmatched '}' in /var/www/html/wp-content/mu-plugins/vp-proxy-directus.php on line 681
[08-Mar-2026 11:12:28 UTC] PHP Parse error:  Unmatched '}' in /var/www/html/wp-content/mu-plugins/vp-proxy-directus.php on line 681
[08-Mar-2026 11:12:29 UTC] PHP Parse error:  Unmatched '}' in /var/www/html/wp-content/mu-plugins/vp-proxy-directus.php on line 681
[08-Mar-2026 11:12:31 UTC] PHP Parse error:  Unmatched '}' in /var/www/html/wp-content/mu-plugins/vp-proxy-directus.php on line 681
[08-Mar-2026 11:12:32 UTC] PHP Parse error:  Unmatched '}' in /var/www/html/wp-content/mu-plugins/vp-proxy-directus.php on line 681
[08-Mar-2026 11:12:32 UTC] PHP Parse error:  Unmatched '}' in /var/www/html/wp-content/mu-plugins/vp-proxy-directus.php on line 681
[08-Mar-2026 11:12:33 UTC] PHP Parse error:  Unmatched '}' in /var/www/html/wp-content/mu-plugins/vp-proxy-directus.php on line 681
[08-Mar-2026 11:12:34 UTC] PHP Parse error:  Unmatched '}' in /var/www/html/wp-content/mu-plugins/vp-proxy-directus.php on line 681
[08-Mar-2026 11:12:34 UTC] PHP Parse error:  Unmatched '}' in /var/www/html/wp-content/mu-plugins/vp-proxy-directus.php on line 681
[08-Mar-2026 11:12:35 UTC] PHP Parse error:  Unmatched '}' in /var/www/html/wp-content/mu-plugins/vp-proxy-directus.php on line 681
[08-Mar-2026 11:12:35 UTC] PHP Parse error:  Unmatched '}' in /var/www/html/wp-content/mu-plugins/vp-proxy-directus.php on line 681
[08-Mar-2026 11:12:36 UTC] PHP Parse error:  Unmatched '}' in /var/www/html/wp-content/mu-plugins/vp-proxy-directus.php on line 681
[08-Mar-2026 11:12:37 UTC] PHP Parse error:  Unmatched '}' in /var/www/html/wp-content/mu-plugins/vp-proxy-directus.php on line 681
[08-Mar-2026 11:12:38 UTC] PHP Parse error:  Unmatched '}' in /var/www/html/wp-content/mu-plugins/vp-proxy-directus.php on line 681
[08-Mar-2026 11:12:40 UTC] PHP Parse error:  Unmatched '}' in /var/www/html/wp-content/mu-plugins/vp-proxy-directus.php on line 681
[08-Mar-2026 11:12:41 UTC] PHP Parse error:  Unmatched '}' in /var/www/html/wp-content/mu-plugins/vp-proxy-directus.php on line 681
[08-Mar-2026 11:12:43 UTC] PHP Parse error:  Unmatched '}' in /var/www/html/wp-content/mu-plugins/vp-proxy-directus.php on line 681
[08-Mar-2026 11:12:44 UTC] PHP Parse error:  Unmatched '}' in /var/www/html/wp-content/mu-plugins/vp-proxy-directus.php on line 681
[08-Mar-2026 11:12:45 UTC] PHP Parse error:  Unmatched '}' in /var/www/html/wp-content/mu-plugins/vp-proxy-directus.php on line 681
[08-Mar-2026 11:12:59 UTC] PHP Parse error:  Unmatched '}' in /var/www/html/wp-content/mu-plugins/vp-proxy-directus.php on line 681
[08-Mar-2026 11:13:01 UTC] PHP Parse error:  Unmatched '}' in /var/www/html/wp-content/mu-plugins/vp-proxy-directus.php on line 681
[08-Mar-2026 11:13:03 UTC] PHP Parse error:  Unmatched '}' in /var/www/html/wp-content/mu-plugins/vp-proxy-directus.php on line 681
[08-Mar-2026 11:13:07 UTC] PHP Parse error:  Unmatched '}' in /var/www/html/wp-content/mu-plugins/vp-proxy-directus.php on line 681
[08-Mar-2026 11:13:08 UTC] PHP Parse error:  Unmatched '}' in /var/www/html/wp-content/mu-plugins/vp-proxy-directus.php on line 681
[08-Mar-2026 11:13:08 UTC] PHP Parse error:  Unmatched '}' in /var/www/html/wp-content/mu-plugins/vp-proxy-directus.php on line 681
[08-Mar-2026 11:13:09 UTC] PHP Parse error:  Unmatched '}' in /var/www/html/wp-content/mu-plugins/vp-proxy-directus.php on line 681
[08-Mar-2026 11:13:10 UTC] PHP Parse error:  Unmatched '}' in /var/www/html/wp-content/mu-plugins/vp-proxy-directus.php on line 681
[08-Mar-2026 11:13:11 UTC] PHP Parse error:  Unmatched '}' in /var/www/html/wp-content/mu-plugins/vp-proxy-directus.php on line 681
[08-Mar-2026 11:13:13 UTC] PHP Parse error:  Unmatched '}' in /var/www/html/wp-content/mu-plugins/vp-proxy-directus.php on line 681
[08-Mar-2026 11:13:14 UTC] PHP Parse error:  Unmatched '}' in /var/www/html/wp-content/mu-plugins/vp-proxy-directus.php on line 681
[08-Mar-2026 11:13:15 UTC] PHP Parse error:  Unmatched '}' in /var/www/html/wp-content/mu-plugins/vp-proxy-directus.php on line 681
[08-Mar-2026 11:13:15 UTC] PHP Parse error:  Unmatched '}' in /var/www/html/wp-content/mu-plugins/vp-proxy-directus.php on line 681
[08-Mar-2026 11:13:16 UTC] PHP Parse error:  Unmatched '}' in /var/www/html/wp-content/mu-plugins/vp-proxy-directus.php on line 681
[08-Mar-2026 11:13:17 UTC] PHP Parse error:  Unmatched '}' in /var/www/html/wp-content/mu-plugins/vp-proxy-directus.php on line 681
[08-Mar-2026 11:13:24 UTC] PHP Parse error:  Unmatched '}' in /var/www/html/wp-content/mu-plugins/vp-proxy-directus.php on line 681
[08-Mar-2026 11:13:28 UTC] PHP Parse error:  Unmatched '}' in /var/www/html/wp-content/mu-plugins/vp-proxy-directus.php on line 681
[08-Mar-2026 11:13:29 UTC] PHP Parse error:  Unmatched '}' in /var/www/html/wp-content/mu-plugins/vp-proxy-directus.php on line 681
[08-Mar-2026 11:13:36 UTC] PHP Parse error:  Unmatched '}' in /var/www/html/wp-content/mu-plugins/vp-proxy-directus.php on line 681
[08-Mar-2026 11:13:38 UTC] PHP Parse error:  Unmatched '}' in /var/www/html/wp-content/mu-plugins/vp-proxy-directus.php on line 681
[08-Mar-2026 11:13:39 UTC] PHP Parse error:  Unmatched '}' in /var/www/html/wp-content/mu-plugins/vp-proxy-directus.php on line 681
[08-Mar-2026 11:13:40 UTC] PHP Parse error:  Unmatched '}' in /var/www/html/wp-content/mu-plugins/vp-proxy-directus.php on line 681
[08-Mar-2026 11:13:41 UTC] PHP Parse error:  Unmatched '}' in /var/www/html/wp-content/mu-plugins/vp-proxy-directus.php on line 681
[08-Mar-2026 11:13:42 UTC] PHP Parse error:  Unmatched '}' in /var/www/html/wp-content/mu-plugins/vp-proxy-directus.php on line 681
[08-Mar-2026 11:13:42 UTC] PHP Parse error:  Unmatched '}' in /var/www/html/wp-content/mu-plugins/vp-proxy-directus.php on line 681
[08-Mar-2026 11:13:44 UTC] PHP Parse error:  Unmatched '}' in /var/www/html/wp-content/mu-plugins/vp-proxy-directus.php on line 681
[08-Mar-2026 11:13:45 UTC] PHP Parse error:  Unmatched '}' in /var/www/html/wp-content/mu-plugins/vp-proxy-directus.php on line 681
[08-Mar-2026 11:13:46 UTC] PHP Parse error:  Unmatched '}' in /var/www/html/wp-content/mu-plugins/vp-proxy-directus.php on line 681
[08-Mar-2026 11:13:47 UTC] PHP Parse error:  Unmatched '}' in /var/www/html/wp-content/mu-plugins/vp-proxy-directus.php on line 681
[08-Mar-2026 11:13:48 UTC] PHP Parse error:  Unmatched '}' in /var/www/html/wp-content/mu-plugins/vp-proxy-directus.php on line 681
[08-Mar-2026 11:13:52 UTC] PHP Parse error:  Unmatched '}' in /var/www/html/wp-content/mu-plugins/vp-proxy-directus.php on line 681
[08-Mar-2026 11:13:53 UTC] PHP Parse error:  Unmatched '}' in /var/www/html/wp-content/mu-plugins/vp-proxy-directus.php on line 681
[08-Mar-2026 11:13:54 UTC] PHP Parse error:  Unmatched '}' in /var/www/html/wp-content/mu-plugins/vp-proxy-directus.php on line 681
[08-Mar-2026 11:13:55 UTC] PHP Parse error:  Unmatched '}' in /var/www/html/wp-content/mu-plugins/vp-proxy-directus.php on line 681
[08-Mar-2026 11:13:56 UTC] PHP Parse error:  Unmatched '}' in /var/www/html/wp-content/mu-plugins/vp-proxy-directus.php on line 681
[08-Mar-2026 11:13:57 UTC] PHP Parse error:  Unmatched '}' in /var/www/html/wp-content/mu-plugins/vp-proxy-directus.php on line 681
[08-Mar-2026 11:13:57 UTC] PHP Parse error:  Unmatched '}' in /var/www/html/wp-content/mu-plugins/vp-proxy-directus.php on line 681
[08-Mar-2026 11:13:58 UTC] PHP Parse error:  Unmatched '}' in /var/www/html/wp-content/mu-plugins/vp-proxy-directus.php on line 681
[08-Mar-2026 11:14:09 UTC] PHP Parse error:  Unmatched '}' in /var/www/html/wp-content/mu-plugins/vp-proxy-directus.php on line 681
[08-Mar-2026 11:14:10 UTC] PHP Parse error:  Unmatched '}' in /var/www/html/wp-content/mu-plugins/vp-proxy-directus.php on line 681
[08-Mar-2026 11:14:11 UTC] PHP Parse error:  Unmatched '}' in /var/www/html/wp-content/mu-plugins/vp-proxy-directus.php on line 681
[08-Mar-2026 11:14:12 UTC] PHP Parse error:  Unmatched '}' in /var/www/html/wp-content/mu-plugins/vp-proxy-directus.php on line 681
[08-Mar-2026 11:14:13 UTC] PHP Parse error:  Unmatched '}' in /var/www/html/wp-content/mu-plugins/vp-proxy-directus.php on line 681
[08-Mar-2026 11:14:13 UTC] PHP Parse error:  Unmatched '}' in /var/www/html/wp-content/mu-plugins/vp-proxy-directus.php on line 681
[08-Mar-2026 11:14:14 UTC] PHP Parse error:  Unmatched '}' in /var/www/html/wp-content/mu-plugins/vp-proxy-directus.php on line 681
[08-Mar-2026 11:14:15 UTC] PHP Parse error:  Unmatched '}' in /var/www/html/wp-content/mu-plugins/vp-proxy-directus.php on line 681
[08-Mar-2026 11:14:16 UTC] PHP Parse error:  Unmatched '}' in /var/www/html/wp-content/mu-plugins/vp-proxy-directus.php on line 681
[08-Mar-2026 11:14:18 UTC] PHP Parse error:  Unmatched '}' in /var/www/html/wp-content/mu-plugins/vp-proxy-directus.php on line 681
[08-Mar-2026 11:14:19 UTC] PHP Parse error:  Unmatched '}' in /var/www/html/wp-content/mu-plugins/vp-proxy-directus.php on line 681
[08-Mar-2026 11:14:20 UTC] PHP Parse error:  Unmatched '}' in /var/www/html/wp-content/mu-plugins/vp-proxy-directus.php on line 681
[08-Mar-2026 11:14:27 UTC] PHP Parse error:  Unmatched '}' in /var/www/html/wp-content/mu-plugins/vp-proxy-directus.php on line 681
[08-Mar-2026 11:14:32 UTC] PHP Parse error:  Unmatched '}' in /var/www/html/wp-content/mu-plugins/vp-proxy-directus.php on line 681
[08-Mar-2026 11:14:33 UTC] PHP Parse error:  Unmatched '}' in /var/www/html/wp-content/mu-plugins/vp-proxy-directus.php on line 681
[08-Mar-2026 11:14:35 UTC] PHP Parse error:  Unmatched '}' in /var/www/html/wp-content/mu-plugins/vp-proxy-directus.php on line 681
[08-Mar-2026 11:14:35 UTC] PHP Parse error:  Unmatched '}' in /var/www/html/wp-content/mu-plugins/vp-proxy-directus.php on line 681
[08-Mar-2026 11:14:37 UTC] PHP Parse error:  Unmatched '}' in /var/www/html/wp-content/mu-plugins/vp-proxy-directus.php on line 681
[08-Mar-2026 11:14:37 UTC] PHP Parse error:  Unmatched '}' in /var/www/html/wp-content/mu-plugins/vp-proxy-directus.php on line 681
[08-Mar-2026 11:14:37 UTC] PHP Parse error:  Unmatched '}' in /var/www/html/wp-content/mu-plugins/vp-proxy-directus.php on line 681
[08-Mar-2026 11:14:38 UTC] PHP Parse error:  Unmatched '}' in /var/www/html/wp-content/mu-plugins/vp-proxy-directus.php on line 681
[08-Mar-2026 11:14:39 UTC] PHP Parse error:  Unmatched '}' in /var/www/html/wp-content/mu-plugins/vp-proxy-directus.php on line 681
[08-Mar-2026 11:14:39 UTC] PHP Parse error:  Unmatched '}' in /var/www/html/wp-content/mu-plugins/vp-proxy-directus.php on line 681
[08-Mar-2026 11:14:42 UTC] PHP Parse error:  Unmatched '}' in /var/www/html/wp-content/mu-plugins/vp-proxy-directus.php on line 681
[08-Mar-2026 11:14:44 UTC] PHP Parse error:  Unmatched '}' in /var/www/html/wp-content/mu-plugins/vp-proxy-directus.php on line 681
[08-Mar-2026 11:14:45 UTC] PHP Parse error:  Unmatched '}' in /var/www/html/wp-content/mu-plugins/vp-proxy-directus.php on line 681
[08-Mar-2026 11:14:45 UTC] PHP Parse error:  Unmatched '}' in /var/www/html/wp-content/mu-plugins/vp-proxy-directus.php on line 681
[08-Mar-2026 11:14:46 UTC] PHP Parse error:  Unmatched '}' in /var/www/html/wp-content/mu-plugins/vp-proxy-directus.php on line 681
[08-Mar-2026 11:14:46 UTC] PHP Parse error:  Unmatched '}' in /var/www/html/wp-content/mu-plugins/vp-proxy-directus.php on line 681
[08-Mar-2026 11:14:47 UTC] PHP Parse error:  Unmatched '}' in /var/www/html/wp-content/mu-plugins/vp-proxy-directus.php on line 681
[08-Mar-2026 11:14:48 UTC] PHP Parse error:  Unmatched '}' in /var/www/html/wp-content/mu-plugins/vp-proxy-directus.php on line 681
[08-Mar-2026 11:14:48 UTC] PHP Parse error:  Unmatched '}' in /var/www/html/wp-content/mu-plugins/vp-proxy-directus.php on line 681
[08-Mar-2026 11:14:56 UTC] PHP Parse error:  Unmatched '}' in /var/www/html/wp-content/mu-plugins/vp-proxy-directus.php on line 681
[08-Mar-2026 11:15:07 UTC] PHP Parse error:  Unmatched '}' in /var/www/html/wp-content/mu-plugins/vp-proxy-directus.php on line 681
[08-Mar-2026 11:15:13 UTC] PHP Parse error:  Unmatched '}' in /var/www/html/wp-content/mu-plugins/vp-proxy-directus.php on line 681
[08-Mar-2026 11:15:16 UTC] PHP Parse error:  Unmatched '}' in /var/www/html/wp-content/mu-plugins/vp-proxy-directus.php on line 681
[08-Mar-2026 11:15:17 UTC] PHP Parse error:  Unmatched '}' in /var/www/html/wp-content/mu-plugins/vp-proxy-directus.php on line 681
[08-Mar-2026 11:15:25 UTC] PHP Parse error:  Unmatched '}' in /var/www/html/wp-content/mu-plugins/vp-proxy-directus.php on line 681
[08-Mar-2026 11:15:27 UTC] PHP Parse error:  Unmatched '}' in /var/www/html/wp-content/mu-plugins/vp-proxy-directus.php on line 681
[08-Mar-2026 11:15:51 UTC] PHP Parse error:  Unmatched '}' in /var/www/html/wp-content/mu-plugins/vp-proxy-directus.php on line 681
[08-Mar-2026 11:15:56 UTC] PHP Parse error:  Unmatched '}' in /var/www/html/wp-content/mu-plugins/vp-proxy-directus.php on line 681
[08-Mar-2026 11:15:57 UTC] PHP Parse error:  Unmatched '}' in /var/www/html/wp-content/mu-plugins/vp-proxy-directus.php on line 681
[08-Mar-2026 11:15:58 UTC] PHP Parse error:  Unmatched '}' in /var/www/html/wp-content/mu-plugins/vp-proxy-directus.php on line 681
[08-Mar-2026 11:16:01 UTC] PHP Parse error:  Unmatched '}' in /var/www/html/wp-content/mu-plugins/vp-proxy-directus.php on line 681
[08-Mar-2026 11:16:02 UTC] PHP Parse error:  Unmatched '}' in /var/www/html/wp-content/mu-plugins/vp-proxy-directus.php on line 681
[08-Mar-2026 11:16:02 UTC] PHP Parse error:  Unmatched '}' in /var/www/html/wp-content/mu-plugins/vp-proxy-directus.php on line 681
[08-Mar-2026 11:16:04 UTC] PHP Parse error:  Unmatched '}' in /var/www/html/wp-content/mu-plugins/vp-proxy-directus.php on line 681
[08-Mar-2026 11:16:05 UTC] PHP Parse error:  Unmatched '}' in /var/www/html/wp-content/mu-plugins/vp-proxy-directus.php on line 681
[08-Mar-2026 11:16:06 UTC] PHP Parse error:  Unmatched '}' in /var/www/html/wp-content/mu-plugins/vp-proxy-directus.php on line 681
[08-Mar-2026 11:16:08 UTC] PHP Parse error:  Unmatched '}' in /var/www/html/wp-content/mu-plugins/vp-proxy-directus.php on line 681
[08-Mar-2026 11:16:38 UTC] PHP Parse error:  Unmatched '}' in /var/www/html/wp-content/mu-plugins/vp-proxy-directus.php on line 681
[08-Mar-2026 11:16:39 UTC] PHP Parse error:  Unmatched '}' in /var/www/html/wp-content/mu-plugins/vp-proxy-directus.php on line 681
[08-Mar-2026 11:16:39 UTC] PHP Parse error:  Unmatched '}' in /var/www/html/wp-content/mu-plugins/vp-proxy-directus.php on line 681
[08-Mar-2026 11:16:40 UTC] PHP Parse error:  Unmatched '}' in /var/www/html/wp-content/mu-plugins/vp-proxy-directus.php on line 681
[08-Mar-2026 11:16:40 UTC] PHP Parse error:  Unmatched '}' in /var/www/html/wp-content/mu-plugins/vp-proxy-directus.php on line 681
[08-Mar-2026 11:16:41 UTC] PHP Parse error:  Unmatched '}' in /var/www/html/wp-content/mu-plugins/vp-proxy-directus.php on line 681
[08-Mar-2026 11:16:41 UTC] PHP Parse error:  Unmatched '}' in /var/www/html/wp-content/mu-plugins/vp-proxy-directus.php on line 681
[08-Mar-2026 11:16:42 UTC] PHP Parse error:  Unmatched '}' in /var/www/html/wp-content/mu-plugins/vp-proxy-directus.php on line 681
[08-Mar-2026 11:16:42 UTC] PHP Parse error:  Unmatched '}' in /var/www/html/wp-content/mu-plugins/vp-proxy-directus.php on line 681
[08-Mar-2026 11:16:43 UTC] PHP Parse error:  Unmatched '}' in /var/www/html/wp-content/mu-plugins/vp-proxy-directus.php on line 681
[08-Mar-2026 11:16:44 UTC] PHP Parse error:  Unmatched '}' in /var/www/html/wp-content/mu-plugins/vp-proxy-directus.php on line 681
[08-Mar-2026 11:16:52 UTC] PHP Parse error:  Unmatched '}' in /var/www/html/wp-content/mu-plugins/vp-proxy-directus.php on line 681
[08-Mar-2026 11:16:58 UTC] PHP Parse error:  Unmatched '}' in /var/www/html/wp-content/mu-plugins/vp-proxy-directus.php on line 681
[08-Mar-2026 11:16:59 UTC] PHP Parse error:  Unmatched '}' in /var/www/html/wp-content/mu-plugins/vp-proxy-directus.php on line 681
[08-Mar-2026 11:16:59 UTC] PHP Parse error:  Unmatched '}' in /var/www/html/wp-content/mu-plugins/vp-proxy-directus.php on line 681
[08-Mar-2026 11:17:00 UTC] PHP Parse error:  Unmatched '}' in /var/www/html/wp-content/mu-plugins/vp-proxy-directus.php on line 681
[08-Mar-2026 11:17:00 UTC] PHP Parse error:  Unmatched '}' in /var/www/html/wp-content/mu-plugins/vp-proxy-directus.php on line 681
[08-Mar-2026 11:17:01 UTC] PHP Parse error:  Unmatched '}' in /var/www/html/wp-content/mu-plugins/vp-proxy-directus.php on line 681
[08-Mar-2026 11:17:07 UTC] PHP Parse error:  Unmatched '}' in /var/www/html/wp-content/mu-plugins/vp-proxy-directus.php on line 681
[08-Mar-2026 11:17:08 UTC] PHP Parse error:  Unmatched '}' in /var/www/html/wp-content/mu-plugins/vp-proxy-directus.php on line 681
[08-Mar-2026 11:17:08 UTC] PHP Parse error:  Unmatched '}' in /var/www/html/wp-content/mu-plugins/vp-proxy-directus.php on line 681
[08-Mar-2026 11:17:11 UTC] PHP Parse error:  Unmatched '}' in /var/www/html/wp-content/mu-plugins/vp-proxy-directus.php on line 681
[08-Mar-2026 11:17:12 UTC] PHP Parse error:  Unmatched '}' in /var/www/html/wp-content/mu-plugins/vp-proxy-directus.php on line 681
[08-Mar-2026 11:17:13 UTC] PHP Parse error:  Unmatched '}' in /var/www/html/wp-content/mu-plugins/vp-proxy-directus.php on line 681
[08-Mar-2026 11:17:14 UTC] PHP Parse error:  Unmatched '}' in /var/www/html/wp-content/mu-plugins/vp-proxy-directus.php on line 681
[08-Mar-2026 11:17:14 UTC] PHP Parse error:  Unmatched '}' in /var/www/html/wp-content/mu-plugins/vp-proxy-directus.php on line 681
[08-Mar-2026 11:17:16 UTC] PHP Parse error:  Unmatched '}' in /var/www/html/wp-content/mu-plugins/vp-proxy-directus.php on line 681
[08-Mar-2026 11:17:16 UTC] PHP Parse error:  Unmatched '}' in /var/www/html/wp-content/mu-plugins/vp-proxy-directus.php on line 681
[08-Mar-2026 11:17:18 UTC] PHP Parse error:  Unmatched '}' in /var/www/html/wp-content/mu-plugins/vp-proxy-directus.php on line 681
[08-Mar-2026 11:17:18 UTC] PHP Parse error:  Unmatched '}' in /var/www/html/wp-content/mu-plugins/vp-proxy-directus.php on line 681
[08-Mar-2026 11:17:20 UTC] PHP Parse error:  Unmatched '}' in /var/www/html/wp-content/mu-plugins/vp-proxy-directus.php on line 681
[08-Mar-2026 11:17:22 UTC] PHP Parse error:  Unmatched '}' in /var/www/html/wp-content/mu-plugins/vp-proxy-directus.php on line 681
[08-Mar-2026 11:17:23 UTC] PHP Parse error:  Unmatched '}' in /var/www/html/wp-content/mu-plugins/vp-proxy-directus.php on line 681
[08-Mar-2026 11:17:24 UTC] PHP Parse error:  Unmatched '}' in /var/www/html/wp-content/mu-plugins/vp-proxy-directus.php on line 681
[08-Mar-2026 11:17:24 UTC] PHP Parse error:  Unmatched '}' in /var/www/html/wp-content/mu-plugins/vp-proxy-directus.php on line 681
[08-Mar-2026 11:17:26 UTC] PHP Parse error:  Unmatched '}' in /var/www/html/wp-content/mu-plugins/vp-proxy-directus.php on line 681
[08-Mar-2026 11:17:27 UTC] PHP Parse error:  Unmatched '}' in /var/www/html/wp-content/mu-plugins/vp-proxy-directus.php on line 681
[08-Mar-2026 11:17:30 UTC] PHP Parse error:  Unmatched '}' in /var/www/html/wp-content/mu-plugins/vp-proxy-directus.php on line 681
[08-Mar-2026 11:17:44 UTC] PHP Parse error:  Unmatched '}' in /var/www/html/wp-content/mu-plugins/vp-proxy-directus.php on line 681
[08-Mar-2026 11:17:49 UTC] PHP Parse error:  Unmatched '}' in /var/www/html/wp-content/mu-plugins/vp-proxy-directus.php on line 681
[08-Mar-2026 11:17:50 UTC] PHP Parse error:  Unmatched '}' in /var/www/html/wp-content/mu-plugins/vp-proxy-directus.php on line 681
[08-Mar-2026 11:17:57 UTC] PHP Parse error:  Unmatched '}' in /var/www/html/wp-content/mu-plugins/vp-proxy-directus.php on line 681
[08-Mar-2026 11:18:01 UTC] PHP Parse error:  Unmatched '}' in /var/www/html/wp-content/mu-plugins/vp-proxy-directus.php on line 681
[08-Mar-2026 11:18:01 UTC] PHP Parse error:  Unmatched '}' in /var/www/html/wp-content/mu-plugins/vp-proxy-directus.php on line 681
[08-Mar-2026 11:18:02 UTC] PHP Parse error:  Unmatched '}' in /var/www/html/wp-content/mu-plugins/vp-proxy-directus.php on line 681
[08-Mar-2026 11:18:03 UTC] PHP Parse error:  Unmatched '}' in /var/www/html/wp-content/mu-plugins/vp-proxy-directus.php on line 681
[08-Mar-2026 11:18:08 UTC] PHP Parse error:  Unmatched '}' in /var/www/html/wp-content/mu-plugins/vp-proxy-directus.php on line 681
[08-Mar-2026 11:18:10 UTC] PHP Parse error:  Unmatched '}' in /var/www/html/wp-content/mu-plugins/vp-proxy-directus.php on line 681
[08-Mar-2026 11:18:11 UTC] PHP Parse error:  Unmatched '}' in /var/www/html/wp-content/mu-plugins/vp-proxy-directus.php on line 681
[08-Mar-2026 11:18:11 UTC] PHP Parse error:  Unmatched '}' in /var/www/html/wp-content/mu-plugins/vp-proxy-directus.php on line 681
[08-Mar-2026 11:18:12 UTC] PHP Parse error:  Unmatched '}' in /var/www/html/wp-content/mu-plugins/vp-proxy-directus.php on line 681
[08-Mar-2026 11:18:43 UTC] PHP Parse error:  Unmatched '}' in /var/www/html/wp-content/mu-plugins/vp-proxy-directus.php on line 681
[08-Mar-2026 11:19:05 UTC] PHP Parse error:  Unmatched '}' in /var/www/html/wp-content/mu-plugins/vp-proxy-directus.php on line 681
[08-Mar-2026 11:19:06 UTC] PHP Parse error:  Unmatched '}' in /var/www/html/wp-content/mu-plugins/vp-proxy-directus.php on line 681
[08-Mar-2026 11:19:13 UTC] PHP Parse error:  Unmatched '}' in /var/www/html/wp-content/mu-plugins/vp-proxy-directus.php on line 681
[08-Mar-2026 11:19:13 UTC] PHP Parse error:  Unmatched '}' in /var/www/html/wp-content/mu-plugins/vp-proxy-directus.php on line 681
[08-Mar-2026 11:19:14 UTC] PHP Parse error:  Unmatched '}' in /var/www/html/wp-content/mu-plugins/vp-proxy-directus.php on line 681
[08-Mar-2026 11:19:15 UTC] PHP Parse error:  Unmatched '}' in /var/www/html/wp-content/mu-plugins/vp-proxy-directus.php on line 681
[08-Mar-2026 11:19:16 UTC] PHP Parse error:  Unmatched '}' in /var/www/html/wp-content/mu-plugins/vp-proxy-directus.php on line 681
[08-Mar-2026 11:19:18 UTC] PHP Parse error:  Unmatched '}' in /var/www/html/wp-content/mu-plugins/vp-proxy-directus.php on line 681
[08-Mar-2026 11:19:19 UTC] PHP Parse error:  Unmatched '}' in /var/www/html/wp-content/mu-plugins/vp-proxy-directus.php on line 681
[08-Mar-2026 11:19:20 UTC] PHP Parse error:  Unmatched '}' in /var/www/html/wp-content/mu-plugins/vp-proxy-directus.php on line 681
[08-Mar-2026 11:19:20 UTC] PHP Parse error:  Unmatched '}' in /var/www/html/wp-content/mu-plugins/vp-proxy-directus.php on line 681
[08-Mar-2026 11:19:21 UTC] PHP Parse error:  Unmatched '}' in /var/www/html/wp-content/mu-plugins/vp-proxy-directus.php on line 681
[08-Mar-2026 11:19:22 UTC] PHP Parse error:  Unmatched '}' in /var/www/html/wp-content/mu-plugins/vp-proxy-directus.php on line 681
[08-Mar-2026 11:19:22 UTC] PHP Parse error:  Unmatched '}' in /var/www/html/wp-content/mu-plugins/vp-proxy-directus.php on line 681
[08-Mar-2026 11:19:23 UTC] PHP Parse error:  Unmatched '}' in /var/www/html/wp-content/mu-plugins/vp-proxy-directus.php on line 681
[08-Mar-2026 11:19:24 UTC] PHP Parse error:  Unmatched '}' in /var/www/html/wp-content/mu-plugins/vp-proxy-directus.php on line 681
[08-Mar-2026 11:19:24 UTC] PHP Parse error:  Unmatched '}' in /var/www/html/wp-content/mu-plugins/vp-proxy-directus.php on line 681
[08-Mar-2026 11:19:26 UTC] PHP Parse error:  Unmatched '}' in /var/www/html/wp-content/mu-plugins/vp-proxy-directus.php on line 681
[08-Mar-2026 11:19:34 UTC] PHP Parse error:  Unmatched '}' in /var/www/html/wp-content/mu-plugins/vp-proxy-directus.php on line 681
[08-Mar-2026 11:19:38 UTC] PHP Parse error:  Unmatched '}' in /var/www/html/wp-content/mu-plugins/vp-proxy-directus.php on line 681
[08-Mar-2026 11:19:39 UTC] PHP Parse error:  Unmatched '}' in /var/www/html/wp-content/mu-plugins/vp-proxy-directus.php on line 681
[08-Mar-2026 11:19:40 UTC] PHP Parse error:  Unmatched '}' in /var/www/html/wp-content/mu-plugins/vp-proxy-directus.php on line 681
[08-Mar-2026 11:19:40 UTC] PHP Parse error:  Unmatched '}' in /var/www/html/wp-content/mu-plugins/vp-proxy-directus.php on line 681
[08-Mar-2026 11:19:42 UTC] PHP Parse error:  Unmatched '}' in /var/www/html/wp-content/mu-plugins/vp-proxy-directus.php on line 681
[08-Mar-2026 11:19:44 UTC] PHP Parse error:  Unmatched '}' in /var/www/html/wp-content/mu-plugins/vp-proxy-directus.php on line 681
[08-Mar-2026 11:19:45 UTC] PHP Parse error:  Unmatched '}' in /var/www/html/wp-content/mu-plugins/vp-proxy-directus.php on line 681
[08-Mar-2026 11:19:45 UTC] PHP Parse error:  Unmatched '}' in /var/www/html/wp-content/mu-plugins/vp-proxy-directus.php on line 681
[08-Mar-2026 11:19:46 UTC] PHP Parse error:  Unmatched '}' in /var/www/html/wp-content/mu-plugins/vp-proxy-directus.php on line 681
[08-Mar-2026 11:19:47 UTC] PHP Parse error:  Unmatched '}' in /var/www/html/wp-content/mu-plugins/vp-proxy-directus.php on line 681
[08-Mar-2026 11:19:48 UTC] PHP Parse error:  Unmatched '}' in /var/www/html/wp-content/mu-plugins/vp-proxy-directus.php on line 681
[08-Mar-2026 11:19:49 UTC] PHP Parse error:  Unmatched '}' in /var/www/html/wp-content/mu-plugins/vp-proxy-directus.php on line 681
[08-Mar-2026 11:19:50 UTC] PHP Parse error:  Unmatched '}' in /var/www/html/wp-content/mu-plugins/vp-proxy-directus.php on line 681
[08-Mar-2026 11:19:50 UTC] PHP Parse error:  Unmatched '}' in /var/www/html/wp-content/mu-plugins/vp-proxy-directus.php on line 681
[08-Mar-2026 11:19:51 UTC] PHP Parse error:  Unmatched '}' in /var/www/html/wp-content/mu-plugins/vp-proxy-directus.php on line 681
[08-Mar-2026 11:19:54 UTC] PHP Parse error:  Unmatched '}' in /var/www/html/wp-content/mu-plugins/vp-proxy-directus.php on line 681
[08-Mar-2026 11:19:54 UTC] PHP Parse error:  Unmatched '}' in /var/www/html/wp-content/mu-plugins/vp-proxy-directus.php on line 681
[08-Mar-2026 11:19:55 UTC] PHP Parse error:  Unmatched '}' in /var/www/html/wp-content/mu-plugins/vp-proxy-directus.php on line 681
[08-Mar-2026 11:19:57 UTC] PHP Parse error:  Unmatched '}' in /var/www/html/wp-content/mu-plugins/vp-proxy-directus.php on line 681
[08-Mar-2026 11:19:59 UTC] PHP Parse error:  Unmatched '}' in /var/www/html/wp-content/mu-plugins/vp-proxy-directus.php on line 681
[08-Mar-2026 11:19:59 UTC] PHP Parse error:  Unmatched '}' in /var/www/html/wp-content/mu-plugins/vp-proxy-directus.php on line 681
[08-Mar-2026 11:20:00 UTC] PHP Parse error:  Unmatched '}' in /var/www/html/wp-content/mu-plugins/vp-proxy-directus.php on line 681
[08-Mar-2026 11:20:01 UTC] PHP Parse error:  Unmatched '}' in /var/www/html/wp-content/mu-plugins/vp-proxy-directus.php on line 681
[08-Mar-2026 11:20:12 UTC] PHP Parse error:  Unmatched '}' in /var/www/html/wp-content/mu-plugins/vp-proxy-directus.php on line 681
[08-Mar-2026 11:20:13 UTC] PHP Parse error:  Unmatched '}' in /var/www/html/wp-content/mu-plugins/vp-proxy-directus.php on line 681
[08-Mar-2026 11:20:14 UTC] PHP Parse error:  Unmatched '}' in /var/www/html/wp-content/mu-plugins/vp-proxy-directus.php on line 681
[08-Mar-2026 11:20:16 UTC] PHP Parse error:  Unmatched '}' in /var/www/html/wp-content/mu-plugins/vp-proxy-directus.php on line 681
[08-Mar-2026 11:20:16 UTC] PHP Parse error:  Unmatched '}' in /var/www/html/wp-content/mu-plugins/vp-proxy-directus.php on line 681
[08-Mar-2026 11:20:18 UTC] PHP Parse error:  Unmatched '}' in /var/www/html/wp-content/mu-plugins/vp-proxy-directus.php on line 681
[08-Mar-2026 11:20:19 UTC] PHP Parse error:  Unmatched '}' in /var/www/html/wp-content/mu-plugins/vp-proxy-directus.php on line 681
[08-Mar-2026 11:20:20 UTC] PHP Parse error:  Unmatched '}' in /var/www/html/wp-content/mu-plugins/vp-proxy-directus.php on line 681
[08-Mar-2026 11:20:20 UTC] PHP Parse error:  Unmatched '}' in /var/www/html/wp-content/mu-plugins/vp-proxy-directus.php on line 681
[08-Mar-2026 11:20:21 UTC] PHP Parse error:  Unmatched '}' in /var/www/html/wp-content/mu-plugins/vp-proxy-directus.php on line 681
[08-Mar-2026 11:20:23 UTC] PHP Parse error:  Unmatched '}' in /var/www/html/wp-content/mu-plugins/vp-proxy-directus.php on line 681
[08-Mar-2026 11:20:24 UTC] PHP Parse error:  Unmatched '}' in /var/www/html/wp-content/mu-plugins/vp-proxy-directus.php on line 681
[08-Mar-2026 11:20:25 UTC] PHP Parse error:  Unmatched '}' in /var/www/html/wp-content/mu-plugins/vp-proxy-directus.php on line 681
[08-Mar-2026 11:20:26 UTC] PHP Parse error:  Unmatched '}' in /var/www/html/wp-content/mu-plugins/vp-proxy-directus.php on line 681
[08-Mar-2026 11:20:26 UTC] PHP Parse error:  Unmatched '}' in /var/www/html/wp-content/mu-plugins/vp-proxy-directus.php on line 681
[08-Mar-2026 11:20:28 UTC] PHP Parse error:  Unmatched '}' in /var/www/html/wp-content/mu-plugins/vp-proxy-directus.php on line 681
[08-Mar-2026 11:20:29 UTC] PHP Parse error:  Unmatched '}' in /var/www/html/wp-content/mu-plugins/vp-proxy-directus.php on line 681
[08-Mar-2026 11:20:30 UTC] PHP Parse error:  Unmatched '}' in /var/www/html/wp-content/mu-plugins/vp-proxy-directus.php on line 681
[08-Mar-2026 11:20:38 UTC] PHP Parse error:  Unmatched '}' in /var/www/html/wp-content/mu-plugins/vp-proxy-directus.php on line 681
[08-Mar-2026 11:20:44 UTC] PHP Parse error:  Unmatched '}' in /var/www/html/wp-content/mu-plugins/vp-proxy-directus.php on line 681
[08-Mar-2026 11:20:46 UTC] PHP Parse error:  Unmatched '}' in /var/www/html/wp-content/mu-plugins/vp-proxy-directus.php on line 681
[08-Mar-2026 11:20:47 UTC] PHP Parse error:  Unmatched '}' in /var/www/html/wp-content/mu-plugins/vp-proxy-directus.php on line 681
[08-Mar-2026 11:20:48 UTC] PHP Parse error:  Unmatched '}' in /var/www/html/wp-content/mu-plugins/vp-proxy-directus.php on line 681
[08-Mar-2026 11:20:50 UTC] PHP Parse error:  Unmatched '}' in /var/www/html/wp-content/mu-plugins/vp-proxy-directus.php on line 681
[08-Mar-2026 11:20:51 UTC] PHP Parse error:  Unmatched '}' in /var/www/html/wp-content/mu-plugins/vp-proxy-directus.php on line 681
[08-Mar-2026 11:20:56 UTC] PHP Parse error:  Unmatched '}' in /var/www/html/wp-content/mu-plugins/vp-proxy-directus.php on line 681
[08-Mar-2026 11:20:57 UTC] PHP Parse error:  Unmatched '}' in /var/www/html/wp-content/mu-plugins/vp-proxy-directus.php on line 681
[08-Mar-2026 11:21:09 UTC] PHP Parse error:  Unmatched '}' in /var/www/html/wp-content/mu-plugins/vp-proxy-directus.php on line 681
[08-Mar-2026 11:21:10 UTC] PHP Parse error:  Unmatched '}' in /var/www/html/wp-content/mu-plugins/vp-proxy-directus.php on line 681
[08-Mar-2026 11:21:12 UTC] PHP Parse error:  Unmatched '}' in /var/www/html/wp-content/mu-plugins/vp-proxy-directus.php on line 681
[08-Mar-2026 11:21:13 UTC] PHP Parse error:  Unmatched '}' in /var/www/html/wp-content/mu-plugins/vp-proxy-directus.php on line 681
[08-Mar-2026 11:21:14 UTC] PHP Parse error:  Unmatched '}' in /var/www/html/wp-content/mu-plugins/vp-proxy-directus.php on line 681
[08-Mar-2026 11:21:21 UTC] PHP Parse error:  Unmatched '}' in /var/www/html/wp-content/mu-plugins/vp-proxy-directus.php on line 681
[08-Mar-2026 11:21:24 UTC] PHP Parse error:  Unmatched '}' in /var/www/html/wp-content/mu-plugins/vp-proxy-directus.php on line 681
[08-Mar-2026 11:21:25 UTC] PHP Parse error:  Unmatched '}' in /var/www/html/wp-content/mu-plugins/vp-proxy-directus.php on line 681
[08-Mar-2026 11:21:25 UTC] PHP Parse error:  Unmatched '}' in /var/www/html/wp-content/mu-plugins/vp-proxy-directus.php on line 681
[08-Mar-2026 11:21:26 UTC] PHP Parse error:  Unmatched '}' in /var/www/html/wp-content/mu-plugins/vp-proxy-directus.php on line 681
[08-Mar-2026 11:21:27 UTC] PHP Parse error:  Unmatched '}' in /var/www/html/wp-content/mu-plugins/vp-proxy-directus.php on line 681
[08-Mar-2026 11:21:28 UTC] PHP Parse error:  Unmatched '}' in /var/www/html/wp-content/mu-plugins/vp-proxy-directus.php on line 681
[08-Mar-2026 11:21:29 UTC] PHP Parse error:  Unmatched '}' in /var/www/html/wp-content/mu-plugins/vp-proxy-directus.php on line 681
[08-Mar-2026 11:21:32 UTC] PHP Parse error:  Unmatched '}' in /var/www/html/wp-content/mu-plugins/vp-proxy-directus.php on line 681
[08-Mar-2026 11:21:34 UTC] PHP Parse error:  Unmatched '}' in /var/www/html/wp-content/mu-plugins/vp-proxy-directus.php on line 681
[08-Mar-2026 11:21:35 UTC] PHP Parse error:  Unmatched '}' in /var/www/html/wp-content/mu-plugins/vp-proxy-directus.php on line 681
[08-Mar-2026 11:21:37 UTC] PHP Parse error:  Unmatched '}' in /var/www/html/wp-content/mu-plugins/vp-proxy-directus.php on line 681
[08-Mar-2026 11:21:39 UTC] PHP Parse error:  Unmatched '}' in /var/www/html/wp-content/mu-plugins/vp-proxy-directus.php on line 681
[08-Mar-2026 11:21:41 UTC] PHP Parse error:  Unmatched '}' in /var/www/html/wp-content/mu-plugins/vp-proxy-directus.php on line 681
[08-Mar-2026 11:21:41 UTC] PHP Parse error:  Unmatched '}' in /var/www/html/wp-content/mu-plugins/vp-proxy-directus.php on line 681
[08-Mar-2026 11:21:42 UTC] PHP Parse error:  Unmatched '}' in /var/www/html/wp-content/mu-plugins/vp-proxy-directus.php on line 681
[08-Mar-2026 11:21:44 UTC] PHP Parse error:  Unmatched '}' in /var/www/html/wp-content/mu-plugins/vp-proxy-directus.php on line 681
[08-Mar-2026 11:21:45 UTC] PHP Parse error:  Unmatched '}' in /var/www/html/wp-content/mu-plugins/vp-proxy-directus.php on line 681
[08-Mar-2026 11:21:45 UTC] PHP Parse error:  Unmatched '}' in /var/www/html/wp-content/mu-plugins/vp-proxy-directus.php on line 681
[08-Mar-2026 11:21:46 UTC] PHP Parse error:  Unmatched '}' in /var/www/html/wp-content/mu-plugins/vp-proxy-directus.php on line 681
[08-Mar-2026 11:21:47 UTC] PHP Parse error:  Unmatched '}' in /var/www/html/wp-content/mu-plugins/vp-proxy-directus.php on line 681
[08-Mar-2026 11:21:48 UTC] PHP Parse error:  Unmatched '}' in /var/www/html/wp-content/mu-plugins/vp-proxy-directus.php on line 681
[08-Mar-2026 11:21:49 UTC] PHP Parse error:  Unmatched '}' in /var/www/html/wp-content/mu-plugins/vp-proxy-directus.php on line 681
[08-Mar-2026 11:21:50 UTC] PHP Parse error:  Unmatched '}' in /var/www/html/wp-content/mu-plugins/vp-proxy-directus.php on line 681
[08-Mar-2026 11:22:04 UTC] PHP Parse error:  Unmatched '}' in /var/www/html/wp-content/mu-plugins/vp-proxy-directus.php on line 681
[08-Mar-2026 11:22:15 UTC] PHP Parse error:  Unmatched '}' in /var/www/html/wp-content/mu-plugins/vp-proxy-directus.php on line 681
[08-Mar-2026 11:22:16 UTC] PHP Parse error:  Unmatched '}' in /var/www/html/wp-content/mu-plugins/vp-proxy-directus.php on line 681
[08-Mar-2026 11:22:17 UTC] PHP Parse error:  Unmatched '}' in /var/www/html/wp-content/mu-plugins/vp-proxy-directus.php on line 681
[08-Mar-2026 11:22:18 UTC] PHP Parse error:  Unmatched '}' in /var/www/html/wp-content/mu-plugins/vp-proxy-directus.php on line 681
[08-Mar-2026 11:22:19 UTC] PHP Parse error:  Unmatched '}' in /var/www/html/wp-content/mu-plugins/vp-proxy-directus.php on line 681
[08-Mar-2026 11:22:19 UTC] PHP Parse error:  Unmatched '}' in /var/www/html/wp-content/mu-plugins/vp-proxy-directus.php on line 681
[08-Mar-2026 11:22:20 UTC] PHP Parse error:  Unmatched '}' in /var/www/html/wp-content/mu-plugins/vp-proxy-directus.php on line 681
[08-Mar-2026 11:22:22 UTC] PHP Parse error:  Unmatched '}' in /var/www/html/wp-content/mu-plugins/vp-proxy-directus.php on line 681
[08-Mar-2026 11:22:23 UTC] PHP Parse error:  Unmatched '}' in /var/www/html/wp-content/mu-plugins/vp-proxy-directus.php on line 681
[08-Mar-2026 11:22:27 UTC] PHP Parse error:  Unmatched '}' in /var/www/html/wp-content/mu-plugins/vp-proxy-directus.php on line 681
[08-Mar-2026 11:23:02 UTC] PHP Parse error:  Unmatched '}' in /var/www/html/wp-content/mu-plugins/vp-proxy-directus.php on line 681
[08-Mar-2026 11:23:08 UTC] PHP Parse error:  Unmatched '}' in /var/www/html/wp-content/mu-plugins/vp-proxy-directus.php on line 681
[08-Mar-2026 11:23:19 UTC] PHP Parse error:  Unmatched '}' in /var/www/html/wp-content/mu-plugins/vp-proxy-directus.php on line 681
[08-Mar-2026 11:23:22 UTC] PHP Parse error:  Unmatched '}' in /var/www/html/wp-content/mu-plugins/vp-proxy-directus.php on line 681
[08-Mar-2026 11:23:32 UTC] PHP Parse error:  Unmatched '}' in /var/www/html/wp-content/mu-plugins/vp-proxy-directus.php on line 681
[08-Mar-2026 11:23:35 UTC] PHP Parse error:  Unmatched '}' in /var/www/html/wp-content/mu-plugins/vp-proxy-directus.php on line 681
[08-Mar-2026 11:23:36 UTC] PHP Parse error:  Unmatched '}' in /var/www/html/wp-content/mu-plugins/vp-proxy-directus.php on line 681
[08-Mar-2026 11:23:40 UTC] PHP Parse error:  Unmatched '}' in /var/www/html/wp-content/mu-plugins/vp-proxy-directus.php on line 681
[08-Mar-2026 11:23:44 UTC] PHP Parse error:  Unmatched '}' in /var/www/html/wp-content/mu-plugins/vp-proxy-directus.php on line 681
[08-Mar-2026 11:23:46 UTC] PHP Parse error:  Unmatched '}' in /var/www/html/wp-content/mu-plugins/vp-proxy-directus.php on line 681
[08-Mar-2026 11:23:50 UTC] PHP Parse error:  Unmatched '}' in /var/www/html/wp-content/mu-plugins/vp-proxy-directus.php on line 681
[08-Mar-2026 11:23:51 UTC] PHP Parse error:  Unmatched '}' in /var/www/html/wp-content/mu-plugins/vp-proxy-directus.php on line 681
[08-Mar-2026 11:23:53 UTC] PHP Parse error:  Unmatched '}' in /var/www/html/wp-content/mu-plugins/vp-proxy-directus.php on line 681
[08-Mar-2026 11:23:57 UTC] PHP Parse error:  Unmatched '}' in /var/www/html/wp-content/mu-plugins/vp-proxy-directus.php on line 681
[08-Mar-2026 11:23:59 UTC] PHP Parse error:  Unmatched '}' in /var/www/html/wp-content/mu-plugins/vp-proxy-directus.php on line 681
[08-Mar-2026 11:24:12 UTC] PHP Parse error:  Unmatched '}' in /var/www/html/wp-content/mu-plugins/vp-proxy-directus.php on line 681
[08-Mar-2026 11:24:12 UTC] PHP Parse error:  Unmatched '}' in /var/www/html/wp-content/mu-plugins/vp-proxy-directus.php on line 681
[08-Mar-2026 11:24:13 UTC] PHP Parse error:  Unmatched '}' in /var/www/html/wp-content/mu-plugins/vp-proxy-directus.php on line 681
[08-Mar-2026 11:24:14 UTC] PHP Parse error:  Unmatched '}' in /var/www/html/wp-content/mu-plugins/vp-proxy-directus.php on line 681
[08-Mar-2026 11:24:15 UTC] PHP Parse error:  Unmatched '}' in /var/www/html/wp-content/mu-plugins/vp-proxy-directus.php on line 681
[08-Mar-2026 11:24:15 UTC] PHP Parse error:  Unmatched '}' in /var/www/html/wp-content/mu-plugins/vp-proxy-directus.php on line 681
[08-Mar-2026 11:24:17 UTC] PHP Parse error:  Unmatched '}' in /var/www/html/wp-content/mu-plugins/vp-proxy-directus.php on line 681
[08-Mar-2026 11:24:18 UTC] PHP Parse error:  Unmatched '}' in /var/www/html/wp-content/mu-plugins/vp-proxy-directus.php on line 681
[08-Mar-2026 11:24:20 UTC] PHP Parse error:  Unmatched '}' in /var/www/html/wp-content/mu-plugins/vp-proxy-directus.php on line 681
[08-Mar-2026 11:24:22 UTC] PHP Parse error:  Unmatched '}' in /var/www/html/wp-content/mu-plugins/vp-proxy-directus.php on line 681
[08-Mar-2026 11:24:24 UTC] PHP Parse error:  Unmatched '}' in /var/www/html/wp-content/mu-plugins/vp-proxy-directus.php on line 681
[08-Mar-2026 11:24:24 UTC] PHP Parse error:  Unmatched '}' in /var/www/html/wp-content/mu-plugins/vp-proxy-directus.php on line 681
[08-Mar-2026 11:24:25 UTC] PHP Parse error:  Unmatched '}' in /var/www/html/wp-content/mu-plugins/vp-proxy-directus.php on line 681
[08-Mar-2026 11:24:30 UTC] PHP Parse error:  Unmatched '}' in /var/www/html/wp-content/mu-plugins/vp-proxy-directus.php on line 681
[08-Mar-2026 11:24:35 UTC] PHP Parse error:  Unmatched '}' in /var/www/html/wp-content/mu-plugins/vp-proxy-directus.php on line 681
[08-Mar-2026 11:24:56 UTC] PHP Parse error:  Unmatched '}' in /var/www/html/wp-content/mu-plugins/vp-proxy-directus.php on line 681
[08-Mar-2026 11:25:06 UTC] PHP Parse error:  Unmatched '}' in /var/www/html/wp-content/mu-plugins/vp-proxy-directus.php on line 681
[08-Mar-2026 11:25:07 UTC] PHP Parse error:  Unmatched '}' in /var/www/html/wp-content/mu-plugins/vp-proxy-directus.php on line 681
[08-Mar-2026 11:25:08 UTC] PHP Parse error:  Unmatched '}' in /var/www/html/wp-content/mu-plugins/vp-proxy-directus.php on line 681
[08-Mar-2026 11:25:09 UTC] PHP Parse error:  Unmatched '}' in /var/www/html/wp-content/mu-plugins/vp-proxy-directus.php on line 681
[08-Mar-2026 11:25:10 UTC] PHP Parse error:  Unmatched '}' in /var/www/html/wp-content/mu-plugins/vp-proxy-directus.php on line 681
[08-Mar-2026 11:25:22 UTC] PHP Parse error:  Unmatched '}' in /var/www/html/wp-content/mu-plugins/vp-proxy-directus.php on line 681
[08-Mar-2026 11:25:23 UTC] PHP Parse error:  Unmatched '}' in /var/www/html/wp-content/mu-plugins/vp-proxy-directus.php on line 681
[08-Mar-2026 11:25:40 UTC] PHP Parse error:  Unmatched '}' in /var/www/html/wp-content/mu-plugins/vp-proxy-directus.php on line 681
[08-Mar-2026 11:25:52 UTC] PHP Parse error:  Unmatched '}' in /var/www/html/wp-content/mu-plugins/vp-proxy-directus.php on line 681
[08-Mar-2026 11:25:54 UTC] PHP Parse error:  Unmatched '}' in /var/www/html/wp-content/mu-plugins/vp-proxy-directus.php on line 681
[08-Mar-2026 11:25:58 UTC] PHP Parse error:  Unmatched '}' in /var/www/html/wp-content/mu-plugins/vp-proxy-directus.php on line 681
[08-Mar-2026 11:26:00 UTC] PHP Parse error:  Unmatched '}' in /var/www/html/wp-content/mu-plugins/vp-proxy-directus.php on line 681
[08-Mar-2026 11:26:13 UTC] PHP Parse error:  Unmatched '}' in /var/www/html/wp-content/mu-plugins/vp-proxy-directus.php on line 681
[08-Mar-2026 11:26:14 UTC] PHP Parse error:  Unmatched '}' in /var/www/html/wp-content/mu-plugins/vp-proxy-directus.php on line 681
[08-Mar-2026 11:26:15 UTC] PHP Parse error:  Unmatched '}' in /var/www/html/wp-content/mu-plugins/vp-proxy-directus.php on line 681
[08-Mar-2026 11:26:16 UTC] PHP Parse error:  Unmatched '}' in /var/www/html/wp-content/mu-plugins/vp-proxy-directus.php on line 681
[08-Mar-2026 11:26:20 UTC] PHP Parse error:  Unmatched '}' in /var/www/html/wp-content/mu-plugins/vp-proxy-directus.php on line 681
[08-Mar-2026 11:26:25 UTC] PHP Parse error:  Unmatched '}' in /var/www/html/wp-content/mu-plugins/vp-proxy-directus.php on line 681
[08-Mar-2026 11:26:28 UTC] PHP Parse error:  Unmatched '}' in /var/www/html/wp-content/mu-plugins/vp-proxy-directus.php on line 681
[08-Mar-2026 11:26:29 UTC] PHP Parse error:  Unmatched '}' in /var/www/html/wp-content/mu-plugins/vp-proxy-directus.php on line 681
[08-Mar-2026 11:26:30 UTC] PHP Parse error:  Unmatched '}' in /var/www/html/wp-content/mu-plugins/vp-proxy-directus.php on line 681
[08-Mar-2026 11:26:31 UTC] PHP Parse error:  Unmatched '}' in /var/www/html/wp-content/mu-plugins/vp-proxy-directus.php on line 681
[08-Mar-2026 11:26:31 UTC] PHP Parse error:  Unmatched '}' in /var/www/html/wp-content/mu-plugins/vp-proxy-directus.php on line 681
[08-Mar-2026 11:26:32 UTC] PHP Parse error:  Unmatched '}' in /var/www/html/wp-content/mu-plugins/vp-proxy-directus.php on line 681
[08-Mar-2026 11:26:33 UTC] PHP Parse error:  Unmatched '}' in /var/www/html/wp-content/mu-plugins/vp-proxy-directus.php on line 681
[08-Mar-2026 11:26:34 UTC] PHP Parse error:  Unmatched '}' in /var/www/html/wp-content/mu-plugins/vp-proxy-directus.php on line 681
[08-Mar-2026 11:26:35 UTC] PHP Parse error:  Unmatched '}' in /var/www/html/wp-content/mu-plugins/vp-proxy-directus.php on line 681
[08-Mar-2026 11:26:37 UTC] PHP Parse error:  Unmatched '}' in /var/www/html/wp-content/mu-plugins/vp-proxy-directus.php on line 681
[08-Mar-2026 11:26:38 UTC] PHP Parse error:  Unmatched '}' in /var/www/html/wp-content/mu-plugins/vp-proxy-directus.php on line 681
[08-Mar-2026 11:26:38 UTC] PHP Parse error:  Unmatched '}' in /var/www/html/wp-content/mu-plugins/vp-proxy-directus.php on line 681
[08-Mar-2026 11:26:39 UTC] PHP Parse error:  Unmatched '}' in /var/www/html/wp-content/mu-plugins/vp-proxy-directus.php on line 681
[08-Mar-2026 11:26:39 UTC] PHP Parse error:  Unmatched '}' in /var/www/html/wp-content/mu-plugins/vp-proxy-directus.php on line 681
[08-Mar-2026 11:26:40 UTC] PHP Parse error:  Unmatched '}' in /var/www/html/wp-content/mu-plugins/vp-proxy-directus.php on line 681
[08-Mar-2026 11:26:42 UTC] PHP Parse error:  Unmatched '}' in /var/www/html/wp-content/mu-plugins/vp-proxy-directus.php on line 681
[08-Mar-2026 11:26:43 UTC] PHP Parse error:  Unmatched '}' in /var/www/html/wp-content/mu-plugins/vp-proxy-directus.php on line 681
[08-Mar-2026 11:26:44 UTC] PHP Parse error:  Unmatched '}' in /var/www/html/wp-content/mu-plugins/vp-proxy-directus.php on line 681
[08-Mar-2026 11:26:45 UTC] PHP Parse error:  Unmatched '}' in /var/www/html/wp-content/mu-plugins/vp-proxy-directus.php on line 681
[08-Mar-2026 11:26:46 UTC] PHP Parse error:  Unmatched '}' in /var/www/html/wp-content/mu-plugins/vp-proxy-directus.php on line 681
[08-Mar-2026 11:26:48 UTC] PHP Parse error:  Unmatched '}' in /var/www/html/wp-content/mu-plugins/vp-proxy-directus.php on line 681
[08-Mar-2026 11:26:55 UTC] PHP Parse error:  Unmatched '}' in /var/www/html/wp-content/mu-plugins/vp-proxy-directus.php on line 681
[08-Mar-2026 11:26:58 UTC] PHP Parse error:  Unmatched '}' in /var/www/html/wp-content/mu-plugins/vp-proxy-directus.php on line 681
[08-Mar-2026 11:26:58 UTC] PHP Parse error:  Unmatched '}' in /var/www/html/wp-content/mu-plugins/vp-proxy-directus.php on line 681
[08-Mar-2026 11:26:59 UTC] PHP Parse error:  Unmatched '}' in /var/www/html/wp-content/mu-plugins/vp-proxy-directus.php on line 681
[08-Mar-2026 11:26:59 UTC] PHP Parse error:  Unmatched '}' in /var/www/html/wp-content/mu-plugins/vp-proxy-directus.php on line 681
[08-Mar-2026 11:27:00 UTC] PHP Parse error:  Unmatched '}' in /var/www/html/wp-content/mu-plugins/vp-proxy-directus.php on line 681
[08-Mar-2026 11:27:00 UTC] PHP Parse error:  Unmatched '}' in /var/www/html/wp-content/mu-plugins/vp-proxy-directus.php on line 681
[08-Mar-2026 11:27:02 UTC] PHP Parse error:  Unmatched '}' in /var/www/html/wp-content/mu-plugins/vp-proxy-directus.php on line 681
[08-Mar-2026 11:27:03 UTC] PHP Parse error:  Unmatched '}' in /var/www/html/wp-content/mu-plugins/vp-proxy-directus.php on line 681
[08-Mar-2026 11:27:04 UTC] PHP Parse error:  Unmatched '}' in /var/www/html/wp-content/mu-plugins/vp-proxy-directus.php on line 681
[08-Mar-2026 11:27:04 UTC] PHP Parse error:  Unmatched '}' in /var/www/html/wp-content/mu-plugins/vp-proxy-directus.php on line 681
[08-Mar-2026 11:27:05 UTC] PHP Parse error:  Unmatched '}' in /var/www/html/wp-content/mu-plugins/vp-proxy-directus.php on line 681
[08-Mar-2026 11:27:06 UTC] PHP Parse error:  Unmatched '}' in /var/www/html/wp-content/mu-plugins/vp-proxy-directus.php on line 681
[08-Mar-2026 11:27:07 UTC] PHP Parse error:  Unmatched '}' in /var/www/html/wp-content/mu-plugins/vp-proxy-directus.php on line 681
[08-Mar-2026 11:27:08 UTC] PHP Parse error:  Unmatched '}' in /var/www/html/wp-content/mu-plugins/vp-proxy-directus.php on line 681
[08-Mar-2026 11:27:15 UTC] PHP Parse error:  Unmatched '}' in /var/www/html/wp-content/mu-plugins/vp-proxy-directus.php on line 681
[08-Mar-2026 11:27:27 UTC] PHP Parse error:  Unmatched '}' in /var/www/html/wp-content/mu-plugins/vp-proxy-directus.php on line 681
[08-Mar-2026 11:27:34 UTC] PHP Parse error:  Unmatched '}' in /var/www/html/wp-content/mu-plugins/vp-proxy-directus.php on line 681
[08-Mar-2026 11:27:35 UTC] PHP Parse error:  Unmatched '}' in /var/www/html/wp-content/mu-plugins/vp-proxy-directus.php on line 681
[08-Mar-2026 11:27:35 UTC] PHP Parse error:  Unmatched '}' in /var/www/html/wp-content/mu-plugins/vp-proxy-directus.php on line 681
[08-Mar-2026 11:27:37 UTC] PHP Parse error:  Unmatched '}' in /var/www/html/wp-content/mu-plugins/vp-proxy-directus.php on line 681
[08-Mar-2026 11:27:37 UTC] PHP Parse error:  Unmatched '}' in /var/www/html/wp-content/mu-plugins/vp-proxy-directus.php on line 681
[08-Mar-2026 11:27:38 UTC] PHP Parse error:  Unmatched '}' in /var/www/html/wp-content/mu-plugins/vp-proxy-directus.php on line 681
[08-Mar-2026 11:27:39 UTC] PHP Parse error:  Unmatched '}' in /var/www/html/wp-content/mu-plugins/vp-proxy-directus.php on line 681
[08-Mar-2026 11:27:40 UTC] PHP Parse error:  Unmatched '}' in /var/www/html/wp-content/mu-plugins/vp-proxy-directus.php on line 681
[08-Mar-2026 11:27:41 UTC] PHP Parse error:  Unmatched '}' in /var/www/html/wp-content/mu-plugins/vp-proxy-directus.php on line 681
[08-Mar-2026 11:27:42 UTC] PHP Parse error:  Unmatched '}' in /var/www/html/wp-content/mu-plugins/vp-proxy-directus.php on line 681
[08-Mar-2026 11:27:43 UTC] PHP Parse error:  Unmatched '}' in /var/www/html/wp-content/mu-plugins/vp-proxy-directus.php on line 681
[08-Mar-2026 11:27:44 UTC] PHP Parse error:  Unmatched '}' in /var/www/html/wp-content/mu-plugins/vp-proxy-directus.php on line 681
[08-Mar-2026 11:27:45 UTC] PHP Parse error:  Unmatched '}' in /var/www/html/wp-content/mu-plugins/vp-proxy-directus.php on line 681
[08-Mar-2026 11:27:46 UTC] PHP Parse error:  Unmatched '}' in /var/www/html/wp-content/mu-plugins/vp-proxy-directus.php on line 681
[08-Mar-2026 11:28:00 UTC] PHP Parse error:  Unmatched '}' in /var/www/html/wp-content/mu-plugins/vp-proxy-directus.php on line 681
[08-Mar-2026 11:28:03 UTC] PHP Parse error:  Unmatched '}' in /var/www/html/wp-content/mu-plugins/vp-proxy-directus.php on line 681
[08-Mar-2026 11:28:14 UTC] PHP Parse error:  Unmatched '}' in /var/www/html/wp-content/mu-plugins/vp-proxy-directus.php on line 681
[08-Mar-2026 11:28:15 UTC] PHP Parse error:  Unmatched '}' in /var/www/html/wp-content/mu-plugins/vp-proxy-directus.php on line 681
[08-Mar-2026 11:28:17 UTC] PHP Parse error:  Unmatched '}' in /var/www/html/wp-content/mu-plugins/vp-proxy-directus.php on line 681
[08-Mar-2026 11:28:17 UTC] PHP Parse error:  Unmatched '}' in /var/www/html/wp-content/mu-plugins/vp-proxy-directus.php on line 681
[08-Mar-2026 11:28:17 UTC] PHP Parse error:  Unmatched '}' in /var/www/html/wp-content/mu-plugins/vp-proxy-directus.php on line 681
[08-Mar-2026 11:28:26 UTC] PHP Parse error:  Unmatched '}' in /var/www/html/wp-content/mu-plugins/vp-proxy-directus.php on line 681
[08-Mar-2026 11:28:30 UTC] PHP Parse error:  Unmatched '}' in /var/www/html/wp-content/mu-plugins/vp-proxy-directus.php on line 681
[08-Mar-2026 11:28:31 UTC] PHP Parse error:  Unmatched '}' in /var/www/html/wp-content/mu-plugins/vp-proxy-directus.php on line 681
[08-Mar-2026 11:28:32 UTC] PHP Parse error:  Unmatched '}' in /var/www/html/wp-content/mu-plugins/vp-proxy-directus.php on line 681
[08-Mar-2026 11:28:38 UTC] PHP Parse error:  Unmatched '}' in /var/www/html/wp-content/mu-plugins/vp-proxy-directus.php on line 681
[08-Mar-2026 11:28:39 UTC] PHP Parse error:  Unmatched '}' in /var/www/html/wp-content/mu-plugins/vp-proxy-directus.php on line 681
[08-Mar-2026 11:28:49 UTC] PHP Parse error:  Unmatched '}' in /var/www/html/wp-content/mu-plugins/vp-proxy-directus.php on line 681
[08-Mar-2026 11:28:50 UTC] PHP Parse error:  Unmatched '}' in /var/www/html/wp-content/mu-plugins/vp-proxy-directus.php on line 681
[08-Mar-2026 11:28:51 UTC] PHP Parse error:  Unmatched '}' in /var/www/html/wp-content/mu-plugins/vp-proxy-directus.php on line 681
[08-Mar-2026 11:28:52 UTC] PHP Parse error:  Unmatched '}' in /var/www/html/wp-content/mu-plugins/vp-proxy-directus.php on line 681
[08-Mar-2026 11:28:52 UTC] PHP Parse error:  Unmatched '}' in /var/www/html/wp-content/mu-plugins/vp-proxy-directus.php on line 681
[08-Mar-2026 11:28:53 UTC] PHP Parse error:  Unmatched '}' in /var/www/html/wp-content/mu-plugins/vp-proxy-directus.php on line 681
[08-Mar-2026 11:28:56 UTC] PHP Parse error:  Unmatched '}' in /var/www/html/wp-content/mu-plugins/vp-proxy-directus.php on line 681
[08-Mar-2026 11:28:57 UTC] PHP Parse error:  Unmatched '}' in /var/www/html/wp-content/mu-plugins/vp-proxy-directus.php on line 681
[08-Mar-2026 11:28:57 UTC] PHP Parse error:  Unmatched '}' in /var/www/html/wp-content/mu-plugins/vp-proxy-directus.php on line 681
[08-Mar-2026 11:28:59 UTC] PHP Parse error:  Unmatched '}' in /var/www/html/wp-content/mu-plugins/vp-proxy-directus.php on line 681
[08-Mar-2026 11:29:03 UTC] PHP Parse error:  Unmatched '}' in /var/www/html/wp-content/mu-plugins/vp-proxy-directus.php on line 681
[08-Mar-2026 11:29:07 UTC] PHP Parse error:  Unmatched '}' in /var/www/html/wp-content/mu-plugins/vp-proxy-directus.php on line 681
[08-Mar-2026 11:29:07 UTC] PHP Parse error:  Unmatched '}' in /var/www/html/wp-content/mu-plugins/vp-proxy-directus.php on line 681
[08-Mar-2026 11:29:09 UTC] PHP Parse error:  Unmatched '}' in /var/www/html/wp-content/mu-plugins/vp-proxy-directus.php on line 681
[08-Mar-2026 11:29:10 UTC] PHP Parse error:  Unmatched '}' in /var/www/html/wp-content/mu-plugins/vp-proxy-directus.php on line 681
[08-Mar-2026 11:29:10 UTC] PHP Parse error:  Unmatched '}' in /var/www/html/wp-content/mu-plugins/vp-proxy-directus.php on line 681
[08-Mar-2026 11:29:11 UTC] PHP Parse error:  Unmatched '}' in /var/www/html/wp-content/mu-plugins/vp-proxy-directus.php on line 681
[08-Mar-2026 11:29:23 UTC] PHP Parse error:  Unmatched '}' in /var/www/html/wp-content/mu-plugins/vp-proxy-directus.php on line 681
[08-Mar-2026 11:29:29 UTC] PHP Parse error:  Unmatched '}' in /var/www/html/wp-content/mu-plugins/vp-proxy-directus.php on line 681
[08-Mar-2026 11:29:30 UTC] PHP Parse error:  Unmatched '}' in /var/www/html/wp-content/mu-plugins/vp-proxy-directus.php on line 681
[08-Mar-2026 11:29:32 UTC] PHP Parse error:  Unmatched '}' in /var/www/html/wp-content/mu-plugins/vp-proxy-directus.php on line 681
[08-Mar-2026 11:29:32 UTC] PHP Parse error:  Unmatched '}' in /var/www/html/wp-content/mu-plugins/vp-proxy-directus.php on line 681
[08-Mar-2026 11:29:33 UTC] PHP Parse error:  Unmatched '}' in /var/www/html/wp-content/mu-plugins/vp-proxy-directus.php on line 681
[08-Mar-2026 11:29:34 UTC] PHP Parse error:  Unmatched '}' in /var/www/html/wp-content/mu-plugins/vp-proxy-directus.php on line 681
[08-Mar-2026 11:29:35 UTC] PHP Parse error:  Unmatched '}' in /var/www/html/wp-content/mu-plugins/vp-proxy-directus.php on line 681
[08-Mar-2026 11:29:36 UTC] PHP Parse error:  Unmatched '}' in /var/www/html/wp-content/mu-plugins/vp-proxy-directus.php on line 681
[08-Mar-2026 11:29:38 UTC] PHP Parse error:  Unmatched '}' in /var/www/html/wp-content/mu-plugins/vp-proxy-directus.php on line 681
[08-Mar-2026 11:29:42 UTC] PHP Parse error:  Unmatched '}' in /var/www/html/wp-content/mu-plugins/vp-proxy-directus.php on line 681
[08-Mar-2026 11:29:43 UTC] PHP Parse error:  Unmatched '}' in /var/www/html/wp-content/mu-plugins/vp-proxy-directus.php on line 681
[08-Mar-2026 11:29:45 UTC] PHP Parse error:  Unmatched '}' in /var/www/html/wp-content/mu-plugins/vp-proxy-directus.php on line 681
[08-Mar-2026 11:29:45 UTC] PHP Parse error:  Unmatched '}' in /var/www/html/wp-content/mu-plugins/vp-proxy-directus.php on line 681
[08-Mar-2026 11:29:46 UTC] PHP Parse error:  Unmatched '}' in /var/www/html/wp-content/mu-plugins/vp-proxy-directus.php on line 681
[08-Mar-2026 11:29:47 UTC] PHP Parse error:  Unmatched '}' in /var/www/html/wp-content/mu-plugins/vp-proxy-directus.php on line 681
[08-Mar-2026 11:29:49 UTC] PHP Parse error:  Unmatched '}' in /var/www/html/wp-content/mu-plugins/vp-proxy-directus.php on line 681
[08-Mar-2026 11:29:50 UTC] PHP Parse error:  Unmatched '}' in /var/www/html/wp-content/mu-plugins/vp-proxy-directus.php on line 681
[08-Mar-2026 11:29:51 UTC] PHP Parse error:  Unmatched '}' in /var/www/html/wp-content/mu-plugins/vp-proxy-directus.php on line 681
[08-Mar-2026 11:29:52 UTC] PHP Parse error:  Unmatched '}' in /var/www/html/wp-content/mu-plugins/vp-proxy-directus.php on line 681
[08-Mar-2026 11:29:53 UTC] PHP Parse error:  Unmatched '}' in /var/www/html/wp-content/mu-plugins/vp-proxy-directus.php on line 681
[08-Mar-2026 11:29:55 UTC] PHP Parse error:  Unmatched '}' in /var/www/html/wp-content/mu-plugins/vp-proxy-directus.php on line 681
[08-Mar-2026 11:29:55 UTC] PHP Parse error:  Unmatched '}' in /var/www/html/wp-content/mu-plugins/vp-proxy-directus.php on line 681
[08-Mar-2026 11:30:03 UTC] PHP Parse error:  Unmatched '}' in /var/www/html/wp-content/mu-plugins/vp-proxy-directus.php on line 681
[08-Mar-2026 11:30:07 UTC] PHP Parse error:  Unmatched '}' in /var/www/html/wp-content/mu-plugins/vp-proxy-directus.php on line 681
[08-Mar-2026 11:30:08 UTC] PHP Parse error:  Unmatched '}' in /var/www/html/wp-content/mu-plugins/vp-proxy-directus.php on line 681
[08-Mar-2026 11:30:08 UTC] PHP Parse error:  Unmatched '}' in /var/www/html/wp-content/mu-plugins/vp-proxy-directus.php on line 681
[08-Mar-2026 11:30:09 UTC] PHP Parse error:  Unmatched '}' in /var/www/html/wp-content/mu-plugins/vp-proxy-directus.php on line 681
[08-Mar-2026 11:30:10 UTC] PHP Parse error:  Unmatched '}' in /var/www/html/wp-content/mu-plugins/vp-proxy-directus.php on line 681
[08-Mar-2026 11:30:11 UTC] PHP Parse error:  Unmatched '}' in /var/www/html/wp-content/mu-plugins/vp-proxy-directus.php on line 681
[08-Mar-2026 11:30:12 UTC] PHP Parse error:  Unmatched '}' in /var/www/html/wp-content/mu-plugins/vp-proxy-directus.php on line 681
[08-Mar-2026 11:30:14 UTC] PHP Parse error:  Unmatched '}' in /var/www/html/wp-content/mu-plugins/vp-proxy-directus.php on line 681
[08-Mar-2026 11:30:15 UTC] PHP Parse error:  Unmatched '}' in /var/www/html/wp-content/mu-plugins/vp-proxy-directus.php on line 681
[08-Mar-2026 11:30:15 UTC] PHP Parse error:  Unmatched '}' in /var/www/html/wp-content/mu-plugins/vp-proxy-directus.php on line 681
[08-Mar-2026 11:30:16 UTC] PHP Parse error:  Unmatched '}' in /var/www/html/wp-content/mu-plugins/vp-proxy-directus.php on line 681
[08-Mar-2026 11:30:18 UTC] PHP Parse error:  Unmatched '}' in /var/www/html/wp-content/mu-plugins/vp-proxy-directus.php on line 681
[08-Mar-2026 11:30:19 UTC] PHP Parse error:  Unmatched '}' in /var/www/html/wp-content/mu-plugins/vp-proxy-directus.php on line 681
[08-Mar-2026 11:30:19 UTC] PHP Parse error:  Unmatched '}' in /var/www/html/wp-content/mu-plugins/vp-proxy-directus.php on line 681
[08-Mar-2026 11:30:20 UTC] PHP Parse error:  Unmatched '}' in /var/www/html/wp-content/mu-plugins/vp-proxy-directus.php on line 681
[08-Mar-2026 11:30:21 UTC] PHP Parse error:  Unmatched '}' in /var/www/html/wp-content/mu-plugins/vp-proxy-directus.php on line 681
[08-Mar-2026 11:30:22 UTC] PHP Parse error:  Unmatched '}' in /var/www/html/wp-content/mu-plugins/vp-proxy-directus.php on line 681
[08-Mar-2026 11:30:23 UTC] PHP Parse error:  Unmatched '}' in /var/www/html/wp-content/mu-plugins/vp-proxy-directus.php on line 681
[08-Mar-2026 11:30:35 UTC] PHP Parse error:  Unmatched '}' in /var/www/html/wp-content/mu-plugins/vp-proxy-directus.php on line 681
[08-Mar-2026 11:30:36 UTC] PHP Parse error:  Unmatched '}' in /var/www/html/wp-content/mu-plugins/vp-proxy-directus.php on line 681
[08-Mar-2026 11:30:36 UTC] PHP Parse error:  Unmatched '}' in /var/www/html/wp-content/mu-plugins/vp-proxy-directus.php on line 681
[08-Mar-2026 11:30:37 UTC] PHP Parse error:  Unmatched '}' in /var/www/html/wp-content/mu-plugins/vp-proxy-directus.php on line 681
[08-Mar-2026 11:30:37 UTC] PHP Parse error:  Unmatched '}' in /var/www/html/wp-content/mu-plugins/vp-proxy-directus.php on line 681
[08-Mar-2026 11:30:39 UTC] PHP Parse error:  Unmatched '}' in /var/www/html/wp-content/mu-plugins/vp-proxy-directus.php on line 681
[08-Mar-2026 11:30:40 UTC] PHP Parse error:  Unmatched '}' in /var/www/html/wp-content/mu-plugins/vp-proxy-directus.php on line 681
[08-Mar-2026 11:30:46 UTC] PHP Parse error:  Unmatched '}' in /var/www/html/wp-content/mu-plugins/vp-proxy-directus.php on line 681
[08-Mar-2026 11:30:50 UTC] PHP Parse error:  Unmatched '}' in /var/www/html/wp-content/mu-plugins/vp-proxy-directus.php on line 681
[08-Mar-2026 11:31:25 UTC] PHP Parse error:  Unmatched '}' in /var/www/html/wp-content/mu-plugins/vp-proxy-directus.php on line 681
[08-Mar-2026 11:31:28 UTC] PHP Parse error:  Unmatched '}' in /var/www/html/wp-content/mu-plugins/vp-proxy-directus.php on line 681
[08-Mar-2026 11:31:31 UTC] PHP Parse error:  Unmatched '}' in /var/www/html/wp-content/mu-plugins/vp-proxy-directus.php on line 681
[08-Mar-2026 11:31:39 UTC] PHP Parse error:  Unmatched '}' in /var/www/html/wp-content/mu-plugins/vp-proxy-directus.php on line 681
[08-Mar-2026 11:31:44 UTC] PHP Parse error:  Unmatched '}' in /var/www/html/wp-content/mu-plugins/vp-proxy-directus.php on line 681
[08-Mar-2026 11:31:47 UTC] PHP Parse error:  Unmatched '}' in /var/www/html/wp-content/mu-plugins/vp-proxy-directus.php on line 681
[08-Mar-2026 11:31:48 UTC] PHP Parse error:  Unmatched '}' in /var/www/html/wp-content/mu-plugins/vp-proxy-directus.php on line 681
[08-Mar-2026 11:31:49 UTC] PHP Parse error:  Unmatched '}' in /var/www/html/wp-content/mu-plugins/vp-proxy-directus.php on line 681
[08-Mar-2026 11:32:09 UTC] PHP Parse error:  Unmatched '}' in /var/www/html/wp-content/mu-plugins/vp-proxy-directus.php on line 681
[08-Mar-2026 11:32:13 UTC] PHP Parse error:  Unmatched '}' in /var/www/html/wp-content/mu-plugins/vp-proxy-directus.php on line 681
[08-Mar-2026 11:32:16 UTC] PHP Parse error:  Unmatched '}' in /var/www/html/wp-content/mu-plugins/vp-proxy-directus.php on line 681
[08-Mar-2026 11:32:18 UTC] PHP Parse error:  Unmatched '}' in /var/www/html/wp-content/mu-plugins/vp-proxy-directus.php on line 681
[08-Mar-2026 11:32:36 UTC] PHP Parse error:  Unmatched '}' in /var/www/html/wp-content/mu-plugins/vp-proxy-directus.php on line 681
[08-Mar-2026 11:32:49 UTC] PHP Parse error:  Unmatched '}' in /var/www/html/wp-content/mu-plugins/vp-proxy-directus.php on line 681
[08-Mar-2026 11:32:49 UTC] PHP Parse error:  Unmatched '}' in /var/www/html/wp-content/mu-plugins/vp-proxy-directus.php on line 681
[08-Mar-2026 11:32:50 UTC] PHP Parse error:  Unmatched '}' in /var/www/html/wp-content/mu-plugins/vp-proxy-directus.php on line 681
[08-Mar-2026 11:32:51 UTC] PHP Parse error:  Unmatched '}' in /var/www/html/wp-content/mu-plugins/vp-proxy-directus.php on line 681
[08-Mar-2026 11:32:52 UTC] PHP Parse error:  Unmatched '}' in /var/www/html/wp-content/mu-plugins/vp-proxy-directus.php on line 681
[08-Mar-2026 11:32:53 UTC] PHP Parse error:  Unmatched '}' in /var/www/html/wp-content/mu-plugins/vp-proxy-directus.php on line 681
[08-Mar-2026 11:32:53 UTC] PHP Parse error:  Unmatched '}' in /var/www/html/wp-content/mu-plugins/vp-proxy-directus.php on line 681
[08-Mar-2026 11:32:53 UTC] PHP Parse error:  Unmatched '}' in /var/www/html/wp-content/mu-plugins/vp-proxy-directus.php on line 681
[08-Mar-2026 11:32:54 UTC] PHP Parse error:  Unmatched '}' in /var/www/html/wp-content/mu-plugins/vp-proxy-directus.php on line 681
[08-Mar-2026 11:32:55 UTC] PHP Parse error:  Unmatched '}' in /var/www/html/wp-content/mu-plugins/vp-proxy-directus.php on line 681
[08-Mar-2026 11:32:56 UTC] PHP Parse error:  Unmatched '}' in /var/www/html/wp-content/mu-plugins/vp-proxy-directus.php on line 681
[08-Mar-2026 11:32:57 UTC] PHP Parse error:  Unmatched '}' in /var/www/html/wp-content/mu-plugins/vp-proxy-directus.php on line 681
[08-Mar-2026 11:32:58 UTC] PHP Parse error:  Unmatched '}' in /var/www/html/wp-content/mu-plugins/vp-proxy-directus.php on line 681
[08-Mar-2026 11:33:14 UTC] PHP Parse error:  Unmatched '}' in /var/www/html/wp-content/mu-plugins/vp-proxy-directus.php on line 681
[08-Mar-2026 11:33:17 UTC] PHP Parse error:  Unmatched '}' in /var/www/html/wp-content/mu-plugins/vp-proxy-directus.php on line 681
[08-Mar-2026 11:33:18 UTC] PHP Parse error:  Unmatched '}' in /var/www/html/wp-content/mu-plugins/vp-proxy-directus.php on line 681
[08-Mar-2026 11:33:19 UTC] PHP Parse error:  Unmatched '}' in /var/www/html/wp-content/mu-plugins/vp-proxy-directus.php on line 681
[08-Mar-2026 11:33:21 UTC] PHP Parse error:  Unmatched '}' in /var/www/html/wp-content/mu-plugins/vp-proxy-directus.php on line 681
[08-Mar-2026 11:33:21 UTC] PHP Parse error:  Unmatched '}' in /var/www/html/wp-content/mu-plugins/vp-proxy-directus.php on line 681
[08-Mar-2026 11:33:22 UTC] PHP Parse error:  Unmatched '}' in /var/www/html/wp-content/mu-plugins/vp-proxy-directus.php on line 681
[08-Mar-2026 11:33:22 UTC] PHP Parse error:  Unmatched '}' in /var/www/html/wp-content/mu-plugins/vp-proxy-directus.php on line 681
[08-Mar-2026 11:33:24 UTC] PHP Parse error:  Unmatched '}' in /var/www/html/wp-content/mu-plugins/vp-proxy-directus.php on line 681
[08-Mar-2026 11:33:25 UTC] PHP Parse error:  Unmatched '}' in /var/www/html/wp-content/mu-plugins/vp-proxy-directus.php on line 681
[08-Mar-2026 11:33:26 UTC] PHP Parse error:  Unmatched '}' in /var/www/html/wp-content/mu-plugins/vp-proxy-directus.php on line 681
[08-Mar-2026 11:33:29 UTC] PHP Parse error:  Unmatched '}' in /var/www/html/wp-content/mu-plugins/vp-proxy-directus.php on line 681
[08-Mar-2026 11:33:30 UTC] PHP Parse error:  Unmatched '}' in /var/www/html/wp-content/mu-plugins/vp-proxy-directus.php on line 681
[08-Mar-2026 11:33:31 UTC] PHP Parse error:  Unmatched '}' in /var/www/html/wp-content/mu-plugins/vp-proxy-directus.php on line 681
[08-Mar-2026 11:33:32 UTC] PHP Parse error:  Unmatched '}' in /var/www/html/wp-content/mu-plugins/vp-proxy-directus.php on line 681
[08-Mar-2026 11:33:34 UTC] PHP Parse error:  Unmatched '}' in /var/www/html/wp-content/mu-plugins/vp-proxy-directus.php on line 681
[08-Mar-2026 11:33:35 UTC] PHP Parse error:  Unmatched '}' in /var/www/html/wp-content/mu-plugins/vp-proxy-directus.php on line 681
[08-Mar-2026 11:33:38 UTC] PHP Parse error:  Unmatched '}' in /var/www/html/wp-content/mu-plugins/vp-proxy-directus.php on line 681
[08-Mar-2026 11:33:39 UTC] PHP Parse error:  Unmatched '}' in /var/www/html/wp-content/mu-plugins/vp-proxy-directus.php on line 681
[08-Mar-2026 11:33:48 UTC] PHP Parse error:  Unmatched '}' in /var/www/html/wp-content/mu-plugins/vp-proxy-directus.php on line 681
[08-Mar-2026 11:33:52 UTC] PHP Parse error:  Unmatched '}' in /var/www/html/wp-content/mu-plugins/vp-proxy-directus.php on line 681
[08-Mar-2026 11:34:05 UTC] PHP Parse error:  Unmatched '}' in /var/www/html/wp-content/mu-plugins/vp-proxy-directus.php on line 681
[08-Mar-2026 11:34:18 UTC] PHP Parse error:  Unmatched '}' in /var/www/html/wp-content/mu-plugins/vp-proxy-directus.php on line 681
[08-Mar-2026 11:34:20 UTC] PHP Parse error:  Unmatched '}' in /var/www/html/wp-content/mu-plugins/vp-proxy-directus.php on line 681
[08-Mar-2026 11:34:21 UTC] PHP Parse error:  Unmatched '}' in /var/www/html/wp-content/mu-plugins/vp-proxy-directus.php on line 681
[08-Mar-2026 11:34:22 UTC] PHP Parse error:  Unmatched '}' in /var/www/html/wp-content/mu-plugins/vp-proxy-directus.php on line 681
[08-Mar-2026 11:34:25 UTC] PHP Parse error:  Unmatched '}' in /var/www/html/wp-content/mu-plugins/vp-proxy-directus.php on line 681
[08-Mar-2026 11:34:27 UTC] PHP Parse error:  Unmatched '}' in /var/www/html/wp-content/mu-plugins/vp-proxy-directus.php on line 681
[08-Mar-2026 11:34:29 UTC] PHP Parse error:  Unmatched '}' in /var/www/html/wp-content/mu-plugins/vp-proxy-directus.php on line 681
[08-Mar-2026 11:34:29 UTC] PHP Parse error:  Unmatched '}' in /var/www/html/wp-content/mu-plugins/vp-proxy-directus.php on line 681
[08-Mar-2026 11:34:29 UTC] PHP Parse error:  Unmatched '}' in /var/www/html/wp-content/mu-plugins/vp-proxy-directus.php on line 681
[08-Mar-2026 11:34:31 UTC] PHP Parse error:  Unmatched '}' in /var/www/html/wp-content/mu-plugins/vp-proxy-directus.php on line 681
[08-Mar-2026 11:34:31 UTC] PHP Parse error:  Unmatched '}' in /var/www/html/wp-content/mu-plugins/vp-proxy-directus.php on line 681
[08-Mar-2026 11:34:32 UTC] PHP Parse error:  Unmatched '}' in /var/www/html/wp-content/mu-plugins/vp-proxy-directus.php on line 681
[08-Mar-2026 11:35:03 UTC] PHP Parse error:  Unmatched '}' in /var/www/html/wp-content/mu-plugins/vp-proxy-directus.php on line 681
[08-Mar-2026 11:35:04 UTC] PHP Parse error:  Unmatched '}' in /var/www/html/wp-content/mu-plugins/vp-proxy-directus.php on line 681
[08-Mar-2026 11:35:04 UTC] PHP Parse error:  Unmatched '}' in /var/www/html/wp-content/mu-plugins/vp-proxy-directus.php on line 681
[08-Mar-2026 11:35:05 UTC] PHP Parse error:  Unmatched '}' in /var/www/html/wp-content/mu-plugins/vp-proxy-directus.php on line 681
[08-Mar-2026 11:35:06 UTC] PHP Parse error:  Unmatched '}' in /var/www/html/wp-content/mu-plugins/vp-proxy-directus.php on line 681
[08-Mar-2026 11:35:06 UTC] PHP Parse error:  Unmatched '}' in /var/www/html/wp-content/mu-plugins/vp-proxy-directus.php on line 681
[08-Mar-2026 11:35:07 UTC] PHP Parse error:  Unmatched '}' in /var/www/html/wp-content/mu-plugins/vp-proxy-directus.php on line 681
[08-Mar-2026 11:35:08 UTC] PHP Parse error:  Unmatched '}' in /var/www/html/wp-content/mu-plugins/vp-proxy-directus.php on line 681
[08-Mar-2026 11:35:10 UTC] PHP Parse error:  Unmatched '}' in /var/www/html/wp-content/mu-plugins/vp-proxy-directus.php on line 681
[08-Mar-2026 11:35:11 UTC] PHP Parse error:  Unmatched '}' in /var/www/html/wp-content/mu-plugins/vp-proxy-directus.php on line 681
[08-Mar-2026 11:35:12 UTC] PHP Parse error:  Unmatched '}' in /var/www/html/wp-content/mu-plugins/vp-proxy-directus.php on line 681
[08-Mar-2026 11:35:13 UTC] PHP Parse error:  Unmatched '}' in /var/www/html/wp-content/mu-plugins/vp-proxy-directus.php on line 681
[08-Mar-2026 11:35:14 UTC] PHP Parse error:  Unmatched '}' in /var/www/html/wp-content/mu-plugins/vp-proxy-directus.php on line 681
[08-Mar-2026 11:35:15 UTC] PHP Parse error:  Unmatched '}' in /var/www/html/wp-content/mu-plugins/vp-proxy-directus.php on line 681
[08-Mar-2026 11:35:16 UTC] PHP Parse error:  Unmatched '}' in /var/www/html/wp-content/mu-plugins/vp-proxy-directus.php on line 681
[08-Mar-2026 11:35:17 UTC] PHP Parse error:  Unmatched '}' in /var/www/html/wp-content/mu-plugins/vp-proxy-directus.php on line 681
[08-Mar-2026 11:35:18 UTC] PHP Parse error:  Unmatched '}' in /var/www/html/wp-content/mu-plugins/vp-proxy-directus.php on line 681
[08-Mar-2026 11:35:19 UTC] PHP Parse error:  Unmatched '}' in /var/www/html/wp-content/mu-plugins/vp-proxy-directus.php on line 681
[08-Mar-2026 11:35:19 UTC] PHP Parse error:  Unmatched '}' in /var/www/html/wp-content/mu-plugins/vp-proxy-directus.php on line 681
[08-Mar-2026 11:35:20 UTC] PHP Parse error:  Unmatched '}' in /var/www/html/wp-content/mu-plugins/vp-proxy-directus.php on line 681
[08-Mar-2026 11:35:21 UTC] PHP Parse error:  Unmatched '}' in /var/www/html/wp-content/mu-plugins/vp-proxy-directus.php on line 681
[08-Mar-2026 11:35:39 UTC] PHP Parse error:  Unmatched '}' in /var/www/html/wp-content/mu-plugins/vp-proxy-directus.php on line 681
[08-Mar-2026 11:35:47 UTC] PHP Parse error:  Unmatched '}' in /var/www/html/wp-content/mu-plugins/vp-proxy-directus.php on line 681
[08-Mar-2026 11:35:48 UTC] PHP Parse error:  Unmatched '}' in /var/www/html/wp-content/mu-plugins/vp-proxy-directus.php on line 681
[08-Mar-2026 11:35:48 UTC] PHP Parse error:  Unmatched '}' in /var/www/html/wp-content/mu-plugins/vp-proxy-directus.php on line 681
[08-Mar-2026 11:35:49 UTC] PHP Parse error:  Unmatched '}' in /var/www/html/wp-content/mu-plugins/vp-proxy-directus.php on line 681
[08-Mar-2026 11:35:51 UTC] PHP Parse error:  Unmatched '}' in /var/www/html/wp-content/mu-plugins/vp-proxy-directus.php on line 681
[08-Mar-2026 11:35:52 UTC] PHP Parse error:  Unmatched '}' in /var/www/html/wp-content/mu-plugins/vp-proxy-directus.php on line 681
[08-Mar-2026 11:35:54 UTC] PHP Parse error:  Unmatched '}' in /var/www/html/wp-content/mu-plugins/vp-proxy-directus.php on line 681
[08-Mar-2026 11:36:00 UTC] PHP Parse error:  Unmatched '}' in /var/www/html/wp-content/mu-plugins/vp-proxy-directus.php on line 681
[08-Mar-2026 11:36:13 UTC] PHP Parse error:  Unmatched '}' in /var/www/html/wp-content/mu-plugins/vp-proxy-directus.php on line 681
[08-Mar-2026 11:36:14 UTC] PHP Parse error:  Unmatched '}' in /var/www/html/wp-content/mu-plugins/vp-proxy-directus.php on line 681
[08-Mar-2026 11:36:14 UTC] PHP Parse error:  Unmatched '}' in /var/www/html/wp-content/mu-plugins/vp-proxy-directus.php on line 681
[08-Mar-2026 11:36:15 UTC] PHP Parse error:  Unmatched '}' in /var/www/html/wp-content/mu-plugins/vp-proxy-directus.php on line 681
[08-Mar-2026 11:36:26 UTC] PHP Parse error:  Unmatched '}' in /var/www/html/wp-content/mu-plugins/vp-proxy-directus.php on line 681
[08-Mar-2026 11:36:28 UTC] PHP Parse error:  Unmatched '}' in /var/www/html/wp-content/mu-plugins/vp-proxy-directus.php on line 681
[08-Mar-2026 11:36:29 UTC] PHP Parse error:  Unmatched '}' in /var/www/html/wp-content/mu-plugins/vp-proxy-directus.php on line 681
[08-Mar-2026 11:36:29 UTC] PHP Parse error:  Unmatched '}' in /var/www/html/wp-content/mu-plugins/vp-proxy-directus.php on line 681
[08-Mar-2026 11:36:30 UTC] PHP Parse error:  Unmatched '}' in /var/www/html/wp-content/mu-plugins/vp-proxy-directus.php on line 681
[08-Mar-2026 11:36:30 UTC] PHP Parse error:  Unmatched '}' in /var/www/html/wp-content/mu-plugins/vp-proxy-directus.php on line 681
[08-Mar-2026 11:36:32 UTC] PHP Parse error:  Unmatched '}' in /var/www/html/wp-content/mu-plugins/vp-proxy-directus.php on line 681
[08-Mar-2026 11:36:33 UTC] PHP Parse error:  Unmatched '}' in /var/www/html/wp-content/mu-plugins/vp-proxy-directus.php on line 681
[08-Mar-2026 11:36:33 UTC] PHP Parse error:  Unmatched '}' in /var/www/html/wp-content/mu-plugins/vp-proxy-directus.php on line 681
[08-Mar-2026 11:36:35 UTC] PHP Parse error:  Unmatched '}' in /var/www/html/wp-content/mu-plugins/vp-proxy-directus.php on line 681
[08-Mar-2026 11:36:36 UTC] PHP Parse error:  Unmatched '}' in /var/www/html/wp-content/mu-plugins/vp-proxy-directus.php on line 681
[08-Mar-2026 11:36:38 UTC] PHP Parse error:  Unmatched '}' in /var/www/html/wp-content/mu-plugins/vp-proxy-directus.php on line 681
[08-Mar-2026 11:36:48 UTC] PHP Parse error:  Unmatched '}' in /var/www/html/wp-content/mu-plugins/vp-proxy-directus.php on line 681
[08-Mar-2026 11:36:58 UTC] PHP Parse error:  Unmatched '}' in /var/www/html/wp-content/mu-plugins/vp-proxy-directus.php on line 681
[08-Mar-2026 11:37:00 UTC] PHP Parse error:  Unmatched '}' in /var/www/html/wp-content/mu-plugins/vp-proxy-directus.php on line 681
[08-Mar-2026 11:37:01 UTC] PHP Parse error:  Unmatched '}' in /var/www/html/wp-content/mu-plugins/vp-proxy-directus.php on line 681
[08-Mar-2026 11:37:02 UTC] PHP Parse error:  Unmatched '}' in /var/www/html/wp-content/mu-plugins/vp-proxy-directus.php on line 681
[08-Mar-2026 11:37:02 UTC] PHP Parse error:  Unmatched '}' in /var/www/html/wp-content/mu-plugins/vp-proxy-directus.php on line 681
[08-Mar-2026 11:37:03 UTC] PHP Parse error:  Unmatched '}' in /var/www/html/wp-content/mu-plugins/vp-proxy-directus.php on line 681
[08-Mar-2026 11:37:05 UTC] PHP Parse error:  Unmatched '}' in /var/www/html/wp-content/mu-plugins/vp-proxy-directus.php on line 681
[08-Mar-2026 11:37:26 UTC] PHP Parse error:  Unmatched '}' in /var/www/html/wp-content/mu-plugins/vp-proxy-directus.php on line 681
[08-Mar-2026 11:37:28 UTC] PHP Parse error:  Unmatched '}' in /var/www/html/wp-content/mu-plugins/vp-proxy-directus.php on line 681
[08-Mar-2026 11:37:36 UTC] PHP Parse error:  Unmatched '}' in /var/www/html/wp-content/mu-plugins/vp-proxy-directus.php on line 681
[08-Mar-2026 11:37:39 UTC] PHP Parse error:  Unmatched '}' in /var/www/html/wp-content/mu-plugins/vp-proxy-directus.php on line 681
[08-Mar-2026 11:37:47 UTC] PHP Parse error:  Unmatched '}' in /var/www/html/wp-content/mu-plugins/vp-proxy-directus.php on line 681
[08-Mar-2026 11:37:50 UTC] PHP Parse error:  Unmatched '}' in /var/www/html/wp-content/mu-plugins/vp-proxy-directus.php on line 681
[08-Mar-2026 11:37:52 UTC] PHP Parse error:  Unmatched '}' in /var/www/html/wp-content/mu-plugins/vp-proxy-directus.php on line 681
[08-Mar-2026 11:37:53 UTC] PHP Parse error:  Unmatched '}' in /var/www/html/wp-content/mu-plugins/vp-proxy-directus.php on line 681
[08-Mar-2026 11:37:55 UTC] PHP Parse error:  Unmatched '}' in /var/www/html/wp-content/mu-plugins/vp-proxy-directus.php on line 681
[08-Mar-2026 11:37:59 UTC] PHP Parse error:  Unmatched '}' in /var/www/html/wp-content/mu-plugins/vp-proxy-directus.php on line 681
[08-Mar-2026 11:38:01 UTC] PHP Parse error:  Unmatched '}' in /var/www/html/wp-content/mu-plugins/vp-proxy-directus.php on line 681
[08-Mar-2026 11:38:02 UTC] PHP Parse error:  Unmatched '}' in /var/www/html/wp-content/mu-plugins/vp-proxy-directus.php on line 681
[08-Mar-2026 11:38:02 UTC] PHP Parse error:  Unmatched '}' in /var/www/html/wp-content/mu-plugins/vp-proxy-directus.php on line 681
[08-Mar-2026 11:38:03 UTC] PHP Parse error:  Unmatched '}' in /var/www/html/wp-content/mu-plugins/vp-proxy-directus.php on line 681
[08-Mar-2026 11:38:04 UTC] PHP Parse error:  Unmatched '}' in /var/www/html/wp-content/mu-plugins/vp-proxy-directus.php on line 681
[08-Mar-2026 11:38:15 UTC] PHP Parse error:  Unmatched '}' in /var/www/html/wp-content/mu-plugins/vp-proxy-directus.php on line 681
[08-Mar-2026 11:38:23 UTC] PHP Parse error:  Unmatched '}' in /var/www/html/wp-content/mu-plugins/vp-proxy-directus.php on line 681
[08-Mar-2026 11:38:24 UTC] PHP Parse error:  Unmatched '}' in /var/www/html/wp-content/mu-plugins/vp-proxy-directus.php on line 681
[08-Mar-2026 11:38:24 UTC] PHP Parse error:  Unmatched '}' in /var/www/html/wp-content/mu-plugins/vp-proxy-directus.php on line 681
[08-Mar-2026 11:38:25 UTC] PHP Parse error:  Unmatched '}' in /var/www/html/wp-content/mu-plugins/vp-proxy-directus.php on line 681
[08-Mar-2026 11:38:27 UTC] PHP Parse error:  Unmatched '}' in /var/www/html/wp-content/mu-plugins/vp-proxy-directus.php on line 681
[08-Mar-2026 11:38:30 UTC] PHP Parse error:  Unmatched '}' in /var/www/html/wp-content/mu-plugins/vp-proxy-directus.php on line 681
[08-Mar-2026 11:38:32 UTC] PHP Parse error:  Unmatched '}' in /var/www/html/wp-content/mu-plugins/vp-proxy-directus.php on line 681
[08-Mar-2026 11:38:43 UTC] PHP Parse error:  Unmatched '}' in /var/www/html/wp-content/mu-plugins/vp-proxy-directus.php on line 681
[08-Mar-2026 11:38:48 UTC] PHP Parse error:  Unmatched '}' in /var/www/html/wp-content/mu-plugins/vp-proxy-directus.php on line 681
[08-Mar-2026 11:38:49 UTC] PHP Parse error:  Unmatched '}' in /var/www/html/wp-content/mu-plugins/vp-proxy-directus.php on line 681
[08-Mar-2026 11:38:50 UTC] PHP Parse error:  Unmatched '}' in /var/www/html/wp-content/mu-plugins/vp-proxy-directus.php on line 681
[08-Mar-2026 11:38:51 UTC] PHP Parse error:  Unmatched '}' in /var/www/html/wp-content/mu-plugins/vp-proxy-directus.php on line 681
[08-Mar-2026 11:38:52 UTC] PHP Parse error:  Unmatched '}' in /var/www/html/wp-content/mu-plugins/vp-proxy-directus.php on line 681
[08-Mar-2026 11:38:52 UTC] PHP Parse error:  Unmatched '}' in /var/www/html/wp-content/mu-plugins/vp-proxy-directus.php on line 681
[08-Mar-2026 11:38:53 UTC] PHP Parse error:  Unmatched '}' in /var/www/html/wp-content/mu-plugins/vp-proxy-directus.php on line 681
[08-Mar-2026 11:38:58 UTC] PHP Parse error:  Unmatched '}' in /var/www/html/wp-content/mu-plugins/vp-proxy-directus.php on line 681
[08-Mar-2026 11:39:29 UTC] PHP Parse error:  Unmatched '}' in /var/www/html/wp-content/mu-plugins/vp-proxy-directus.php on line 681
[08-Mar-2026 11:39:29 UTC] PHP Parse error:  Unmatched '}' in /var/www/html/wp-content/mu-plugins/vp-proxy-directus.php on line 681
[08-Mar-2026 11:39:31 UTC] PHP Parse error:  Unmatched '}' in /var/www/html/wp-content/mu-plugins/vp-proxy-directus.php on line 681
[08-Mar-2026 11:39:34 UTC] PHP Parse error:  Unmatched '}' in /var/www/html/wp-content/mu-plugins/vp-proxy-directus.php on line 681
[08-Mar-2026 11:39:36 UTC] PHP Parse error:  Unmatched '}' in /var/www/html/wp-content/mu-plugins/vp-proxy-directus.php on line 681
[08-Mar-2026 11:39:37 UTC] PHP Parse error:  Unmatched '}' in /var/www/html/wp-content/mu-plugins/vp-proxy-directus.php on line 681
[08-Mar-2026 11:39:38 UTC] PHP Parse error:  Unmatched '}' in /var/www/html/wp-content/mu-plugins/vp-proxy-directus.php on line 681
[08-Mar-2026 11:39:40 UTC] PHP Parse error:  Unmatched '}' in /var/www/html/wp-content/mu-plugins/vp-proxy-directus.php on line 681
[08-Mar-2026 11:39:41 UTC] PHP Parse error:  Unmatched '}' in /var/www/html/wp-content/mu-plugins/vp-proxy-directus.php on line 681
[08-Mar-2026 11:39:41 UTC] PHP Parse error:  Unmatched '}' in /var/www/html/wp-content/mu-plugins/vp-proxy-directus.php on line 681
[08-Mar-2026 11:39:42 UTC] PHP Parse error:  Unmatched '}' in /var/www/html/wp-content/mu-plugins/vp-proxy-directus.php on line 681
[08-Mar-2026 11:39:43 UTC] PHP Parse error:  Unmatched '}' in /var/www/html/wp-content/mu-plugins/vp-proxy-directus.php on line 681
[08-Mar-2026 11:39:50 UTC] PHP Parse error:  Unmatched '}' in /var/www/html/wp-content/mu-plugins/vp-proxy-directus.php on line 681
[08-Mar-2026 11:39:53 UTC] PHP Parse error:  Unmatched '}' in /var/www/html/wp-content/mu-plugins/vp-proxy-directus.php on line 681
[08-Mar-2026 11:39:57 UTC] PHP Parse error:  Unmatched '}' in /var/www/html/wp-content/mu-plugins/vp-proxy-directus.php on line 681
[08-Mar-2026 11:40:08 UTC] PHP Parse error:  Unmatched '}' in /var/www/html/wp-content/mu-plugins/vp-proxy-directus.php on line 681
[08-Mar-2026 11:40:10 UTC] PHP Parse error:  Unmatched '}' in /var/www/html/wp-content/mu-plugins/vp-proxy-directus.php on line 681
[08-Mar-2026 11:40:11 UTC] PHP Parse error:  Unmatched '}' in /var/www/html/wp-content/mu-plugins/vp-proxy-directus.php on line 681
[08-Mar-2026 11:40:13 UTC] PHP Parse error:  Unmatched '}' in /var/www/html/wp-content/mu-plugins/vp-proxy-directus.php on line 681
[08-Mar-2026 11:40:14 UTC] PHP Parse error:  Unmatched '}' in /var/www/html/wp-content/mu-plugins/vp-proxy-directus.php on line 681
[08-Mar-2026 11:40:16 UTC] PHP Parse error:  Unmatched '}' in /var/www/html/wp-content/mu-plugins/vp-proxy-directus.php on line 681
[08-Mar-2026 11:40:31 UTC] PHP Parse error:  Unmatched '}' in /var/www/html/wp-content/mu-plugins/vp-proxy-directus.php on line 681
[08-Mar-2026 11:41:33 UTC] PHP Parse error:  Unmatched '}' in /var/www/html/wp-content/mu-plugins/vp-proxy-directus.php on line 681
[08-Mar-2026 11:41:34 UTC] PHP Parse error:  Unmatched '}' in /var/www/html/wp-content/mu-plugins/vp-proxy-directus.php on line 681
[08-Mar-2026 11:41:35 UTC] PHP Parse error:  Unmatched '}' in /var/www/html/wp-content/mu-plugins/vp-proxy-directus.php on line 681
[08-Mar-2026 11:41:36 UTC] PHP Parse error:  Unmatched '}' in /var/www/html/wp-content/mu-plugins/vp-proxy-directus.php on line 681
[08-Mar-2026 11:41:39 UTC] PHP Parse error:  Unmatched '}' in /var/www/html/wp-content/mu-plugins/vp-proxy-directus.php on line 681
[08-Mar-2026 11:41:44 UTC] PHP Parse error:  Unmatched '}' in /var/www/html/wp-content/mu-plugins/vp-proxy-directus.php on line 681
[08-Mar-2026 11:41:46 UTC] PHP Parse error:  Unmatched '}' in /var/www/html/wp-content/mu-plugins/vp-proxy-directus.php on line 681
[08-Mar-2026 11:41:47 UTC] PHP Parse error:  Unmatched '}' in /var/www/html/wp-content/mu-plugins/vp-proxy-directus.php on line 681
[08-Mar-2026 11:41:49 UTC] PHP Parse error:  Unmatched '}' in /var/www/html/wp-content/mu-plugins/vp-proxy-directus.php on line 681
[08-Mar-2026 11:41:50 UTC] PHP Parse error:  Unmatched '}' in /var/www/html/wp-content/mu-plugins/vp-proxy-directus.php on line 681
[08-Mar-2026 11:41:51 UTC] PHP Parse error:  Unmatched '}' in /var/www/html/wp-content/mu-plugins/vp-proxy-directus.php on line 681
[08-Mar-2026 11:41:52 UTC] PHP Parse error:  Unmatched '}' in /var/www/html/wp-content/mu-plugins/vp-proxy-directus.php on line 681
[08-Mar-2026 11:41:53 UTC] PHP Parse error:  Unmatched '}' in /var/www/html/wp-content/mu-plugins/vp-proxy-directus.php on line 681
[08-Mar-2026 11:41:54 UTC] PHP Parse error:  Unmatched '}' in /var/www/html/wp-content/mu-plugins/vp-proxy-directus.php on line 681
[08-Mar-2026 11:41:55 UTC] PHP Parse error:  Unmatched '}' in /var/www/html/wp-content/mu-plugins/vp-proxy-directus.php on line 681
[08-Mar-2026 11:41:55 UTC] PHP Parse error:  Unmatched '}' in /var/www/html/wp-content/mu-plugins/vp-proxy-directus.php on line 681
[08-Mar-2026 11:41:56 UTC] PHP Parse error:  Unmatched '}' in /var/www/html/wp-content/mu-plugins/vp-proxy-directus.php on line 681
[08-Mar-2026 11:41:58 UTC] PHP Parse error:  Unmatched '}' in /var/www/html/wp-content/mu-plugins/vp-proxy-directus.php on line 681
[08-Mar-2026 11:41:59 UTC] PHP Parse error:  Unmatched '}' in /var/www/html/wp-content/mu-plugins/vp-proxy-directus.php on line 681
[08-Mar-2026 11:42:01 UTC] PHP Parse error:  Unmatched '}' in /var/www/html/wp-content/mu-plugins/vp-proxy-directus.php on line 681
[08-Mar-2026 11:42:02 UTC] PHP Parse error:  Unmatched '}' in /var/www/html/wp-content/mu-plugins/vp-proxy-directus.php on line 681
[08-Mar-2026 11:42:10 UTC] PHP Parse error:  Unmatched '}' in /var/www/html/wp-content/mu-plugins/vp-proxy-directus.php on line 681
[08-Mar-2026 11:42:14 UTC] PHP Parse error:  Unmatched '}' in /var/www/html/wp-content/mu-plugins/vp-proxy-directus.php on line 681
[08-Mar-2026 11:42:15 UTC] PHP Parse error:  Unmatched '}' in /var/www/html/wp-content/mu-plugins/vp-proxy-directus.php on line 681
[08-Mar-2026 11:42:18 UTC] PHP Parse error:  Unmatched '}' in /var/www/html/wp-content/mu-plugins/vp-proxy-directus.php on line 681
[08-Mar-2026 11:42:19 UTC] PHP Parse error:  Unmatched '}' in /var/www/html/wp-content/mu-plugins/vp-proxy-directus.php on line 681
[08-Mar-2026 11:42:21 UTC] PHP Parse error:  Unmatched '}' in /var/www/html/wp-content/mu-plugins/vp-proxy-directus.php on line 681
[08-Mar-2026 11:42:22 UTC] PHP Parse error:  Unmatched '}' in /var/www/html/wp-content/mu-plugins/vp-proxy-directus.php on line 681
[08-Mar-2026 11:42:23 UTC] PHP Parse error:  Unmatched '}' in /var/www/html/wp-content/mu-plugins/vp-proxy-directus.php on line 681
[08-Mar-2026 11:42:24 UTC] PHP Parse error:  Unmatched '}' in /var/www/html/wp-content/mu-plugins/vp-proxy-directus.php on line 681
[08-Mar-2026 11:42:35 UTC] PHP Parse error:  Unmatched '}' in /var/www/html/wp-content/mu-plugins/vp-proxy-directus.php on line 681
[08-Mar-2026 11:42:36 UTC] PHP Parse error:  Unmatched '}' in /var/www/html/wp-content/mu-plugins/vp-proxy-directus.php on line 681
[08-Mar-2026 11:42:36 UTC] PHP Parse error:  Unmatched '}' in /var/www/html/wp-content/mu-plugins/vp-proxy-directus.php on line 681
[08-Mar-2026 11:42:37 UTC] PHP Parse error:  Unmatched '}' in /var/www/html/wp-content/mu-plugins/vp-proxy-directus.php on line 681
[08-Mar-2026 11:42:39 UTC] PHP Parse error:  Unmatched '}' in /var/www/html/wp-content/mu-plugins/vp-proxy-directus.php on line 681
[08-Mar-2026 11:42:43 UTC] PHP Parse error:  Unmatched '}' in /var/www/html/wp-content/mu-plugins/vp-proxy-directus.php on line 681
[08-Mar-2026 11:42:46 UTC] PHP Parse error:  Unmatched '}' in /var/www/html/wp-content/mu-plugins/vp-proxy-directus.php on line 681
[08-Mar-2026 11:42:50 UTC] PHP Parse error:  Unmatched '}' in /var/www/html/wp-content/mu-plugins/vp-proxy-directus.php on line 681
[08-Mar-2026 11:42:52 UTC] PHP Parse error:  Unmatched '}' in /var/www/html/wp-content/mu-plugins/vp-proxy-directus.php on line 681
[08-Mar-2026 11:42:53 UTC] PHP Parse error:  Unmatched '}' in /var/www/html/wp-content/mu-plugins/vp-proxy-directus.php on line 681
[08-Mar-2026 11:42:54 UTC] PHP Parse error:  Unmatched '}' in /var/www/html/wp-content/mu-plugins/vp-proxy-directus.php on line 681
[08-Mar-2026 11:42:56 UTC] PHP Parse error:  Unmatched '}' in /var/www/html/wp-content/mu-plugins/vp-proxy-directus.php on line 681
[08-Mar-2026 11:42:56 UTC] PHP Parse error:  Unmatched '}' in /var/www/html/wp-content/mu-plugins/vp-proxy-directus.php on line 681
[08-Mar-2026 11:42:57 UTC] PHP Parse error:  Unmatched '}' in /var/www/html/wp-content/mu-plugins/vp-proxy-directus.php on line 681
[08-Mar-2026 11:42:58 UTC] PHP Parse error:  Unmatched '}' in /var/www/html/wp-content/mu-plugins/vp-proxy-directus.php on line 681
[08-Mar-2026 11:43:00 UTC] PHP Parse error:  Unmatched '}' in /var/www/html/wp-content/mu-plugins/vp-proxy-directus.php on line 681
[08-Mar-2026 11:43:00 UTC] PHP Parse error:  Unmatched '}' in /var/www/html/wp-content/mu-plugins/vp-proxy-directus.php on line 681
[08-Mar-2026 11:43:04 UTC] PHP Parse error:  Unmatched '}' in /var/www/html/wp-content/mu-plugins/vp-proxy-directus.php on line 681
[08-Mar-2026 11:43:04 UTC] PHP Parse error:  Unmatched '}' in /var/www/html/wp-content/mu-plugins/vp-proxy-directus.php on line 681
[08-Mar-2026 11:43:06 UTC] PHP Parse error:  Unmatched '}' in /var/www/html/wp-content/mu-plugins/vp-proxy-directus.php on line 681
[08-Mar-2026 11:43:11 UTC] PHP Parse error:  Unmatched '}' in /var/www/html/wp-content/mu-plugins/vp-proxy-directus.php on line 681
[08-Mar-2026 11:43:15 UTC] PHP Parse error:  Unmatched '}' in /var/www/html/wp-content/mu-plugins/vp-proxy-directus.php on line 681
[08-Mar-2026 11:43:16 UTC] PHP Parse error:  Unmatched '}' in /var/www/html/wp-content/mu-plugins/vp-proxy-directus.php on line 681
[08-Mar-2026 11:43:16 UTC] PHP Parse error:  Unmatched '}' in /var/www/html/wp-content/mu-plugins/vp-proxy-directus.php on line 681
[08-Mar-2026 11:43:17 UTC] PHP Parse error:  Unmatched '}' in /var/www/html/wp-content/mu-plugins/vp-proxy-directus.php on line 681
[08-Mar-2026 11:43:17 UTC] PHP Parse error:  Unmatched '}' in /var/www/html/wp-content/mu-plugins/vp-proxy-directus.php on line 681
[08-Mar-2026 11:43:18 UTC] PHP Parse error:  Unmatched '}' in /var/www/html/wp-content/mu-plugins/vp-proxy-directus.php on line 681
[08-Mar-2026 11:43:19 UTC] PHP Parse error:  Unmatched '}' in /var/www/html/wp-content/mu-plugins/vp-proxy-directus.php on line 681
[08-Mar-2026 11:43:20 UTC] PHP Parse error:  Unmatched '}' in /var/www/html/wp-content/mu-plugins/vp-proxy-directus.php on line 681
[08-Mar-2026 11:43:20 UTC] PHP Parse error:  Unmatched '}' in /var/www/html/wp-content/mu-plugins/vp-proxy-directus.php on line 681
[08-Mar-2026 11:43:21 UTC] PHP Parse error:  Unmatched '}' in /var/www/html/wp-content/mu-plugins/vp-proxy-directus.php on line 681
[08-Mar-2026 11:43:21 UTC] PHP Parse error:  Unmatched '}' in /var/www/html/wp-content/mu-plugins/vp-proxy-directus.php on line 681
[08-Mar-2026 11:43:22 UTC] PHP Parse error:  Unmatched '}' in /var/www/html/wp-content/mu-plugins/vp-proxy-directus.php on line 681
[08-Mar-2026 11:43:22 UTC] PHP Parse error:  Unmatched '}' in /var/www/html/wp-content/mu-plugins/vp-proxy-directus.php on line 681
[08-Mar-2026 11:43:23 UTC] PHP Parse error:  Unmatched '}' in /var/www/html/wp-content/mu-plugins/vp-proxy-directus.php on line 681
[08-Mar-2026 11:43:24 UTC] PHP Parse error:  Unmatched '}' in /var/www/html/wp-content/mu-plugins/vp-proxy-directus.php on line 681
[08-Mar-2026 11:43:25 UTC] PHP Parse error:  Unmatched '}' in /var/www/html/wp-content/mu-plugins/vp-proxy-directus.php on line 681
[08-Mar-2026 11:43:26 UTC] PHP Parse error:  Unmatched '}' in /var/www/html/wp-content/mu-plugins/vp-proxy-directus.php on line 681
[08-Mar-2026 11:43:28 UTC] PHP Parse error:  Unmatched '}' in /var/www/html/wp-content/mu-plugins/vp-proxy-directus.php on line 681
[08-Mar-2026 11:43:29 UTC] PHP Parse error:  Unmatched '}' in /var/www/html/wp-content/mu-plugins/vp-proxy-directus.php on line 681
[08-Mar-2026 11:43:30 UTC] PHP Parse error:  Unmatched '}' in /var/www/html/wp-content/mu-plugins/vp-proxy-directus.php on line 681
[08-Mar-2026 11:43:30 UTC] PHP Parse error:  Unmatched '}' in /var/www/html/wp-content/mu-plugins/vp-proxy-directus.php on line 681
[08-Mar-2026 11:43:32 UTC] PHP Parse error:  Unmatched '}' in /var/www/html/wp-content/mu-plugins/vp-proxy-directus.php on line 681
[08-Mar-2026 11:43:32 UTC] PHP Parse error:  Unmatched '}' in /var/www/html/wp-content/mu-plugins/vp-proxy-directus.php on line 681
[08-Mar-2026 11:43:33 UTC] PHP Parse error:  Unmatched '}' in /var/www/html/wp-content/mu-plugins/vp-proxy-directus.php on line 681
[08-Mar-2026 11:43:33 UTC] PHP Parse error:  Unmatched '}' in /var/www/html/wp-content/mu-plugins/vp-proxy-directus.php on line 681
[08-Mar-2026 11:43:34 UTC] PHP Parse error:  Unmatched '}' in /var/www/html/wp-content/mu-plugins/vp-proxy-directus.php on line 681
[08-Mar-2026 11:43:35 UTC] PHP Parse error:  Unmatched '}' in /var/www/html/wp-content/mu-plugins/vp-proxy-directus.php on line 681
[08-Mar-2026 11:43:36 UTC] PHP Parse error:  Unmatched '}' in /var/www/html/wp-content/mu-plugins/vp-proxy-directus.php on line 681
[08-Mar-2026 11:43:36 UTC] PHP Parse error:  Unmatched '}' in /var/www/html/wp-content/mu-plugins/vp-proxy-directus.php on line 681
[08-Mar-2026 11:43:37 UTC] PHP Parse error:  Unmatched '}' in /var/www/html/wp-content/mu-plugins/vp-proxy-directus.php on line 681
[08-Mar-2026 11:43:41 UTC] PHP Parse error:  Unmatched '}' in /var/www/html/wp-content/mu-plugins/vp-proxy-directus.php on line 681
[08-Mar-2026 11:43:48 UTC] PHP Parse error:  Unmatched '}' in /var/www/html/wp-content/mu-plugins/vp-proxy-directus.php on line 681
[08-Mar-2026 11:43:49 UTC] PHP Parse error:  Unmatched '}' in /var/www/html/wp-content/mu-plugins/vp-proxy-directus.php on line 681
[08-Mar-2026 11:44:01 UTC] PHP Parse error:  Unmatched '}' in /var/www/html/wp-content/mu-plugins/vp-proxy-directus.php on line 681
[08-Mar-2026 11:44:01 UTC] PHP Parse error:  Unmatched '}' in /var/www/html/wp-content/mu-plugins/vp-proxy-directus.php on line 681
[08-Mar-2026 11:44:01 UTC] PHP Parse error:  Unmatched '}' in /var/www/html/wp-content/mu-plugins/vp-proxy-directus.php on line 681
[08-Mar-2026 11:44:03 UTC] PHP Parse error:  Unmatched '}' in /var/www/html/wp-content/mu-plugins/vp-proxy-directus.php on line 681
[08-Mar-2026 11:44:05 UTC] PHP Parse error:  Unmatched '}' in /var/www/html/wp-content/mu-plugins/vp-proxy-directus.php on line 681
[08-Mar-2026 11:44:05 UTC] PHP Parse error:  Unmatched '}' in /var/www/html/wp-content/mu-plugins/vp-proxy-directus.php on line 681
[08-Mar-2026 11:44:07 UTC] PHP Parse error:  Unmatched '}' in /var/www/html/wp-content/mu-plugins/vp-proxy-directus.php on line 681
[08-Mar-2026 11:44:22 UTC] PHP Parse error:  Unmatched '}' in /var/www/html/wp-content/mu-plugins/vp-proxy-directus.php on line 681
[08-Mar-2026 11:44:32 UTC] PHP Parse error:  Unmatched '}' in /var/www/html/wp-content/mu-plugins/vp-proxy-directus.php on line 681
[08-Mar-2026 11:44:36 UTC] PHP Parse error:  Unmatched '}' in /var/www/html/wp-content/mu-plugins/vp-proxy-directus.php on line 681
[08-Mar-2026 11:44:37 UTC] PHP Parse error:  Unmatched '}' in /var/www/html/wp-content/mu-plugins/vp-proxy-directus.php on line 681
[08-Mar-2026 11:44:38 UTC] PHP Parse error:  Unmatched '}' in /var/www/html/wp-content/mu-plugins/vp-proxy-directus.php on line 681
[08-Mar-2026 11:44:38 UTC] PHP Parse error:  Unmatched '}' in /var/www/html/wp-content/mu-plugins/vp-proxy-directus.php on line 681
[08-Mar-2026 11:44:49 UTC] PHP Parse error:  Unmatched '}' in /var/www/html/wp-content/mu-plugins/vp-proxy-directus.php on line 681
[08-Mar-2026 11:44:50 UTC] PHP Parse error:  Unmatched '}' in /var/www/html/wp-content/mu-plugins/vp-proxy-directus.php on line 681
[08-Mar-2026 11:44:52 UTC] PHP Parse error:  Unmatched '}' in /var/www/html/wp-content/mu-plugins/vp-proxy-directus.php on line 681
[08-Mar-2026 11:44:53 UTC] PHP Parse error:  Unmatched '}' in /var/www/html/wp-content/mu-plugins/vp-proxy-directus.php on line 681
[08-Mar-2026 11:44:54 UTC] PHP Parse error:  Unmatched '}' in /var/www/html/wp-content/mu-plugins/vp-proxy-directus.php on line 681
[08-Mar-2026 11:45:01 UTC] PHP Parse error:  Unmatched '}' in /var/www/html/wp-content/mu-plugins/vp-proxy-directus.php on line 681
[08-Mar-2026 11:45:10 UTC] PHP Parse error:  Unmatched '}' in /var/www/html/wp-content/mu-plugins/vp-proxy-directus.php on line 681
[08-Mar-2026 11:45:11 UTC] PHP Parse error:  Unmatched '}' in /var/www/html/wp-content/mu-plugins/vp-proxy-directus.php on line 681
[08-Mar-2026 11:45:12 UTC] PHP Parse error:  Unmatched '}' in /var/www/html/wp-content/mu-plugins/vp-proxy-directus.php on line 681
[08-Mar-2026 11:45:25 UTC] PHP Parse error:  Unmatched '}' in /var/www/html/wp-content/mu-plugins/vp-proxy-directus.php on line 681
[08-Mar-2026 11:45:26 UTC] PHP Parse error:  Unmatched '}' in /var/www/html/wp-content/mu-plugins/vp-proxy-directus.php on line 681
[08-Mar-2026 11:45:27 UTC] PHP Parse error:  Unmatched '}' in /var/www/html/wp-content/mu-plugins/vp-proxy-directus.php on line 681
[08-Mar-2026 11:45:28 UTC] PHP Parse error:  Unmatched '}' in /var/www/html/wp-content/mu-plugins/vp-proxy-directus.php on line 681
[08-Mar-2026 11:45:28 UTC] PHP Parse error:  Unmatched '}' in /var/www/html/wp-content/mu-plugins/vp-proxy-directus.php on line 681
[08-Mar-2026 11:45:29 UTC] PHP Parse error:  Unmatched '}' in /var/www/html/wp-content/mu-plugins/vp-proxy-directus.php on line 681
[08-Mar-2026 11:45:30 UTC] PHP Parse error:  Unmatched '}' in /var/www/html/wp-content/mu-plugins/vp-proxy-directus.php on line 681
[08-Mar-2026 11:45:30 UTC] PHP Parse error:  Unmatched '}' in /var/www/html/wp-content/mu-plugins/vp-proxy-directus.php on line 681
[08-Mar-2026 11:45:31 UTC] PHP Parse error:  Unmatched '}' in /var/www/html/wp-content/mu-plugins/vp-proxy-directus.php on line 681
[08-Mar-2026 11:45:32 UTC] PHP Parse error:  Unmatched '}' in /var/www/html/wp-content/mu-plugins/vp-proxy-directus.php on line 681
[08-Mar-2026 11:45:34 UTC] PHP Parse error:  Unmatched '}' in /var/www/html/wp-content/mu-plugins/vp-proxy-directus.php on line 681
[08-Mar-2026 11:45:37 UTC] PHP Parse error:  Unmatched '}' in /var/www/html/wp-content/mu-plugins/vp-proxy-directus.php on line 681
[08-Mar-2026 11:45:38 UTC] PHP Parse error:  Unmatched '}' in /var/www/html/wp-content/mu-plugins/vp-proxy-directus.php on line 681
[08-Mar-2026 11:45:39 UTC] PHP Parse error:  Unmatched '}' in /var/www/html/wp-content/mu-plugins/vp-proxy-directus.php on line 681
[08-Mar-2026 11:45:40 UTC] PHP Parse error:  Unmatched '}' in /var/www/html/wp-content/mu-plugins/vp-proxy-directus.php on line 681
[08-Mar-2026 11:45:42 UTC] PHP Parse error:  Unmatched '}' in /var/www/html/wp-content/mu-plugins/vp-proxy-directus.php on line 681
[08-Mar-2026 11:45:42 UTC] PHP Parse error:  Unmatched '}' in /var/www/html/wp-content/mu-plugins/vp-proxy-directus.php on line 681
[08-Mar-2026 11:45:43 UTC] PHP Parse error:  Unmatched '}' in /var/www/html/wp-content/mu-plugins/vp-proxy-directus.php on line 681
[08-Mar-2026 11:45:43 UTC] PHP Parse error:  Unmatched '}' in /var/www/html/wp-content/mu-plugins/vp-proxy-directus.php on line 681
[08-Mar-2026 11:45:44 UTC] PHP Parse error:  Unmatched '}' in /var/www/html/wp-content/mu-plugins/vp-proxy-directus.php on line 681
[08-Mar-2026 11:45:45 UTC] PHP Parse error:  Unmatched '}' in /var/www/html/wp-content/mu-plugins/vp-proxy-directus.php on line 681
[08-Mar-2026 11:45:46 UTC] PHP Parse error:  Unmatched '}' in /var/www/html/wp-content/mu-plugins/vp-proxy-directus.php on line 681
[08-Mar-2026 11:45:47 UTC] PHP Parse error:  Unmatched '}' in /var/www/html/wp-content/mu-plugins/vp-proxy-directus.php on line 681
[08-Mar-2026 11:45:48 UTC] PHP Parse error:  Unmatched '}' in /var/www/html/wp-content/mu-plugins/vp-proxy-directus.php on line 681
[08-Mar-2026 11:45:48 UTC] PHP Parse error:  Unmatched '}' in /var/www/html/wp-content/mu-plugins/vp-proxy-directus.php on line 681
[08-Mar-2026 11:45:51 UTC] PHP Parse error:  Unmatched '}' in /var/www/html/wp-content/mu-plugins/vp-proxy-directus.php on line 681
[08-Mar-2026 11:45:51 UTC] PHP Parse error:  Unmatched '}' in /var/www/html/wp-content/mu-plugins/vp-proxy-directus.php on line 681
[08-Mar-2026 11:45:53 UTC] PHP Parse error:  Unmatched '}' in /var/www/html/wp-content/mu-plugins/vp-proxy-directus.php on line 681
[08-Mar-2026 11:45:54 UTC] PHP Parse error:  Unmatched '}' in /var/www/html/wp-content/mu-plugins/vp-proxy-directus.php on line 681
[08-Mar-2026 11:45:56 UTC] PHP Parse error:  Unmatched '}' in /var/www/html/wp-content/mu-plugins/vp-proxy-directus.php on line 681
[08-Mar-2026 11:45:56 UTC] PHP Parse error:  Unmatched '}' in /var/www/html/wp-content/mu-plugins/vp-proxy-directus.php on line 681
[08-Mar-2026 11:45:57 UTC] PHP Parse error:  Unmatched '}' in /var/www/html/wp-content/mu-plugins/vp-proxy-directus.php on line 681
[08-Mar-2026 11:46:09 UTC] PHP Parse error:  Unmatched '}' in /var/www/html/wp-content/mu-plugins/vp-proxy-directus.php on line 681
[08-Mar-2026 11:46:09 UTC] PHP Parse error:  Unmatched '}' in /var/www/html/wp-content/mu-plugins/vp-proxy-directus.php on line 681
[08-Mar-2026 11:46:10 UTC] PHP Parse error:  Unmatched '}' in /var/www/html/wp-content/mu-plugins/vp-proxy-directus.php on line 681
[08-Mar-2026 11:46:11 UTC] PHP Parse error:  Unmatched '}' in /var/www/html/wp-content/mu-plugins/vp-proxy-directus.php on line 681
[08-Mar-2026 11:46:12 UTC] PHP Parse error:  Unmatched '}' in /var/www/html/wp-content/mu-plugins/vp-proxy-directus.php on line 681
[08-Mar-2026 11:46:12 UTC] PHP Parse error:  Unmatched '}' in /var/www/html/wp-content/mu-plugins/vp-proxy-directus.php on line 681
[08-Mar-2026 11:46:13 UTC] PHP Parse error:  Unmatched '}' in /var/www/html/wp-content/mu-plugins/vp-proxy-directus.php on line 681
[08-Mar-2026 11:46:14 UTC] PHP Parse error:  Unmatched '}' in /var/www/html/wp-content/mu-plugins/vp-proxy-directus.php on line 681
[08-Mar-2026 11:46:14 UTC] PHP Parse error:  Unmatched '}' in /var/www/html/wp-content/mu-plugins/vp-proxy-directus.php on line 681
[08-Mar-2026 11:46:15 UTC] PHP Parse error:  Unmatched '}' in /var/www/html/wp-content/mu-plugins/vp-proxy-directus.php on line 681
[08-Mar-2026 11:46:15 UTC] PHP Parse error:  Unmatched '}' in /var/www/html/wp-content/mu-plugins/vp-proxy-directus.php on line 681
[08-Mar-2026 11:46:17 UTC] PHP Parse error:  Unmatched '}' in /var/www/html/wp-content/mu-plugins/vp-proxy-directus.php on line 681
[08-Mar-2026 11:46:17 UTC] PHP Parse error:  Unmatched '}' in /var/www/html/wp-content/mu-plugins/vp-proxy-directus.php on line 681
[08-Mar-2026 11:46:18 UTC] PHP Parse error:  Unmatched '}' in /var/www/html/wp-content/mu-plugins/vp-proxy-directus.php on line 681
[08-Mar-2026 11:46:19 UTC] PHP Parse error:  Unmatched '}' in /var/www/html/wp-content/mu-plugins/vp-proxy-directus.php on line 681
[08-Mar-2026 11:46:20 UTC] PHP Parse error:  Unmatched '}' in /var/www/html/wp-content/mu-plugins/vp-proxy-directus.php on line 681
[08-Mar-2026 11:46:51 UTC] PHP Parse error:  Unmatched '}' in /var/www/html/wp-content/mu-plugins/vp-proxy-directus.php on line 681
[08-Mar-2026 11:46:52 UTC] PHP Parse error:  Unmatched '}' in /var/www/html/wp-content/mu-plugins/vp-proxy-directus.php on line 681
[08-Mar-2026 11:46:54 UTC] PHP Parse error:  Unmatched '}' in /var/www/html/wp-content/mu-plugins/vp-proxy-directus.php on line 681
[08-Mar-2026 11:46:55 UTC] PHP Parse error:  Unmatched '}' in /var/www/html/wp-content/mu-plugins/vp-proxy-directus.php on line 681
[08-Mar-2026 11:46:55 UTC] PHP Parse error:  Unmatched '}' in /var/www/html/wp-content/mu-plugins/vp-proxy-directus.php on line 681
[08-Mar-2026 11:46:56 UTC] PHP Parse error:  Unmatched '}' in /var/www/html/wp-content/mu-plugins/vp-proxy-directus.php on line 681
[08-Mar-2026 11:46:57 UTC] PHP Parse error:  Unmatched '}' in /var/www/html/wp-content/mu-plugins/vp-proxy-directus.php on line 681
[08-Mar-2026 11:46:59 UTC] PHP Parse error:  Unmatched '}' in /var/www/html/wp-content/mu-plugins/vp-proxy-directus.php on line 681
[08-Mar-2026 11:47:01 UTC] PHP Parse error:  Unmatched '}' in /var/www/html/wp-content/mu-plugins/vp-proxy-directus.php on line 681
[08-Mar-2026 11:47:02 UTC] PHP Parse error:  Unmatched '}' in /var/www/html/wp-content/mu-plugins/vp-proxy-directus.php on line 681
[08-Mar-2026 11:47:07 UTC] PHP Parse error:  Unmatched '}' in /var/www/html/wp-content/mu-plugins/vp-proxy-directus.php on line 681
[08-Mar-2026 11:47:08 UTC] PHP Parse error:  Unmatched '}' in /var/www/html/wp-content/mu-plugins/vp-proxy-directus.php on line 681
[08-Mar-2026 11:47:10 UTC] PHP Parse error:  Unmatched '}' in /var/www/html/wp-content/mu-plugins/vp-proxy-directus.php on line 681
[08-Mar-2026 11:47:12 UTC] PHP Parse error:  Unmatched '}' in /var/www/html/wp-content/mu-plugins/vp-proxy-directus.php on line 681
[08-Mar-2026 11:47:13 UTC] PHP Parse error:  Unmatched '}' in /var/www/html/wp-content/mu-plugins/vp-proxy-directus.php on line 681
[08-Mar-2026 11:47:14 UTC] PHP Parse error:  Unmatched '}' in /var/www/html/wp-content/mu-plugins/vp-proxy-directus.php on line 681
[08-Mar-2026 11:47:15 UTC] PHP Parse error:  Unmatched '}' in /var/www/html/wp-content/mu-plugins/vp-proxy-directus.php on line 681
[08-Mar-2026 11:47:24 UTC] PHP Parse error:  Unmatched '}' in /var/www/html/wp-content/mu-plugins/vp-proxy-directus.php on line 681
[08-Mar-2026 11:47:26 UTC] PHP Parse error:  Unmatched '}' in /var/www/html/wp-content/mu-plugins/vp-proxy-directus.php on line 681
[08-Mar-2026 11:47:27 UTC] PHP Parse error:  Unmatched '}' in /var/www/html/wp-content/mu-plugins/vp-proxy-directus.php on line 681
[08-Mar-2026 11:47:36 UTC] PHP Parse error:  Unmatched '}' in /var/www/html/wp-content/mu-plugins/vp-proxy-directus.php on line 681
[08-Mar-2026 11:47:40 UTC] PHP Parse error:  Unmatched '}' in /var/www/html/wp-content/mu-plugins/vp-proxy-directus.php on line 681
[08-Mar-2026 11:47:41 UTC] PHP Parse error:  Unmatched '}' in /var/www/html/wp-content/mu-plugins/vp-proxy-directus.php on line 681
[08-Mar-2026 11:47:41 UTC] PHP Parse error:  Unmatched '}' in /var/www/html/wp-content/mu-plugins/vp-proxy-directus.php on line 681
[08-Mar-2026 11:47:42 UTC] PHP Parse error:  Unmatched '}' in /var/www/html/wp-content/mu-plugins/vp-proxy-directus.php on line 681
[08-Mar-2026 11:47:42 UTC] PHP Parse error:  Unmatched '}' in /var/www/html/wp-content/mu-plugins/vp-proxy-directus.php on line 681
[08-Mar-2026 11:47:44 UTC] PHP Parse error:  Unmatched '}' in /var/www/html/wp-content/mu-plugins/vp-proxy-directus.php on line 681
[08-Mar-2026 11:47:52 UTC] PHP Parse error:  Unmatched '}' in /var/www/html/wp-content/mu-plugins/vp-proxy-directus.php on line 681
[08-Mar-2026 11:47:58 UTC] PHP Parse error:  Unmatched '}' in /var/www/html/wp-content/mu-plugins/vp-proxy-directus.php on line 681
[08-Mar-2026 11:47:59 UTC] PHP Parse error:  Unmatched '}' in /var/www/html/wp-content/mu-plugins/vp-proxy-directus.php on line 681
[08-Mar-2026 11:48:10 UTC] PHP Parse error:  Unmatched '}' in /var/www/html/wp-content/mu-plugins/vp-proxy-directus.php on line 681
[08-Mar-2026 11:48:16 UTC] PHP Parse error:  Unmatched '}' in /var/www/html/wp-content/mu-plugins/vp-proxy-directus.php on line 681
[08-Mar-2026 11:48:17 UTC] PHP Parse error:  Unmatched '}' in /var/www/html/wp-content/mu-plugins/vp-proxy-directus.php on line 681
[08-Mar-2026 11:48:25 UTC] PHP Parse error:  Unmatched '}' in /var/www/html/wp-content/mu-plugins/vp-proxy-directus.php on line 681
[08-Mar-2026 11:48:39 UTC] PHP Parse error:  Unmatched '}' in /var/www/html/wp-content/mu-plugins/vp-proxy-directus.php on line 681
[08-Mar-2026 11:48:39 UTC] PHP Parse error:  Unmatched '}' in /var/www/html/wp-content/mu-plugins/vp-proxy-directus.php on line 681
[08-Mar-2026 11:48:40 UTC] PHP Parse error:  Unmatched '}' in /var/www/html/wp-content/mu-plugins/vp-proxy-directus.php on line 681
[08-Mar-2026 11:48:41 UTC] PHP Parse error:  Unmatched '}' in /var/www/html/wp-content/mu-plugins/vp-proxy-directus.php on line 681
[08-Mar-2026 11:48:42 UTC] PHP Parse error:  Unmatched '}' in /var/www/html/wp-content/mu-plugins/vp-proxy-directus.php on line 681
[08-Mar-2026 11:48:43 UTC] PHP Parse error:  Unmatched '}' in /var/www/html/wp-content/mu-plugins/vp-proxy-directus.php on line 681
[08-Mar-2026 11:48:43 UTC] PHP Parse error:  Unmatched '}' in /var/www/html/wp-content/mu-plugins/vp-proxy-directus.php on line 681
[08-Mar-2026 11:48:44 UTC] PHP Parse error:  Unmatched '}' in /var/www/html/wp-content/mu-plugins/vp-proxy-directus.php on line 681
[08-Mar-2026 11:48:45 UTC] PHP Parse error:  Unmatched '}' in /var/www/html/wp-content/mu-plugins/vp-proxy-directus.php on line 681
[08-Mar-2026 11:48:46 UTC] PHP Parse error:  Unmatched '}' in /var/www/html/wp-content/mu-plugins/vp-proxy-directus.php on line 681
[08-Mar-2026 11:48:47 UTC] PHP Parse error:  Unmatched '}' in /var/www/html/wp-content/mu-plugins/vp-proxy-directus.php on line 681
[08-Mar-2026 11:48:48 UTC] PHP Parse error:  Unmatched '}' in /var/www/html/wp-content/mu-plugins/vp-proxy-directus.php on line 681
[08-Mar-2026 11:48:49 UTC] PHP Parse error:  Unmatched '}' in /var/www/html/wp-content/mu-plugins/vp-proxy-directus.php on line 681
[08-Mar-2026 11:48:49 UTC] PHP Parse error:  Unmatched '}' in /var/www/html/wp-content/mu-plugins/vp-proxy-directus.php on line 681
[08-Mar-2026 11:48:51 UTC] PHP Parse error:  Unmatched '}' in /var/www/html/wp-content/mu-plugins/vp-proxy-directus.php on line 681
[08-Mar-2026 11:48:52 UTC] PHP Parse error:  Unmatched '}' in /var/www/html/wp-content/mu-plugins/vp-proxy-directus.php on line 681
[08-Mar-2026 11:48:53 UTC] PHP Parse error:  Unmatched '}' in /var/www/html/wp-content/mu-plugins/vp-proxy-directus.php on line 681
[08-Mar-2026 11:48:54 UTC] PHP Parse error:  Unmatched '}' in /var/www/html/wp-content/mu-plugins/vp-proxy-directus.php on line 681
[08-Mar-2026 11:48:55 UTC] PHP Parse error:  Unmatched '}' in /var/www/html/wp-content/mu-plugins/vp-proxy-directus.php on line 681
[08-Mar-2026 11:48:57 UTC] PHP Parse error:  Unmatched '}' in /var/www/html/wp-content/mu-plugins/vp-proxy-directus.php on line 681
[08-Mar-2026 11:48:58 UTC] PHP Parse error:  Unmatched '}' in /var/www/html/wp-content/mu-plugins/vp-proxy-directus.php on line 681
[08-Mar-2026 11:48:59 UTC] PHP Parse error:  Unmatched '}' in /var/www/html/wp-content/mu-plugins/vp-proxy-directus.php on line 681
[08-Mar-2026 11:49:00 UTC] PHP Parse error:  Unmatched '}' in /var/www/html/wp-content/mu-plugins/vp-proxy-directus.php on line 681
[08-Mar-2026 11:49:01 UTC] PHP Parse error:  Unmatched '}' in /var/www/html/wp-content/mu-plugins/vp-proxy-directus.php on line 681
[08-Mar-2026 11:49:02 UTC] PHP Parse error:  Unmatched '}' in /var/www/html/wp-content/mu-plugins/vp-proxy-directus.php on line 681
[08-Mar-2026 11:49:04 UTC] PHP Parse error:  Unmatched '}' in /var/www/html/wp-content/mu-plugins/vp-proxy-directus.php on line 681
[08-Mar-2026 11:49:05 UTC] PHP Parse error:  Unmatched '}' in /var/www/html/wp-content/mu-plugins/vp-proxy-directus.php on line 681
[08-Mar-2026 11:49:06 UTC] PHP Parse error:  Unmatched '}' in /var/www/html/wp-content/mu-plugins/vp-proxy-directus.php on line 681
[08-Mar-2026 11:49:08 UTC] PHP Parse error:  Unmatched '}' in /var/www/html/wp-content/mu-plugins/vp-proxy-directus.php on line 681
[08-Mar-2026 11:49:10 UTC] PHP Parse error:  Unmatched '}' in /var/www/html/wp-content/mu-plugins/vp-proxy-directus.php on line 681
[08-Mar-2026 11:49:13 UTC] PHP Parse error:  Unmatched '}' in /var/www/html/wp-content/mu-plugins/vp-proxy-directus.php on line 681
[08-Mar-2026 11:49:17 UTC] PHP Parse error:  Unmatched '}' in /var/www/html/wp-content/mu-plugins/vp-proxy-directus.php on line 681
[08-Mar-2026 11:49:19 UTC] PHP Parse error:  Unmatched '}' in /var/www/html/wp-content/mu-plugins/vp-proxy-directus.php on line 681
[08-Mar-2026 11:49:19 UTC] PHP Parse error:  Unmatched '}' in /var/www/html/wp-content/mu-plugins/vp-proxy-directus.php on line 681
[08-Mar-2026 11:49:20 UTC] PHP Parse error:  Unmatched '}' in /var/www/html/wp-content/mu-plugins/vp-proxy-directus.php on line 681
[08-Mar-2026 11:49:25 UTC] PHP Parse error:  Unmatched '}' in /var/www/html/wp-content/mu-plugins/vp-proxy-directus.php on line 681
[08-Mar-2026 11:49:27 UTC] PHP Parse error:  Unmatched '}' in /var/www/html/wp-content/mu-plugins/vp-proxy-directus.php on line 681
[08-Mar-2026 11:49:28 UTC] PHP Parse error:  Unmatched '}' in /var/www/html/wp-content/mu-plugins/vp-proxy-directus.php on line 681
[08-Mar-2026 11:49:29 UTC] PHP Parse error:  Unmatched '}' in /var/www/html/wp-content/mu-plugins/vp-proxy-directus.php on line 681
[08-Mar-2026 11:49:31 UTC] PHP Parse error:  Unmatched '}' in /var/www/html/wp-content/mu-plugins/vp-proxy-directus.php on line 681
[08-Mar-2026 11:49:32 UTC] PHP Parse error:  Unmatched '}' in /var/www/html/wp-content/mu-plugins/vp-proxy-directus.php on line 681
[08-Mar-2026 11:49:55 UTC] PHP Parse error:  Unmatched '}' in /var/www/html/wp-content/mu-plugins/vp-proxy-directus.php on line 681
[08-Mar-2026 11:49:55 UTC] PHP Parse error:  Unmatched '}' in /var/www/html/wp-content/mu-plugins/vp-proxy-directus.php on line 681
[08-Mar-2026 11:49:56 UTC] PHP Parse error:  Unmatched '}' in /var/www/html/wp-content/mu-plugins/vp-proxy-directus.php on line 681
[08-Mar-2026 11:49:57 UTC] PHP Parse error:  Unmatched '}' in /var/www/html/wp-content/mu-plugins/vp-proxy-directus.php on line 681
[08-Mar-2026 11:49:59 UTC] PHP Parse error:  Unmatched '}' in /var/www/html/wp-content/mu-plugins/vp-proxy-directus.php on line 681
[08-Mar-2026 11:49:59 UTC] PHP Parse error:  Unmatched '}' in /var/www/html/wp-content/mu-plugins/vp-proxy-directus.php on line 681
[08-Mar-2026 11:50:00 UTC] PHP Parse error:  Unmatched '}' in /var/www/html/wp-content/mu-plugins/vp-proxy-directus.php on line 681
[08-Mar-2026 11:50:00 UTC] PHP Parse error:  Unmatched '}' in /var/www/html/wp-content/mu-plugins/vp-proxy-directus.php on line 681
[08-Mar-2026 11:50:01 UTC] PHP Parse error:  Unmatched '}' in /var/www/html/wp-content/mu-plugins/vp-proxy-directus.php on line 681
[08-Mar-2026 11:50:02 UTC] PHP Parse error:  Unmatched '}' in /var/www/html/wp-content/mu-plugins/vp-proxy-directus.php on line 681
[08-Mar-2026 11:50:03 UTC] PHP Parse error:  Unmatched '}' in /var/www/html/wp-content/mu-plugins/vp-proxy-directus.php on line 681
[08-Mar-2026 11:50:04 UTC] PHP Parse error:  Unmatched '}' in /var/www/html/wp-content/mu-plugins/vp-proxy-directus.php on line 681
[08-Mar-2026 11:50:05 UTC] PHP Parse error:  Unmatched '}' in /var/www/html/wp-content/mu-plugins/vp-proxy-directus.php on line 681
[08-Mar-2026 11:50:36 UTC] PHP Parse error:  Unmatched '}' in /var/www/html/wp-content/mu-plugins/vp-proxy-directus.php on line 681
[08-Mar-2026 11:50:37 UTC] PHP Parse error:  Unmatched '}' in /var/www/html/wp-content/mu-plugins/vp-proxy-directus.php on line 681
[08-Mar-2026 11:50:39 UTC] PHP Parse error:  Unmatched '}' in /var/www/html/wp-content/mu-plugins/vp-proxy-directus.php on line 681
[08-Mar-2026 11:50:39 UTC] PHP Parse error:  Unmatched '}' in /var/www/html/wp-content/mu-plugins/vp-proxy-directus.php on line 681
[08-Mar-2026 11:50:39 UTC] PHP Parse error:  Unmatched '}' in /var/www/html/wp-content/mu-plugins/vp-proxy-directus.php on line 681
[08-Mar-2026 11:50:53 UTC] PHP Parse error:  Unmatched '}' in /var/www/html/wp-content/mu-plugins/vp-proxy-directus.php on line 681
[08-Mar-2026 11:51:06 UTC] PHP Parse error:  Unmatched '}' in /var/www/html/wp-content/mu-plugins/vp-proxy-directus.php on line 681
[08-Mar-2026 11:51:06 UTC] PHP Parse error:  Unmatched '}' in /var/www/html/wp-content/mu-plugins/vp-proxy-directus.php on line 681
[08-Mar-2026 11:51:09 UTC] PHP Parse error:  Unmatched '}' in /var/www/html/wp-content/mu-plugins/vp-proxy-directus.php on line 681
[08-Mar-2026 11:51:09 UTC] PHP Parse error:  Unmatched '}' in /var/www/html/wp-content/mu-plugins/vp-proxy-directus.php on line 681
[08-Mar-2026 11:51:10 UTC] PHP Parse error:  Unmatched '}' in /var/www/html/wp-content/mu-plugins/vp-proxy-directus.php on line 681
[08-Mar-2026 11:51:10 UTC] PHP Parse error:  Unmatched '}' in /var/www/html/wp-content/mu-plugins/vp-proxy-directus.php on line 681
[08-Mar-2026 11:51:11 UTC] PHP Parse error:  Unmatched '}' in /var/www/html/wp-content/mu-plugins/vp-proxy-directus.php on line 681
[08-Mar-2026 11:51:12 UTC] PHP Parse error:  Unmatched '}' in /var/www/html/wp-content/mu-plugins/vp-proxy-directus.php on line 681
[08-Mar-2026 11:51:14 UTC] PHP Parse error:  Unmatched '}' in /var/www/html/wp-content/mu-plugins/vp-proxy-directus.php on line 681
[08-Mar-2026 11:51:15 UTC] PHP Parse error:  Unmatched '}' in /var/www/html/wp-content/mu-plugins/vp-proxy-directus.php on line 681
[08-Mar-2026 11:51:17 UTC] PHP Parse error:  Unmatched '}' in /var/www/html/wp-content/mu-plugins/vp-proxy-directus.php on line 681
[08-Mar-2026 11:51:19 UTC] PHP Parse error:  Unmatched '}' in /var/www/html/wp-content/mu-plugins/vp-proxy-directus.php on line 681
[08-Mar-2026 11:51:19 UTC] PHP Parse error:  Unmatched '}' in /var/www/html/wp-content/mu-plugins/vp-proxy-directus.php on line 681
[08-Mar-2026 11:51:20 UTC] PHP Parse error:  Unmatched '}' in /var/www/html/wp-content/mu-plugins/vp-proxy-directus.php on line 681
[08-Mar-2026 11:51:22 UTC] PHP Parse error:  Unmatched '}' in /var/www/html/wp-content/mu-plugins/vp-proxy-directus.php on line 681
[08-Mar-2026 11:51:28 UTC] PHP Parse error:  Unmatched '}' in /var/www/html/wp-content/mu-plugins/vp-proxy-directus.php on line 681
[08-Mar-2026 11:51:33 UTC] PHP Parse error:  Unmatched '}' in /var/www/html/wp-content/mu-plugins/vp-proxy-directus.php on line 681
[08-Mar-2026 11:51:34 UTC] PHP Parse error:  Unmatched '}' in /var/www/html/wp-content/mu-plugins/vp-proxy-directus.php on line 681
[08-Mar-2026 11:51:35 UTC] PHP Parse error:  Unmatched '}' in /var/www/html/wp-content/mu-plugins/vp-proxy-directus.php on line 681
[08-Mar-2026 11:51:38 UTC] PHP Parse error:  Unmatched '}' in /var/www/html/wp-content/mu-plugins/vp-proxy-directus.php on line 681
[08-Mar-2026 11:51:44 UTC] PHP Parse error:  Unmatched '}' in /var/www/html/wp-content/mu-plugins/vp-proxy-directus.php on line 681
[08-Mar-2026 11:51:48 UTC] PHP Parse error:  Unmatched '}' in /var/www/html/wp-content/mu-plugins/vp-proxy-directus.php on line 681
[08-Mar-2026 11:51:52 UTC] PHP Parse error:  Unmatched '}' in /var/www/html/wp-content/mu-plugins/vp-proxy-directus.php on line 681
[08-Mar-2026 11:51:52 UTC] PHP Parse error:  Unmatched '}' in /var/www/html/wp-content/mu-plugins/vp-proxy-directus.php on line 681
[08-Mar-2026 11:51:53 UTC] PHP Parse error:  Unmatched '}' in /var/www/html/wp-content/mu-plugins/vp-proxy-directus.php on line 681
[08-Mar-2026 11:51:55 UTC] PHP Parse error:  Unmatched '}' in /var/www/html/wp-content/mu-plugins/vp-proxy-directus.php on line 681
[08-Mar-2026 11:51:56 UTC] PHP Parse error:  Unmatched '}' in /var/www/html/wp-content/mu-plugins/vp-proxy-directus.php on line 681
[08-Mar-2026 11:51:57 UTC] PHP Parse error:  Unmatched '}' in /var/www/html/wp-content/mu-plugins/vp-proxy-directus.php on line 681
[08-Mar-2026 11:51:57 UTC] PHP Parse error:  Unmatched '}' in /var/www/html/wp-content/mu-plugins/vp-proxy-directus.php on line 681
[08-Mar-2026 11:52:05 UTC] PHP Parse error:  Unmatched '}' in /var/www/html/wp-content/mu-plugins/vp-proxy-directus.php on line 681
[08-Mar-2026 11:52:08 UTC] PHP Parse error:  Unmatched '}' in /var/www/html/wp-content/mu-plugins/vp-proxy-directus.php on line 681
[08-Mar-2026 11:52:11 UTC] PHP Parse error:  Unmatched '}' in /var/www/html/wp-content/mu-plugins/vp-proxy-directus.php on line 681
[08-Mar-2026 11:52:22 UTC] PHP Parse error:  Unmatched '}' in /var/www/html/wp-content/mu-plugins/vp-proxy-directus.php on line 681
[08-Mar-2026 11:52:25 UTC] PHP Parse error:  Unmatched '}' in /var/www/html/wp-content/mu-plugins/vp-proxy-directus.php on line 681
[08-Mar-2026 11:52:28 UTC] PHP Parse error:  Unmatched '}' in /var/www/html/wp-content/mu-plugins/vp-proxy-directus.php on line 681
[08-Mar-2026 11:52:29 UTC] PHP Parse error:  Unmatched '}' in /var/www/html/wp-content/mu-plugins/vp-proxy-directus.php on line 681
[08-Mar-2026 11:52:30 UTC] PHP Parse error:  Unmatched '}' in /var/www/html/wp-content/mu-plugins/vp-proxy-directus.php on line 681
[08-Mar-2026 11:52:31 UTC] PHP Parse error:  Unmatched '}' in /var/www/html/wp-content/mu-plugins/vp-proxy-directus.php on line 681
[08-Mar-2026 11:52:31 UTC] PHP Parse error:  Unmatched '}' in /var/www/html/wp-content/mu-plugins/vp-proxy-directus.php on line 681
[08-Mar-2026 11:52:32 UTC] PHP Parse error:  Unmatched '}' in /var/www/html/wp-content/mu-plugins/vp-proxy-directus.php on line 681
[08-Mar-2026 11:52:32 UTC] PHP Parse error:  Unmatched '}' in /var/www/html/wp-content/mu-plugins/vp-proxy-directus.php on line 681
[08-Mar-2026 11:52:33 UTC] PHP Parse error:  Unmatched '}' in /var/www/html/wp-content/mu-plugins/vp-proxy-directus.php on line 681
[08-Mar-2026 11:52:34 UTC] PHP Parse error:  Unmatched '}' in /var/www/html/wp-content/mu-plugins/vp-proxy-directus.php on line 681
[08-Mar-2026 11:52:35 UTC] PHP Parse error:  Unmatched '}' in /var/www/html/wp-content/mu-plugins/vp-proxy-directus.php on line 681
[08-Mar-2026 11:52:46 UTC] PHP Parse error:  Unmatched '}' in /var/www/html/wp-content/mu-plugins/vp-proxy-directus.php on line 681
[08-Mar-2026 11:52:47 UTC] PHP Parse error:  Unmatched '}' in /var/www/html/wp-content/mu-plugins/vp-proxy-directus.php on line 681
[08-Mar-2026 11:52:47 UTC] PHP Parse error:  Unmatched '}' in /var/www/html/wp-content/mu-plugins/vp-proxy-directus.php on line 681
[08-Mar-2026 11:52:49 UTC] PHP Parse error:  Unmatched '}' in /var/www/html/wp-content/mu-plugins/vp-proxy-directus.php on line 681
[08-Mar-2026 11:52:50 UTC] PHP Parse error:  Unmatched '}' in /var/www/html/wp-content/mu-plugins/vp-proxy-directus.php on line 681
[08-Mar-2026 11:52:50 UTC] PHP Parse error:  Unmatched '}' in /var/www/html/wp-content/mu-plugins/vp-proxy-directus.php on line 681
[08-Mar-2026 11:53:16 UTC] PHP Parse error:  Unmatched '}' in /var/www/html/wp-content/mu-plugins/vp-proxy-directus.php on line 681
[08-Mar-2026 11:53:21 UTC] PHP Parse error:  Unmatched '}' in /var/www/html/wp-content/mu-plugins/vp-proxy-directus.php on line 681
[08-Mar-2026 11:53:22 UTC] PHP Parse error:  Unmatched '}' in /var/www/html/wp-content/mu-plugins/vp-proxy-directus.php on line 681
[08-Mar-2026 11:53:44 UTC] PHP Parse error:  Unmatched '}' in /var/www/html/wp-content/mu-plugins/vp-proxy-directus.php on line 681
[08-Mar-2026 11:53:45 UTC] PHP Parse error:  Unmatched '}' in /var/www/html/wp-content/mu-plugins/vp-proxy-directus.php on line 681
[08-Mar-2026 11:53:45 UTC] PHP Parse error:  Unmatched '}' in /var/www/html/wp-content/mu-plugins/vp-proxy-directus.php on line 681
[08-Mar-2026 11:53:46 UTC] PHP Parse error:  Unmatched '}' in /var/www/html/wp-content/mu-plugins/vp-proxy-directus.php on line 681
[08-Mar-2026 11:53:46 UTC] PHP Parse error:  Unmatched '}' in /var/www/html/wp-content/mu-plugins/vp-proxy-directus.php on line 681
[08-Mar-2026 11:53:47 UTC] PHP Parse error:  Unmatched '}' in /var/www/html/wp-content/mu-plugins/vp-proxy-directus.php on line 681
[08-Mar-2026 11:53:48 UTC] PHP Parse error:  Unmatched '}' in /var/www/html/wp-content/mu-plugins/vp-proxy-directus.php on line 681
[08-Mar-2026 11:53:49 UTC] PHP Parse error:  Unmatched '}' in /var/www/html/wp-content/mu-plugins/vp-proxy-directus.php on line 681
[08-Mar-2026 11:53:50 UTC] PHP Parse error:  Unmatched '}' in /var/www/html/wp-content/mu-plugins/vp-proxy-directus.php on line 681
[08-Mar-2026 11:53:52 UTC] PHP Parse error:  Unmatched '}' in /var/www/html/wp-content/mu-plugins/vp-proxy-directus.php on line 681
[08-Mar-2026 11:54:00 UTC] PHP Parse error:  Unmatched '}' in /var/www/html/wp-content/mu-plugins/vp-proxy-directus.php on line 681
[08-Mar-2026 11:54:05 UTC] PHP Parse error:  Unmatched '}' in /var/www/html/wp-content/mu-plugins/vp-proxy-directus.php on line 681
[08-Mar-2026 11:54:06 UTC] PHP Parse error:  Unmatched '}' in /var/www/html/wp-content/mu-plugins/vp-proxy-directus.php on line 681
[08-Mar-2026 11:54:06 UTC] PHP Parse error:  Unmatched '}' in /var/www/html/wp-content/mu-plugins/vp-proxy-directus.php on line 681
[08-Mar-2026 11:54:07 UTC] PHP Parse error:  Unmatched '}' in /var/www/html/wp-content/mu-plugins/vp-proxy-directus.php on line 681
[08-Mar-2026 11:54:08 UTC] PHP Parse error:  Unmatched '}' in /var/www/html/wp-content/mu-plugins/vp-proxy-directus.php on line 681
[08-Mar-2026 11:54:09 UTC] PHP Parse error:  Unmatched '}' in /var/www/html/wp-content/mu-plugins/vp-proxy-directus.php on line 681
[08-Mar-2026 11:54:11 UTC] PHP Parse error:  Unmatched '}' in /var/www/html/wp-content/mu-plugins/vp-proxy-directus.php on line 681
[08-Mar-2026 11:54:24 UTC] PHP Parse error:  Unmatched '}' in /var/www/html/wp-content/mu-plugins/vp-proxy-directus.php on line 681
[08-Mar-2026 11:54:30 UTC] PHP Parse error:  Unmatched '}' in /var/www/html/wp-content/mu-plugins/vp-proxy-directus.php on line 681
[08-Mar-2026 11:54:31 UTC] PHP Parse error:  Unmatched '}' in /var/www/html/wp-content/mu-plugins/vp-proxy-directus.php on line 681
[08-Mar-2026 11:54:32 UTC] PHP Parse error:  Unmatched '}' in /var/www/html/wp-content/mu-plugins/vp-proxy-directus.php on line 681
[08-Mar-2026 11:54:34 UTC] PHP Parse error:  Unmatched '}' in /var/www/html/wp-content/mu-plugins/vp-proxy-directus.php on line 681
[08-Mar-2026 11:54:34 UTC] PHP Parse error:  Unmatched '}' in /var/www/html/wp-content/mu-plugins/vp-proxy-directus.php on line 681
[08-Mar-2026 11:54:35 UTC] PHP Parse error:  Unmatched '}' in /var/www/html/wp-content/mu-plugins/vp-proxy-directus.php on line 681
[08-Mar-2026 11:54:36 UTC] PHP Parse error:  Unmatched '}' in /var/www/html/wp-content/mu-plugins/vp-proxy-directus.php on line 681
[08-Mar-2026 11:54:37 UTC] PHP Parse error:  Unmatched '}' in /var/www/html/wp-content/mu-plugins/vp-proxy-directus.php on line 681
[08-Mar-2026 11:54:38 UTC] PHP Parse error:  Unmatched '}' in /var/www/html/wp-content/mu-plugins/vp-proxy-directus.php on line 681
[08-Mar-2026 11:54:41 UTC] PHP Parse error:  Unmatched '}' in /var/www/html/wp-content/mu-plugins/vp-proxy-directus.php on line 681
[08-Mar-2026 11:54:42 UTC] PHP Parse error:  Unmatched '}' in /var/www/html/wp-content/mu-plugins/vp-proxy-directus.php on line 681
[08-Mar-2026 11:54:56 UTC] PHP Parse error:  Unmatched '}' in /var/www/html/wp-content/mu-plugins/vp-proxy-directus.php on line 681
[08-Mar-2026 11:55:08 UTC] PHP Parse error:  Unmatched '}' in /var/www/html/wp-content/mu-plugins/vp-proxy-directus.php on line 681
[08-Mar-2026 11:55:09 UTC] PHP Parse error:  Unmatched '}' in /var/www/html/wp-content/mu-plugins/vp-proxy-directus.php on line 681
[08-Mar-2026 11:55:10 UTC] PHP Parse error:  Unmatched '}' in /var/www/html/wp-content/mu-plugins/vp-proxy-directus.php on line 681
[08-Mar-2026 11:55:11 UTC] PHP Parse error:  Unmatched '}' in /var/www/html/wp-content/mu-plugins/vp-proxy-directus.php on line 681
[08-Mar-2026 11:55:12 UTC] PHP Parse error:  Unmatched '}' in /var/www/html/wp-content/mu-plugins/vp-proxy-directus.php on line 681
[08-Mar-2026 11:55:13 UTC] PHP Parse error:  Unmatched '}' in /var/www/html/wp-content/mu-plugins/vp-proxy-directus.php on line 681
[08-Mar-2026 11:55:15 UTC] PHP Parse error:  Unmatched '}' in /var/www/html/wp-content/mu-plugins/vp-proxy-directus.php on line 681
[08-Mar-2026 11:55:16 UTC] PHP Parse error:  Unmatched '}' in /var/www/html/wp-content/mu-plugins/vp-proxy-directus.php on line 681
[08-Mar-2026 11:55:17 UTC] PHP Parse error:  Unmatched '}' in /var/www/html/wp-content/mu-plugins/vp-proxy-directus.php on line 681
[08-Mar-2026 11:55:17 UTC] PHP Parse error:  Unmatched '}' in /var/www/html/wp-content/mu-plugins/vp-proxy-directus.php on line 681
[08-Mar-2026 11:55:19 UTC] PHP Parse error:  Unmatched '}' in /var/www/html/wp-content/mu-plugins/vp-proxy-directus.php on line 681
[08-Mar-2026 11:55:30 UTC] PHP Parse error:  Unmatched '}' in /var/www/html/wp-content/mu-plugins/vp-proxy-directus.php on line 681
[08-Mar-2026 11:55:30 UTC] PHP Parse error:  Unmatched '}' in /var/www/html/wp-content/mu-plugins/vp-proxy-directus.php on line 681
[08-Mar-2026 11:55:31 UTC] PHP Parse error:  Unmatched '}' in /var/www/html/wp-content/mu-plugins/vp-proxy-directus.php on line 681
[08-Mar-2026 11:55:34 UTC] PHP Parse error:  Unmatched '}' in /var/www/html/wp-content/mu-plugins/vp-proxy-directus.php on line 681
[08-Mar-2026 11:55:35 UTC] PHP Parse error:  Unmatched '}' in /var/www/html/wp-content/mu-plugins/vp-proxy-directus.php on line 681
[08-Mar-2026 11:55:37 UTC] PHP Parse error:  Unmatched '}' in /var/www/html/wp-content/mu-plugins/vp-proxy-directus.php on line 681
[08-Mar-2026 11:55:39 UTC] PHP Parse error:  Unmatched '}' in /var/www/html/wp-content/mu-plugins/vp-proxy-directus.php on line 681
[08-Mar-2026 11:55:39 UTC] PHP Parse error:  Unmatched '}' in /var/www/html/wp-content/mu-plugins/vp-proxy-directus.php on line 681
[08-Mar-2026 11:55:40 UTC] PHP Parse error:  Unmatched '}' in /var/www/html/wp-content/mu-plugins/vp-proxy-directus.php on line 681
[08-Mar-2026 11:55:47 UTC] PHP Parse error:  Unmatched '}' in /var/www/html/wp-content/mu-plugins/vp-proxy-directus.php on line 681
[08-Mar-2026 11:55:48 UTC] PHP Parse error:  Unmatched '}' in /var/www/html/wp-content/mu-plugins/vp-proxy-directus.php on line 681
[08-Mar-2026 11:55:50 UTC] PHP Parse error:  Unmatched '}' in /var/www/html/wp-content/mu-plugins/vp-proxy-directus.php on line 681
[08-Mar-2026 11:55:50 UTC] PHP Parse error:  Unmatched '}' in /var/www/html/wp-content/mu-plugins/vp-proxy-directus.php on line 681
[08-Mar-2026 11:56:21 UTC] PHP Parse error:  Unmatched '}' in /var/www/html/wp-content/mu-plugins/vp-proxy-directus.php on line 681
[08-Mar-2026 11:56:22 UTC] PHP Parse error:  Unmatched '}' in /var/www/html/wp-content/mu-plugins/vp-proxy-directus.php on line 681
[08-Mar-2026 11:56:23 UTC] PHP Parse error:  Unmatched '}' in /var/www/html/wp-content/mu-plugins/vp-proxy-directus.php on line 681
[08-Mar-2026 11:56:33 UTC] PHP Parse error:  Unmatched '}' in /var/www/html/wp-content/mu-plugins/vp-proxy-directus.php on line 681
[08-Mar-2026 11:56:34 UTC] PHP Parse error:  Unmatched '}' in /var/www/html/wp-content/mu-plugins/vp-proxy-directus.php on line 681
[08-Mar-2026 11:56:50 UTC] PHP Parse error:  Unmatched '}' in /var/www/html/wp-content/mu-plugins/vp-proxy-directus.php on line 681
[08-Mar-2026 11:56:50 UTC] PHP Parse error:  Unmatched '}' in /var/www/html/wp-content/mu-plugins/vp-proxy-directus.php on line 681
[08-Mar-2026 11:56:51 UTC] PHP Parse error:  Unmatched '}' in /var/www/html/wp-content/mu-plugins/vp-proxy-directus.php on line 681
[08-Mar-2026 11:56:52 UTC] PHP Parse error:  Unmatched '}' in /var/www/html/wp-content/mu-plugins/vp-proxy-directus.php on line 681
[08-Mar-2026 11:56:54 UTC] PHP Parse error:  Unmatched '}' in /var/www/html/wp-content/mu-plugins/vp-proxy-directus.php on line 681
[08-Mar-2026 11:56:54 UTC] PHP Parse error:  Unmatched '}' in /var/www/html/wp-content/mu-plugins/vp-proxy-directus.php on line 681
[08-Mar-2026 11:56:56 UTC] PHP Parse error:  Unmatched '}' in /var/www/html/wp-content/mu-plugins/vp-proxy-directus.php on line 681
[08-Mar-2026 11:56:59 UTC] PHP Parse error:  Unmatched '}' in /var/www/html/wp-content/mu-plugins/vp-proxy-directus.php on line 681
[08-Mar-2026 11:57:26 UTC] PHP Parse error:  Unmatched '}' in /var/www/html/wp-content/mu-plugins/vp-proxy-directus.php on line 681
[08-Mar-2026 11:57:30 UTC] PHP Parse error:  Unmatched '}' in /var/www/html/wp-content/mu-plugins/vp-proxy-directus.php on line 681
[08-Mar-2026 11:57:30 UTC] PHP Parse error:  Unmatched '}' in /var/www/html/wp-content/mu-plugins/vp-proxy-directus.php on line 681
[08-Mar-2026 11:57:30 UTC] PHP Parse error:  Unmatched '}' in /var/www/html/wp-content/mu-plugins/vp-proxy-directus.php on line 681
[08-Mar-2026 11:57:32 UTC] PHP Parse error:  Unmatched '}' in /var/www/html/wp-content/mu-plugins/vp-proxy-directus.php on line 681
[08-Mar-2026 11:57:36 UTC] PHP Parse error:  Unmatched '}' in /var/www/html/wp-content/mu-plugins/vp-proxy-directus.php on line 681
[08-Mar-2026 11:57:37 UTC] PHP Parse error:  Unmatched '}' in /var/www/html/wp-content/mu-plugins/vp-proxy-directus.php on line 681
[08-Mar-2026 11:57:38 UTC] PHP Parse error:  Unmatched '}' in /var/www/html/wp-content/mu-plugins/vp-proxy-directus.php on line 681
[08-Mar-2026 11:57:38 UTC] PHP Parse error:  Unmatched '}' in /var/www/html/wp-content/mu-plugins/vp-proxy-directus.php on line 681
[08-Mar-2026 11:57:42 UTC] PHP Parse error:  Unmatched '}' in /var/www/html/wp-content/mu-plugins/vp-proxy-directus.php on line 681
[08-Mar-2026 11:57:45 UTC] PHP Parse error:  Unmatched '}' in /var/www/html/wp-content/mu-plugins/vp-proxy-directus.php on line 681
[08-Mar-2026 11:57:47 UTC] PHP Parse error:  Unmatched '}' in /var/www/html/wp-content/mu-plugins/vp-proxy-directus.php on line 681
[08-Mar-2026 11:57:48 UTC] PHP Parse error:  Unmatched '}' in /var/www/html/wp-content/mu-plugins/vp-proxy-directus.php on line 681
[08-Mar-2026 11:57:49 UTC] PHP Parse error:  Unmatched '}' in /var/www/html/wp-content/mu-plugins/vp-proxy-directus.php on line 681
[08-Mar-2026 11:57:51 UTC] PHP Parse error:  Unmatched '}' in /var/www/html/wp-content/mu-plugins/vp-proxy-directus.php on line 681
[08-Mar-2026 11:57:52 UTC] PHP Parse error:  Unmatched '}' in /var/www/html/wp-content/mu-plugins/vp-proxy-directus.php on line 681
[08-Mar-2026 11:57:53 UTC] PHP Parse error:  Unmatched '}' in /var/www/html/wp-content/mu-plugins/vp-proxy-directus.php on line 681
[08-Mar-2026 11:57:56 UTC] PHP Parse error:  Unmatched '}' in /var/www/html/wp-content/mu-plugins/vp-proxy-directus.php on line 681
[08-Mar-2026 11:57:57 UTC] PHP Parse error:  Unmatched '}' in /var/www/html/wp-content/mu-plugins/vp-proxy-directus.php on line 681
[08-Mar-2026 11:57:58 UTC] PHP Parse error:  Unmatched '}' in /var/www/html/wp-content/mu-plugins/vp-proxy-directus.php on line 681
[08-Mar-2026 11:58:00 UTC] PHP Parse error:  Unmatched '}' in /var/www/html/wp-content/mu-plugins/vp-proxy-directus.php on line 681
[08-Mar-2026 11:58:01 UTC] PHP Parse error:  Unmatched '}' in /var/www/html/wp-content/mu-plugins/vp-proxy-directus.php on line 681
[08-Mar-2026 11:58:02 UTC] PHP Parse error:  Unmatched '}' in /var/www/html/wp-content/mu-plugins/vp-proxy-directus.php on line 681
[08-Mar-2026 11:58:02 UTC] PHP Parse error:  Unmatched '}' in /var/www/html/wp-content/mu-plugins/vp-proxy-directus.php on line 681
[08-Mar-2026 11:58:03 UTC] PHP Parse error:  Unmatched '}' in /var/www/html/wp-content/mu-plugins/vp-proxy-directus.php on line 681
[08-Mar-2026 11:58:05 UTC] PHP Parse error:  Unmatched '}' in /var/www/html/wp-content/mu-plugins/vp-proxy-directus.php on line 681
[08-Mar-2026 11:58:06 UTC] PHP Parse error:  Unmatched '}' in /var/www/html/wp-content/mu-plugins/vp-proxy-directus.php on line 681
[08-Mar-2026 11:58:07 UTC] PHP Parse error:  Unmatched '}' in /var/www/html/wp-content/mu-plugins/vp-proxy-directus.php on line 681
[08-Mar-2026 11:58:08 UTC] PHP Parse error:  Unmatched '}' in /var/www/html/wp-content/mu-plugins/vp-proxy-directus.php on line 681
[08-Mar-2026 11:58:08 UTC] PHP Parse error:  Unmatched '}' in /var/www/html/wp-content/mu-plugins/vp-proxy-directus.php on line 681
[08-Mar-2026 11:58:09 UTC] PHP Parse error:  Unmatched '}' in /var/www/html/wp-content/mu-plugins/vp-proxy-directus.php on line 681
[08-Mar-2026 11:58:10 UTC] PHP Parse error:  Unmatched '}' in /var/www/html/wp-content/mu-plugins/vp-proxy-directus.php on line 681
[08-Mar-2026 11:58:11 UTC] PHP Parse error:  Unmatched '}' in /var/www/html/wp-content/mu-plugins/vp-proxy-directus.php on line 681
[08-Mar-2026 11:58:12 UTC] PHP Parse error:  Unmatched '}' in /var/www/html/wp-content/mu-plugins/vp-proxy-directus.php on line 681
[08-Mar-2026 11:58:13 UTC] PHP Parse error:  Unmatched '}' in /var/www/html/wp-content/mu-plugins/vp-proxy-directus.php on line 681
[08-Mar-2026 11:58:14 UTC] PHP Parse error:  Unmatched '}' in /var/www/html/wp-content/mu-plugins/vp-proxy-directus.php on line 681
[08-Mar-2026 11:58:15 UTC] PHP Parse error:  Unmatched '}' in /var/www/html/wp-content/mu-plugins/vp-proxy-directus.php on line 681
[08-Mar-2026 11:58:47 UTC] PHP Parse error:  Unmatched '}' in /var/www/html/wp-content/mu-plugins/vp-proxy-directus.php on line 681
[08-Mar-2026 11:58:48 UTC] PHP Parse error:  Unmatched '}' in /var/www/html/wp-content/mu-plugins/vp-proxy-directus.php on line 681
[08-Mar-2026 11:58:49 UTC] PHP Parse error:  Unmatched '}' in /var/www/html/wp-content/mu-plugins/vp-proxy-directus.php on line 681
[08-Mar-2026 11:58:52 UTC] PHP Parse error:  Unmatched '}' in /var/www/html/wp-content/mu-plugins/vp-proxy-directus.php on line 681
[08-Mar-2026 11:58:54 UTC] PHP Parse error:  Unmatched '}' in /var/www/html/wp-content/mu-plugins/vp-proxy-directus.php on line 681
[08-Mar-2026 11:58:54 UTC] PHP Parse error:  Unmatched '}' in /var/www/html/wp-content/mu-plugins/vp-proxy-directus.php on line 681
[08-Mar-2026 11:58:55 UTC] PHP Parse error:  Unmatched '}' in /var/www/html/wp-content/mu-plugins/vp-proxy-directus.php on line 681
[08-Mar-2026 11:58:56 UTC] PHP Parse error:  Unmatched '}' in /var/www/html/wp-content/mu-plugins/vp-proxy-directus.php on line 681
[08-Mar-2026 11:58:57 UTC] PHP Parse error:  Unmatched '}' in /var/www/html/wp-content/mu-plugins/vp-proxy-directus.php on line 681
[08-Mar-2026 11:58:58 UTC] PHP Parse error:  Unmatched '}' in /var/www/html/wp-content/mu-plugins/vp-proxy-directus.php on line 681
[08-Mar-2026 11:59:04 UTC] PHP Parse error:  Unmatched '}' in /var/www/html/wp-content/mu-plugins/vp-proxy-directus.php on line 681
[08-Mar-2026 11:59:08 UTC] PHP Parse error:  Unmatched '}' in /var/www/html/wp-content/mu-plugins/vp-proxy-directus.php on line 681
[08-Mar-2026 11:59:09 UTC] PHP Parse error:  Unmatched '}' in /var/www/html/wp-content/mu-plugins/vp-proxy-directus.php on line 681
[08-Mar-2026 11:59:10 UTC] PHP Parse error:  Unmatched '}' in /var/www/html/wp-content/mu-plugins/vp-proxy-directus.php on line 681
[08-Mar-2026 11:59:12 UTC] PHP Parse error:  Unmatched '}' in /var/www/html/wp-content/mu-plugins/vp-proxy-directus.php on line 681
[08-Mar-2026 11:59:12 UTC] PHP Parse error:  Unmatched '}' in /var/www/html/wp-content/mu-plugins/vp-proxy-directus.php on line 681
[08-Mar-2026 11:59:14 UTC] PHP Parse error:  Unmatched '}' in /var/www/html/wp-content/mu-plugins/vp-proxy-directus.php on line 681
[08-Mar-2026 11:59:15 UTC] PHP Parse error:  Unmatched '}' in /var/www/html/wp-content/mu-plugins/vp-proxy-directus.php on line 681
[08-Mar-2026 11:59:15 UTC] PHP Parse error:  Unmatched '}' in /var/www/html/wp-content/mu-plugins/vp-proxy-directus.php on line 681
[08-Mar-2026 11:59:23 UTC] PHP Parse error:  Unmatched '}' in /var/www/html/wp-content/mu-plugins/vp-proxy-directus.php on line 681
[08-Mar-2026 11:59:26 UTC] PHP Parse error:  Unmatched '}' in /var/www/html/wp-content/mu-plugins/vp-proxy-directus.php on line 681
[08-Mar-2026 11:59:28 UTC] PHP Parse error:  Unmatched '}' in /var/www/html/wp-content/mu-plugins/vp-proxy-directus.php on line 681
[08-Mar-2026 11:59:33 UTC] PHP Parse error:  Unmatched '}' in /var/www/html/wp-content/mu-plugins/vp-proxy-directus.php on line 681
[08-Mar-2026 11:59:34 UTC] PHP Parse error:  Unmatched '}' in /var/www/html/wp-content/mu-plugins/vp-proxy-directus.php on line 681
[08-Mar-2026 11:59:35 UTC] PHP Parse error:  Unmatched '}' in /var/www/html/wp-content/mu-plugins/vp-proxy-directus.php on line 681
[08-Mar-2026 11:59:35 UTC] PHP Parse error:  Unmatched '}' in /var/www/html/wp-content/mu-plugins/vp-proxy-directus.php on line 681
[08-Mar-2026 11:59:38 UTC] PHP Parse error:  Unmatched '}' in /var/www/html/wp-content/mu-plugins/vp-proxy-directus.php on line 681
[08-Mar-2026 11:59:38 UTC] PHP Parse error:  Unmatched '}' in /var/www/html/wp-content/mu-plugins/vp-proxy-directus.php on line 681
[08-Mar-2026 11:59:39 UTC] PHP Parse error:  Unmatched '}' in /var/www/html/wp-content/mu-plugins/vp-proxy-directus.php on line 681
[08-Mar-2026 11:59:40 UTC] PHP Parse error:  Unmatched '}' in /var/www/html/wp-content/mu-plugins/vp-proxy-directus.php on line 681
[08-Mar-2026 11:59:46 UTC] PHP Parse error:  Unmatched '}' in /var/www/html/wp-content/mu-plugins/vp-proxy-directus.php on line 681
[08-Mar-2026 11:59:49 UTC] PHP Parse error:  Unmatched '}' in /var/www/html/wp-content/mu-plugins/vp-proxy-directus.php on line 681
[08-Mar-2026 11:59:51 UTC] PHP Parse error:  Unmatched '}' in /var/www/html/wp-content/mu-plugins/vp-proxy-directus.php on line 681
[08-Mar-2026 11:59:52 UTC] PHP Parse error:  Unmatched '}' in /var/www/html/wp-content/mu-plugins/vp-proxy-directus.php on line 681
[08-Mar-2026 11:59:57 UTC] PHP Parse error:  Unmatched '}' in /var/www/html/wp-content/mu-plugins/vp-proxy-directus.php on line 681
[08-Mar-2026 12:00:23 UTC] PHP Parse error:  Unmatched '}' in /var/www/html/wp-content/mu-plugins/vp-proxy-directus.php on line 681
[08-Mar-2026 12:00:23 UTC] PHP Parse error:  Unmatched '}' in /var/www/html/wp-content/mu-plugins/vp-proxy-directus.php on line 681
[08-Mar-2026 12:00:24 UTC] PHP Parse error:  Unmatched '}' in /var/www/html/wp-content/mu-plugins/vp-proxy-directus.php on line 681
[08-Mar-2026 12:00:25 UTC] PHP Parse error:  Unmatched '}' in /var/www/html/wp-content/mu-plugins/vp-proxy-directus.php on line 681
[08-Mar-2026 12:00:26 UTC] PHP Parse error:  Unmatched '}' in /var/www/html/wp-content/mu-plugins/vp-proxy-directus.php on line 681
[08-Mar-2026 12:00:27 UTC] PHP Parse error:  Unmatched '}' in /var/www/html/wp-content/mu-plugins/vp-proxy-directus.php on line 681
[08-Mar-2026 12:00:37 UTC] PHP Parse error:  Unmatched '}' in /var/www/html/wp-content/mu-plugins/vp-proxy-directus.php on line 681
[08-Mar-2026 12:00:40 UTC] PHP Parse error:  Unmatched '}' in /var/www/html/wp-content/mu-plugins/vp-proxy-directus.php on line 681
[08-Mar-2026 12:00:43 UTC] PHP Parse error:  Unmatched '}' in /var/www/html/wp-content/mu-plugins/vp-proxy-directus.php on line 681
[08-Mar-2026 12:00:45 UTC] PHP Parse error:  Unmatched '}' in /var/www/html/wp-content/mu-plugins/vp-proxy-directus.php on line 681
[08-Mar-2026 12:00:46 UTC] PHP Parse error:  Unmatched '}' in /var/www/html/wp-content/mu-plugins/vp-proxy-directus.php on line 681
[08-Mar-2026 12:00:58 UTC] PHP Parse error:  Unmatched '}' in /var/www/html/wp-content/mu-plugins/vp-proxy-directus.php on line 681
[08-Mar-2026 12:01:07 UTC] PHP Parse error:  Unmatched '}' in /var/www/html/wp-content/mu-plugins/vp-proxy-directus.php on line 681
[08-Mar-2026 12:01:08 UTC] PHP Parse error:  Unmatched '}' in /var/www/html/wp-content/mu-plugins/vp-proxy-directus.php on line 681
[08-Mar-2026 12:01:09 UTC] PHP Parse error:  Unmatched '}' in /var/www/html/wp-content/mu-plugins/vp-proxy-directus.php on line 681
[08-Mar-2026 12:01:10 UTC] PHP Parse error:  Unmatched '}' in /var/www/html/wp-content/mu-plugins/vp-proxy-directus.php on line 681
[08-Mar-2026 12:01:10 UTC] PHP Parse error:  Unmatched '}' in /var/www/html/wp-content/mu-plugins/vp-proxy-directus.php on line 681
[08-Mar-2026 12:01:10 UTC] PHP Parse error:  Unmatched '}' in /var/www/html/wp-content/mu-plugins/vp-proxy-directus.php on line 681
[08-Mar-2026 12:01:11 UTC] PHP Parse error:  Unmatched '}' in /var/www/html/wp-content/mu-plugins/vp-proxy-directus.php on line 681
[08-Mar-2026 12:01:12 UTC] PHP Parse error:  Unmatched '}' in /var/www/html/wp-content/mu-plugins/vp-proxy-directus.php on line 681
[08-Mar-2026 12:01:12 UTC] PHP Parse error:  Unmatched '}' in /var/www/html/wp-content/mu-plugins/vp-proxy-directus.php on line 681
[08-Mar-2026 12:01:17 UTC] PHP Parse error:  Unmatched '}' in /var/www/html/wp-content/mu-plugins/vp-proxy-directus.php on line 681
[08-Mar-2026 12:01:19 UTC] PHP Parse error:  Unmatched '}' in /var/www/html/wp-content/mu-plugins/vp-proxy-directus.php on line 681
[08-Mar-2026 12:01:21 UTC] PHP Parse error:  Unmatched '}' in /var/www/html/wp-content/mu-plugins/vp-proxy-directus.php on line 681
[08-Mar-2026 12:01:23 UTC] PHP Parse error:  Unmatched '}' in /var/www/html/wp-content/mu-plugins/vp-proxy-directus.php on line 681
[08-Mar-2026 12:01:24 UTC] PHP Parse error:  Unmatched '}' in /var/www/html/wp-content/mu-plugins/vp-proxy-directus.php on line 681
[08-Mar-2026 12:01:24 UTC] PHP Parse error:  Unmatched '}' in /var/www/html/wp-content/mu-plugins/vp-proxy-directus.php on line 681
[08-Mar-2026 12:01:25 UTC] PHP Parse error:  Unmatched '}' in /var/www/html/wp-content/mu-plugins/vp-proxy-directus.php on line 681
[08-Mar-2026 12:01:26 UTC] PHP Parse error:  Unmatched '}' in /var/www/html/wp-content/mu-plugins/vp-proxy-directus.php on line 681
[08-Mar-2026 12:01:27 UTC] PHP Parse error:  Unmatched '}' in /var/www/html/wp-content/mu-plugins/vp-proxy-directus.php on line 681
[08-Mar-2026 12:01:28 UTC] PHP Parse error:  Unmatched '}' in /var/www/html/wp-content/mu-plugins/vp-proxy-directus.php on line 681
[08-Mar-2026 12:01:28 UTC] PHP Parse error:  Unmatched '}' in /var/www/html/wp-content/mu-plugins/vp-proxy-directus.php on line 681
[08-Mar-2026 12:01:29 UTC] PHP Parse error:  Unmatched '}' in /var/www/html/wp-content/mu-plugins/vp-proxy-directus.php on line 681
[08-Mar-2026 12:01:29 UTC] PHP Parse error:  Unmatched '}' in /var/www/html/wp-content/mu-plugins/vp-proxy-directus.php on line 681
[08-Mar-2026 12:01:31 UTC] PHP Parse error:  Unmatched '}' in /var/www/html/wp-content/mu-plugins/vp-proxy-directus.php on line 681
[08-Mar-2026 12:01:32 UTC] PHP Parse error:  Unmatched '}' in /var/www/html/wp-content/mu-plugins/vp-proxy-directus.php on line 681
[08-Mar-2026 12:01:38 UTC] PHP Parse error:  Unmatched '}' in /var/www/html/wp-content/mu-plugins/vp-proxy-directus.php on line 681
[08-Mar-2026 12:01:39 UTC] PHP Parse error:  Unmatched '}' in /var/www/html/wp-content/mu-plugins/vp-proxy-directus.php on line 681
[08-Mar-2026 12:01:40 UTC] PHP Parse error:  Unmatched '}' in /var/www/html/wp-content/mu-plugins/vp-proxy-directus.php on line 681
[08-Mar-2026 12:01:42 UTC] PHP Parse error:  Unmatched '}' in /var/www/html/wp-content/mu-plugins/vp-proxy-directus.php on line 681
[08-Mar-2026 12:01:44 UTC] PHP Parse error:  Unmatched '}' in /var/www/html/wp-content/mu-plugins/vp-proxy-directus.php on line 681
[08-Mar-2026 12:01:46 UTC] PHP Parse error:  Unmatched '}' in /var/www/html/wp-content/mu-plugins/vp-proxy-directus.php on line 681
[08-Mar-2026 12:01:47 UTC] PHP Parse error:  Unmatched '}' in /var/www/html/wp-content/mu-plugins/vp-proxy-directus.php on line 681
[08-Mar-2026 12:01:49 UTC] PHP Parse error:  Unmatched '}' in /var/www/html/wp-content/mu-plugins/vp-proxy-directus.php on line 681
[08-Mar-2026 12:01:50 UTC] PHP Parse error:  Unmatched '}' in /var/www/html/wp-content/mu-plugins/vp-proxy-directus.php on line 681
[08-Mar-2026 12:01:51 UTC] PHP Parse error:  Unmatched '}' in /var/www/html/wp-content/mu-plugins/vp-proxy-directus.php on line 681
[08-Mar-2026 12:02:22 UTC] PHP Parse error:  Unmatched '}' in /var/www/html/wp-content/mu-plugins/vp-proxy-directus.php on line 681
[08-Mar-2026 12:02:36 UTC] PHP Parse error:  Unmatched '}' in /var/www/html/wp-content/mu-plugins/vp-proxy-directus.php on line 681
[08-Mar-2026 12:02:41 UTC] PHP Parse error:  Unmatched '}' in /var/www/html/wp-content/mu-plugins/vp-proxy-directus.php on line 681
[08-Mar-2026 12:02:50 UTC] PHP Parse error:  Unmatched '}' in /var/www/html/wp-content/mu-plugins/vp-proxy-directus.php on line 681
[08-Mar-2026 12:02:51 UTC] PHP Parse error:  Unmatched '}' in /var/www/html/wp-content/mu-plugins/vp-proxy-directus.php on line 681
[08-Mar-2026 12:02:52 UTC] PHP Parse error:  Unmatched '}' in /var/www/html/wp-content/mu-plugins/vp-proxy-directus.php on line 681
[08-Mar-2026 12:02:53 UTC] PHP Parse error:  Unmatched '}' in /var/www/html/wp-content/mu-plugins/vp-proxy-directus.php on line 681
[08-Mar-2026 12:02:53 UTC] PHP Parse error:  Unmatched '}' in /var/www/html/wp-content/mu-plugins/vp-proxy-directus.php on line 681
[08-Mar-2026 12:02:54 UTC] PHP Parse error:  Unmatched '}' in /var/www/html/wp-content/mu-plugins/vp-proxy-directus.php on line 681
[08-Mar-2026 12:02:54 UTC] PHP Parse error:  Unmatched '}' in /var/www/html/wp-content/mu-plugins/vp-proxy-directus.php on line 681
[08-Mar-2026 12:02:56 UTC] PHP Parse error:  Unmatched '}' in /var/www/html/wp-content/mu-plugins/vp-proxy-directus.php on line 681
[08-Mar-2026 12:02:56 UTC] PHP Parse error:  Unmatched '}' in /var/www/html/wp-content/mu-plugins/vp-proxy-directus.php on line 681
[08-Mar-2026 12:02:57 UTC] PHP Parse error:  Unmatched '}' in /var/www/html/wp-content/mu-plugins/vp-proxy-directus.php on line 681
[08-Mar-2026 12:02:57 UTC] PHP Parse error:  Unmatched '}' in /var/www/html/wp-content/mu-plugins/vp-proxy-directus.php on line 681
[08-Mar-2026 12:02:59 UTC] PHP Parse error:  Unmatched '}' in /var/www/html/wp-content/mu-plugins/vp-proxy-directus.php on line 681
[08-Mar-2026 12:02:59 UTC] PHP Parse error:  Unmatched '}' in /var/www/html/wp-content/mu-plugins/vp-proxy-directus.php on line 681
[08-Mar-2026 12:03:00 UTC] PHP Parse error:  Unmatched '}' in /var/www/html/wp-content/mu-plugins/vp-proxy-directus.php on line 681
[08-Mar-2026 12:03:01 UTC] PHP Parse error:  Unmatched '}' in /var/www/html/wp-content/mu-plugins/vp-proxy-directus.php on line 681
[08-Mar-2026 12:03:01 UTC] PHP Parse error:  Unmatched '}' in /var/www/html/wp-content/mu-plugins/vp-proxy-directus.php on line 681
[08-Mar-2026 12:03:02 UTC] PHP Parse error:  Unmatched '}' in /var/www/html/wp-content/mu-plugins/vp-proxy-directus.php on line 681
[08-Mar-2026 12:03:03 UTC] PHP Parse error:  Unmatched '}' in /var/www/html/wp-content/mu-plugins/vp-proxy-directus.php on line 681
[08-Mar-2026 12:03:05 UTC] PHP Parse error:  Unmatched '}' in /var/www/html/wp-content/mu-plugins/vp-proxy-directus.php on line 681
[08-Mar-2026 12:03:06 UTC] PHP Parse error:  Unmatched '}' in /var/www/html/wp-content/mu-plugins/vp-proxy-directus.php on line 681
[08-Mar-2026 12:03:07 UTC] PHP Parse error:  Unmatched '}' in /var/www/html/wp-content/mu-plugins/vp-proxy-directus.php on line 681
[08-Mar-2026 12:03:07 UTC] PHP Parse error:  Unmatched '}' in /var/www/html/wp-content/mu-plugins/vp-proxy-directus.php on line 681
[08-Mar-2026 12:03:08 UTC] PHP Parse error:  Unmatched '}' in /var/www/html/wp-content/mu-plugins/vp-proxy-directus.php on line 681
[08-Mar-2026 12:03:09 UTC] PHP Parse error:  Unmatched '}' in /var/www/html/wp-content/mu-plugins/vp-proxy-directus.php on line 681
[08-Mar-2026 12:03:12 UTC] PHP Parse error:  Unmatched '}' in /var/www/html/wp-content/mu-plugins/vp-proxy-directus.php on line 681
[08-Mar-2026 12:03:13 UTC] PHP Parse error:  Unmatched '}' in /var/www/html/wp-content/mu-plugins/vp-proxy-directus.php on line 681
[08-Mar-2026 12:03:14 UTC] PHP Parse error:  Unmatched '}' in /var/www/html/wp-content/mu-plugins/vp-proxy-directus.php on line 681
[08-Mar-2026 12:03:14 UTC] PHP Parse error:  Unmatched '}' in /var/www/html/wp-content/mu-plugins/vp-proxy-directus.php on line 681
[08-Mar-2026 12:03:25 UTC] PHP Parse error:  Unmatched '}' in /var/www/html/wp-content/mu-plugins/vp-proxy-directus.php on line 681
[08-Mar-2026 12:03:26 UTC] PHP Parse error:  Unmatched '}' in /var/www/html/wp-content/mu-plugins/vp-proxy-directus.php on line 681
[08-Mar-2026 12:03:28 UTC] PHP Parse error:  Unmatched '}' in /var/www/html/wp-content/mu-plugins/vp-proxy-directus.php on line 681
[08-Mar-2026 12:03:28 UTC] PHP Parse error:  Unmatched '}' in /var/www/html/wp-content/mu-plugins/vp-proxy-directus.php on line 681
[08-Mar-2026 12:03:31 UTC] PHP Parse error:  Unmatched '}' in /var/www/html/wp-content/mu-plugins/vp-proxy-directus.php on line 681
[08-Mar-2026 12:03:36 UTC] PHP Parse error:  Unmatched '}' in /var/www/html/wp-content/mu-plugins/vp-proxy-directus.php on line 681
[08-Mar-2026 12:03:57 UTC] PHP Parse error:  Unmatched '}' in /var/www/html/wp-content/mu-plugins/vp-proxy-directus.php on line 681
[08-Mar-2026 12:03:59 UTC] PHP Parse error:  Unmatched '}' in /var/www/html/wp-content/mu-plugins/vp-proxy-directus.php on line 681
[08-Mar-2026 12:04:01 UTC] PHP Parse error:  Unmatched '}' in /var/www/html/wp-content/mu-plugins/vp-proxy-directus.php on line 681
[08-Mar-2026 12:04:02 UTC] PHP Parse error:  Unmatched '}' in /var/www/html/wp-content/mu-plugins/vp-proxy-directus.php on line 681
[08-Mar-2026 12:04:03 UTC] PHP Parse error:  Unmatched '}' in /var/www/html/wp-content/mu-plugins/vp-proxy-directus.php on line 681
[08-Mar-2026 12:04:04 UTC] PHP Parse error:  Unmatched '}' in /var/www/html/wp-content/mu-plugins/vp-proxy-directus.php on line 681
[08-Mar-2026 12:04:04 UTC] PHP Parse error:  Unmatched '}' in /var/www/html/wp-content/mu-plugins/vp-proxy-directus.php on line 681
[08-Mar-2026 12:04:05 UTC] PHP Parse error:  Unmatched '}' in /var/www/html/wp-content/mu-plugins/vp-proxy-directus.php on line 681
[08-Mar-2026 12:04:05 UTC] PHP Parse error:  Unmatched '}' in /var/www/html/wp-content/mu-plugins/vp-proxy-directus.php on line 681
[08-Mar-2026 12:04:06 UTC] PHP Parse error:  Unmatched '}' in /var/www/html/wp-content/mu-plugins/vp-proxy-directus.php on line 681
[08-Mar-2026 12:04:07 UTC] PHP Parse error:  Unmatched '}' in /var/www/html/wp-content/mu-plugins/vp-proxy-directus.php on line 681
[08-Mar-2026 12:04:07 UTC] PHP Parse error:  Unmatched '}' in /var/www/html/wp-content/mu-plugins/vp-proxy-directus.php on line 681
[08-Mar-2026 12:04:08 UTC] PHP Parse error:  Unmatched '}' in /var/www/html/wp-content/mu-plugins/vp-proxy-directus.php on line 681
[08-Mar-2026 12:04:09 UTC] PHP Parse error:  Unmatched '}' in /var/www/html/wp-content/mu-plugins/vp-proxy-directus.php on line 681
[08-Mar-2026 12:04:11 UTC] PHP Parse error:  Unmatched '}' in /var/www/html/wp-content/mu-plugins/vp-proxy-directus.php on line 681
[08-Mar-2026 12:04:11 UTC] PHP Parse error:  Unmatched '}' in /var/www/html/wp-content/mu-plugins/vp-proxy-directus.php on line 681
[08-Mar-2026 12:04:12 UTC] PHP Parse error:  Unmatched '}' in /var/www/html/wp-content/mu-plugins/vp-proxy-directus.php on line 681
[08-Mar-2026 12:04:13 UTC] PHP Parse error:  Unmatched '}' in /var/www/html/wp-content/mu-plugins/vp-proxy-directus.php on line 681
[08-Mar-2026 12:04:14 UTC] PHP Parse error:  Unmatched '}' in /var/www/html/wp-content/mu-plugins/vp-proxy-directus.php on line 681
[08-Mar-2026 12:04:19 UTC] PHP Parse error:  Unmatched '}' in /var/www/html/wp-content/mu-plugins/vp-proxy-directus.php on line 681
[08-Mar-2026 12:04:23 UTC] PHP Parse error:  Unmatched '}' in /var/www/html/wp-content/mu-plugins/vp-proxy-directus.php on line 681
[08-Mar-2026 12:04:24 UTC] PHP Parse error:  Unmatched '}' in /var/www/html/wp-content/mu-plugins/vp-proxy-directus.php on line 681
[08-Mar-2026 12:04:26 UTC] PHP Parse error:  Unmatched '}' in /var/www/html/wp-content/mu-plugins/vp-proxy-directus.php on line 681
[08-Mar-2026 12:04:27 UTC] PHP Parse error:  Unmatched '}' in /var/www/html/wp-content/mu-plugins/vp-proxy-directus.php on line 681
[08-Mar-2026 12:04:28 UTC] PHP Parse error:  Unmatched '}' in /var/www/html/wp-content/mu-plugins/vp-proxy-directus.php on line 681
[08-Mar-2026 12:04:31 UTC] PHP Parse error:  Unmatched '}' in /var/www/html/wp-content/mu-plugins/vp-proxy-directus.php on line 681
[08-Mar-2026 12:04:33 UTC] PHP Parse error:  Unmatched '}' in /var/www/html/wp-content/mu-plugins/vp-proxy-directus.php on line 681
[08-Mar-2026 12:04:34 UTC] PHP Parse error:  Unmatched '}' in /var/www/html/wp-content/mu-plugins/vp-proxy-directus.php on line 681
[08-Mar-2026 12:04:35 UTC] PHP Parse error:  Unmatched '}' in /var/www/html/wp-content/mu-plugins/vp-proxy-directus.php on line 681
[08-Mar-2026 12:04:36 UTC] PHP Parse error:  Unmatched '}' in /var/www/html/wp-content/mu-plugins/vp-proxy-directus.php on line 681
[08-Mar-2026 12:04:36 UTC] PHP Parse error:  Unmatched '}' in /var/www/html/wp-content/mu-plugins/vp-proxy-directus.php on line 681
[08-Mar-2026 12:04:37 UTC] PHP Parse error:  Unmatched '}' in /var/www/html/wp-content/mu-plugins/vp-proxy-directus.php on line 681
[08-Mar-2026 12:04:37 UTC] PHP Parse error:  Unmatched '}' in /var/www/html/wp-content/mu-plugins/vp-proxy-directus.php on line 681
[08-Mar-2026 12:04:39 UTC] PHP Parse error:  Unmatched '}' in /var/www/html/wp-content/mu-plugins/vp-proxy-directus.php on line 681
[08-Mar-2026 12:04:39 UTC] PHP Parse error:  Unmatched '}' in /var/www/html/wp-content/mu-plugins/vp-proxy-directus.php on line 681
[08-Mar-2026 12:04:41 UTC] PHP Parse error:  Unmatched '}' in /var/www/html/wp-content/mu-plugins/vp-proxy-directus.php on line 681
[08-Mar-2026 12:04:43 UTC] PHP Parse error:  Unmatched '}' in /var/www/html/wp-content/mu-plugins/vp-proxy-directus.php on line 681
[08-Mar-2026 12:04:44 UTC] PHP Parse error:  Unmatched '}' in /var/www/html/wp-content/mu-plugins/vp-proxy-directus.php on line 681
[08-Mar-2026 12:04:45 UTC] PHP Parse error:  Unmatched '}' in /var/www/html/wp-content/mu-plugins/vp-proxy-directus.php on line 681
[08-Mar-2026 12:04:47 UTC] PHP Parse error:  Unmatched '}' in /var/www/html/wp-content/mu-plugins/vp-proxy-directus.php on line 681
[08-Mar-2026 12:04:55 UTC] PHP Parse error:  Unmatched '}' in /var/www/html/wp-content/mu-plugins/vp-proxy-directus.php on line 681
[08-Mar-2026 12:04:55 UTC] PHP Parse error:  Unmatched '}' in /var/www/html/wp-content/mu-plugins/vp-proxy-directus.php on line 681
[08-Mar-2026 12:04:56 UTC] PHP Parse error:  Unmatched '}' in /var/www/html/wp-content/mu-plugins/vp-proxy-directus.php on line 681
[08-Mar-2026 12:04:57 UTC] PHP Parse error:  Unmatched '}' in /var/www/html/wp-content/mu-plugins/vp-proxy-directus.php on line 681
[08-Mar-2026 12:04:57 UTC] PHP Parse error:  Unmatched '}' in /var/www/html/wp-content/mu-plugins/vp-proxy-directus.php on line 681
[08-Mar-2026 12:10:44 UTC] PHP Parse error:  Unmatched '}' in /var/www/html/wp-content/mu-plugins/vp-proxy-directus.php on line 681
[08-Mar-2026 13:24:36 UTC] PHP Parse error:  Unmatched '}' in /var/www/html/wp-content/mu-plugins/vp-proxy-directus.php on line 681
[08-Mar-2026 13:52:32 UTC] PHP Parse error:  Unmatched '}' in /var/www/html/wp-content/mu-plugins/vp-proxy-directus.php on line 681
[08-Mar-2026 13:52:32 UTC] PHP Parse error:  Unmatched '}' in /var/www/html/wp-content/mu-plugins/vp-proxy-directus.php on line 681
[08-Mar-2026 13:52:33 UTC] PHP Parse error:  Unmatched '}' in /var/www/html/wp-content/mu-plugins/vp-proxy-directus.php on line 681
[08-Mar-2026 15:44:59 UTC] PHP Parse error:  Unmatched '}' in /var/www/html/wp-content/mu-plugins/vp-proxy-directus.php on line 681
[08-Mar-2026 17:49:01 UTC] PHP Parse error:  Unmatched '}' in /var/www/html/wp-content/mu-plugins/vp-proxy-directus.php on line 681
[08-Mar-2026 17:51:29 UTC] PHP Parse error:  Unmatched '}' in /var/www/html/wp-content/mu-plugins/vp-proxy-directus.php on line 681
[08-Mar-2026 18:10:34 UTC] PHP Parse error:  Unmatched '}' in /var/www/html/wp-content/mu-plugins/vp-proxy-directus.php on line 681
[08-Mar-2026 18:16:21 UTC] PHP Parse error:  Unmatched '}' in /var/www/html/wp-content/mu-plugins/vp-proxy-directus.php on line 681
[08-Mar-2026 18:27:35 UTC] PHP Parse error:  Unmatched '}' in /var/www/html/wp-content/mu-plugins/vp-proxy-directus.php on line 681
[08-Mar-2026 18:41:06 UTC] PHP Parse error:  Unmatched '}' in /var/www/html/wp-content/mu-plugins/vp-proxy-directus.php on line 681
[08-Mar-2026 18:41:06 UTC] PHP Parse error:  Unmatched '}' in /var/www/html/wp-content/mu-plugins/vp-proxy-directus.php on line 681
[08-Mar-2026 19:35:15 UTC] PHP Parse error:  Unmatched '}' in /var/www/html/wp-content/mu-plugins/vp-proxy-directus.php on line 681
[08-Mar-2026 21:02:05 UTC] PHP Parse error:  Unmatched '}' in /var/www/html/wp-content/mu-plugins/vp-proxy-directus.php on line 681
[08-Mar-2026 21:02:05 UTC] PHP Parse error:  Unmatched '}' in /var/www/html/wp-content/mu-plugins/vp-proxy-directus.php on line 681
[08-Mar-2026 21:02:05 UTC] PHP Parse error:  Unmatched '}' in /var/www/html/wp-content/mu-plugins/vp-proxy-directus.php on line 681
[08-Mar-2026 22:10:10 UTC] PHP Parse error:  Unmatched '}' in /var/www/html/wp-content/mu-plugins/vp-proxy-directus.php on line 681
[08-Mar-2026 22:12:10 UTC] PHP Parse error:  Unmatched '}' in /var/www/html/wp-content/mu-plugins/vp-proxy-directus.php on line 681
[08-Mar-2026 22:14:10 UTC] PHP Parse error:  Unmatched '}' in /var/www/html/wp-content/mu-plugins/vp-proxy-directus.php on line 681
[08-Mar-2026 22:16:10 UTC] PHP Parse error:  Unmatched '}' in /var/www/html/wp-content/mu-plugins/vp-proxy-directus.php on line 681
[08-Mar-2026 22:18:10 UTC] PHP Parse error:  Unmatched '}' in /var/www/html/wp-content/mu-plugins/vp-proxy-directus.php on line 681
[08-Mar-2026 22:20:10 UTC] PHP Parse error:  Unmatched '}' in /var/www/html/wp-content/mu-plugins/vp-proxy-directus.php on line 681
[08-Mar-2026 22:20:10 UTC] PHP Parse error:  Unmatched '}' in /var/www/html/wp-content/mu-plugins/vp-proxy-directus.php on line 681
[08-Mar-2026 22:22:10 UTC] PHP Parse error:  Unmatched '}' in /var/www/html/wp-content/mu-plugins/vp-proxy-directus.php on line 681
[08-Mar-2026 22:26:10 UTC] PHP Parse error:  Unmatched '}' in /var/www/html/wp-content/mu-plugins/vp-proxy-directus.php on line 681
[08-Mar-2026 22:46:36 UTC] PHP Parse error:  Unmatched '}' in /var/www/html/wp-content/mu-plugins/vp-proxy-directus.php on line 681
[08-Mar-2026 22:47:55 UTC] PHP Parse error:  Unmatched '}' in /var/www/html/wp-content/mu-plugins/vp-proxy-directus.php on line 681
[08-Mar-2026 22:48:36 UTC] PHP Parse error:  Unmatched '}' in /var/www/html/wp-content/mu-plugins/vp-proxy-directus.php on line 681
[08-Mar-2026 22:50:36 UTC] PHP Parse error:  Unmatched '}' in /var/www/html/wp-content/mu-plugins/vp-proxy-directus.php on line 681
[08-Mar-2026 22:52:36 UTC] PHP Parse error:  Unmatched '}' in /var/www/html/wp-content/mu-plugins/vp-proxy-directus.php on line 681
[08-Mar-2026 22:54:36 UTC] PHP Parse error:  Unmatched '}' in /var/www/html/wp-content/mu-plugins/vp-proxy-directus.php on line 681
[08-Mar-2026 22:56:36 UTC] PHP Parse error:  Unmatched '}' in /var/www/html/wp-content/mu-plugins/vp-proxy-directus.php on line 681
[08-Mar-2026 22:58:36 UTC] PHP Parse error:  Unmatched '}' in /var/www/html/wp-content/mu-plugins/vp-proxy-directus.php on line 681
[08-Mar-2026 23:02:36 UTC] PHP Parse error:  Unmatched '}' in /var/www/html/wp-content/mu-plugins/vp-proxy-directus.php on line 681
[08-Mar-2026 23:03:55 UTC] PHP Parse error:  Unmatched '}' in /var/www/html/wp-content/mu-plugins/vp-proxy-directus.php on line 681
[08-Mar-2026 23:04:12 UTC] PHP Parse error:  Unmatched '}' in /var/www/html/wp-content/mu-plugins/vp-proxy-directus.php on line 681
[08-Mar-2026 23:04:13 UTC] PHP Parse error:  Unmatched '}' in /var/www/html/wp-content/mu-plugins/vp-proxy-directus.php on line 681
[08-Mar-2026 23:04:14 UTC] PHP Parse error:  Unmatched '}' in /var/www/html/wp-content/mu-plugins/vp-proxy-directus.php on line 681
[08-Mar-2026 23:04:17 UTC] PHP Parse error:  Unmatched '}' in /var/www/html/wp-content/mu-plugins/vp-proxy-directus.php on line 681
[08-Mar-2026 23:04:18 UTC] PHP Parse error:  Unmatched '}' in /var/www/html/wp-content/mu-plugins/vp-proxy-directus.php on line 681
[08-Mar-2026 23:04:19 UTC] PHP Parse error:  Unmatched '}' in /var/www/html/wp-content/mu-plugins/vp-proxy-directus.php on line 681
[08-Mar-2026 23:04:22 UTC] PHP Parse error:  Unmatched '}' in /var/www/html/wp-content/mu-plugins/vp-proxy-directus.php on line 681
[08-Mar-2026 23:04:25 UTC] PHP Parse error:  Unmatched '}' in /var/www/html/wp-content/mu-plugins/vp-proxy-directus.php on line 681
[08-Mar-2026 23:04:27 UTC] PHP Parse error:  Unmatched '}' in /var/www/html/wp-content/mu-plugins/vp-proxy-directus.php on line 681
[08-Mar-2026 23:04:28 UTC] PHP Parse error:  Unmatched '}' in /var/www/html/wp-content/mu-plugins/vp-proxy-directus.php on line 681
[08-Mar-2026 23:04:30 UTC] PHP Parse error:  Unmatched '}' in /var/www/html/wp-content/mu-plugins/vp-proxy-directus.php on line 681
[08-Mar-2026 23:04:30 UTC] PHP Parse error:  Unmatched '}' in /var/www/html/wp-content/mu-plugins/vp-proxy-directus.php on line 681
[08-Mar-2026 23:04:31 UTC] PHP Parse error:  Unmatched '}' in /var/www/html/wp-content/mu-plugins/vp-proxy-directus.php on line 681
[08-Mar-2026 23:04:32 UTC] PHP Parse error:  Unmatched '}' in /var/www/html/wp-content/mu-plugins/vp-proxy-directus.php on line 681
[08-Mar-2026 23:04:33 UTC] PHP Parse error:  Unmatched '}' in /var/www/html/wp-content/mu-plugins/vp-proxy-directus.php on line 681
[08-Mar-2026 23:04:35 UTC] PHP Parse error:  Unmatched '}' in /var/www/html/wp-content/mu-plugins/vp-proxy-directus.php on line 681
[08-Mar-2026 23:04:36 UTC] PHP Parse error:  Unmatched '}' in /var/www/html/wp-content/mu-plugins/vp-proxy-directus.php on line 681
[08-Mar-2026 23:04:37 UTC] PHP Parse error:  Unmatched '}' in /var/www/html/wp-content/mu-plugins/vp-proxy-directus.php on line 681
[08-Mar-2026 23:04:38 UTC] PHP Parse error:  Unmatched '}' in /var/www/html/wp-content/mu-plugins/vp-proxy-directus.php on line 681
[08-Mar-2026 23:04:39 UTC] PHP Parse error:  Unmatched '}' in /var/www/html/wp-content/mu-plugins/vp-proxy-directus.php on line 681
[08-Mar-2026 23:04:40 UTC] PHP Parse error:  Unmatched '}' in /var/www/html/wp-content/mu-plugins/vp-proxy-directus.php on line 681
[08-Mar-2026 23:04:41 UTC] PHP Parse error:  Unmatched '}' in /var/www/html/wp-content/mu-plugins/vp-proxy-directus.php on line 681
[08-Mar-2026 23:04:42 UTC] PHP Parse error:  Unmatched '}' in /var/www/html/wp-content/mu-plugins/vp-proxy-directus.php on line 681
[08-Mar-2026 23:04:43 UTC] PHP Parse error:  Unmatched '}' in /var/www/html/wp-content/mu-plugins/vp-proxy-directus.php on line 681
[08-Mar-2026 23:04:45 UTC] PHP Parse error:  Unmatched '}' in /var/www/html/wp-content/mu-plugins/vp-proxy-directus.php on line 681
[08-Mar-2026 23:04:46 UTC] PHP Parse error:  Unmatched '}' in /var/www/html/wp-content/mu-plugins/vp-proxy-directus.php on line 681
[08-Mar-2026 23:04:47 UTC] PHP Parse error:  Unmatched '}' in /var/www/html/wp-content/mu-plugins/vp-proxy-directus.php on line 681
[08-Mar-2026 23:04:48 UTC] PHP Parse error:  Unmatched '}' in /var/www/html/wp-content/mu-plugins/vp-proxy-directus.php on line 681
[08-Mar-2026 23:04:49 UTC] PHP Parse error:  Unmatched '}' in /var/www/html/wp-content/mu-plugins/vp-proxy-directus.php on line 681
[08-Mar-2026 23:04:50 UTC] PHP Parse error:  Unmatched '}' in /var/www/html/wp-content/mu-plugins/vp-proxy-directus.php on line 681
[08-Mar-2026 23:05:51 UTC] PHP Parse error:  Unmatched '}' in /var/www/html/wp-content/mu-plugins/vp-proxy-directus.php on line 681
[08-Mar-2026 23:06:51 UTC] PHP Parse error:  Unmatched '}' in /var/www/html/wp-content/mu-plugins/vp-proxy-directus.php on line 681
[08-Mar-2026 23:09:47 UTC] PHP Parse error:  Unmatched '}' in /var/www/html/wp-content/mu-plugins/vp-proxy-directus.php on line 681
[08-Mar-2026 23:11:51 UTC] PHP Parse error:  Unmatched '}' in /var/www/html/wp-content/mu-plugins/vp-proxy-directus.php on line 681
[08-Mar-2026 23:12:18 UTC] PHP Parse error:  Unmatched '}' in /var/www/html/wp-content/mu-plugins/vp-proxy-directus.php on line 681
[08-Mar-2026 23:17:59 UTC] PHP Parse error:  Unmatched '}' in /var/www/html/wp-content/mu-plugins/vp-proxy-directus.php on line 681
[08-Mar-2026 23:17:59 UTC] PHP Parse error:  Unmatched '}' in /var/www/html/wp-content/mu-plugins/vp-proxy-directus.php on line 681
[08-Mar-2026 23:17:59 UTC] PHP Parse error:  Unmatched '}' in /var/www/html/wp-content/mu-plugins/vp-proxy-directus.php on line 681
[08-Mar-2026 23:18:00 UTC] PHP Parse error:  Unmatched '}' in /var/www/html/wp-content/mu-plugins/vp-proxy-directus.php on line 681
[08-Mar-2026 23:18:00 UTC] PHP Parse error:  Unmatched '}' in /var/www/html/wp-content/mu-plugins/vp-proxy-directus.php on line 681
[08-Mar-2026 23:18:00 UTC] PHP Parse error:  Unmatched '}' in /var/www/html/wp-content/mu-plugins/vp-proxy-directus.php on line 681
[08-Mar-2026 23:18:01 UTC] PHP Parse error:  Unmatched '}' in /var/www/html/wp-content/mu-plugins/vp-proxy-directus.php on line 681
[08-Mar-2026 23:20:14 UTC] PHP Parse error:  Unmatched '}' in /var/www/html/wp-content/mu-plugins/vp-proxy-directus.php on line 681
[09-Mar-2026 00:34:32 UTC] PHP Parse error:  Unmatched '}' in /var/www/html/wp-content/mu-plugins/vp-proxy-directus.php on line 681
[09-Mar-2026 00:34:33 UTC] PHP Parse error:  Unmatched '}' in /var/www/html/wp-content/mu-plugins/vp-proxy-directus.php on line 681
[09-Mar-2026 02:35:33 UTC] PHP Parse error:  Unmatched '}' in /var/www/html/wp-content/mu-plugins/vp-proxy-directus.php on line 681
[09-Mar-2026 03:03:35 UTC] PHP Parse error:  Unmatched '}' in /var/www/html/wp-content/mu-plugins/vp-proxy-directus.php on line 681
[09-Mar-2026 03:03:36 UTC] PHP Parse error:  Unmatched '}' in /var/www/html/wp-content/mu-plugins/vp-proxy-directus.php on line 681
[09-Mar-2026 03:03:36 UTC] PHP Parse error:  Unmatched '}' in /var/www/html/wp-content/mu-plugins/vp-proxy-directus.php on line 681
[09-Mar-2026 03:03:36 UTC] PHP Parse error:  Unmatched '}' in /var/www/html/wp-content/mu-plugins/vp-proxy-directus.php on line 681
[09-Mar-2026 03:03:36 UTC] PHP Parse error:  Unmatched '}' in /var/www/html/wp-content/mu-plugins/vp-proxy-directus.php on line 681
[09-Mar-2026 03:03:36 UTC] PHP Parse error:  Unmatched '}' in /var/www/html/wp-content/mu-plugins/vp-proxy-directus.php on line 681
[09-Mar-2026 03:06:49 UTC] PHP Parse error:  Unmatched '}' in /var/www/html/wp-content/mu-plugins/vp-proxy-directus.php on line 681
[09-Mar-2026 03:06:49 UTC] PHP Parse error:  Unmatched '}' in /var/www/html/wp-content/mu-plugins/vp-proxy-directus.php on line 681
[09-Mar-2026 03:06:49 UTC] PHP Parse error:  Unmatched '}' in /var/www/html/wp-content/mu-plugins/vp-proxy-directus.php on line 681
[09-Mar-2026 03:06:50 UTC] PHP Parse error:  Unmatched '}' in /var/www/html/wp-content/mu-plugins/vp-proxy-directus.php on line 681
[09-Mar-2026 03:06:50 UTC] PHP Parse error:  Unmatched '}' in /var/www/html/wp-content/mu-plugins/vp-proxy-directus.php on line 681
[09-Mar-2026 03:06:50 UTC] PHP Parse error:  Unmatched '}' in /var/www/html/wp-content/mu-plugins/vp-proxy-directus.php on line 681
[09-Mar-2026 03:06:50 UTC] PHP Parse error:  Unmatched '}' in /var/www/html/wp-content/mu-plugins/vp-proxy-directus.php on line 681
[09-Mar-2026 03:06:50 UTC] PHP Parse error:  Unmatched '}' in /var/www/html/wp-content/mu-plugins/vp-proxy-directus.php on line 681
[09-Mar-2026 03:06:51 UTC] PHP Parse error:  Unmatched '}' in /var/www/html/wp-content/mu-plugins/vp-proxy-directus.php on line 681
[09-Mar-2026 03:06:51 UTC] PHP Parse error:  Unmatched '}' in /var/www/html/wp-content/mu-plugins/vp-proxy-directus.php on line 681
[09-Mar-2026 03:06:51 UTC] PHP Parse error:  Unmatched '}' in /var/www/html/wp-content/mu-plugins/vp-proxy-directus.php on line 681
[09-Mar-2026 03:06:51 UTC] PHP Parse error:  Unmatched '}' in /var/www/html/wp-content/mu-plugins/vp-proxy-directus.php on line 681
[09-Mar-2026 03:06:51 UTC] PHP Parse error:  Unmatched '}' in /var/www/html/wp-content/mu-plugins/vp-proxy-directus.php on line 681
[09-Mar-2026 03:06:52 UTC] PHP Parse error:  Unmatched '}' in /var/www/html/wp-content/mu-plugins/vp-proxy-directus.php on line 681
[09-Mar-2026 03:06:52 UTC] PHP Parse error:  Unmatched '}' in /var/www/html/wp-content/mu-plugins/vp-proxy-directus.php on line 681
[09-Mar-2026 03:06:52 UTC] PHP Parse error:  Unmatched '}' in /var/www/html/wp-content/mu-plugins/vp-proxy-directus.php on line 681
[09-Mar-2026 03:06:52 UTC] PHP Parse error:  Unmatched '}' in /var/www/html/wp-content/mu-plugins/vp-proxy-directus.php on line 681
[09-Mar-2026 03:06:53 UTC] PHP Parse error:  Unmatched '}' in /var/www/html/wp-content/mu-plugins/vp-proxy-directus.php on line 681
[09-Mar-2026 03:06:53 UTC] PHP Parse error:  Unmatched '}' in /var/www/html/wp-content/mu-plugins/vp-proxy-directus.php on line 681
[09-Mar-2026 03:06:53 UTC] PHP Parse error:  Unmatched '}' in /var/www/html/wp-content/mu-plugins/vp-proxy-directus.php on line 681
[09-Mar-2026 03:06:53 UTC] PHP Parse error:  Unmatched '}' in /var/www/html/wp-content/mu-plugins/vp-proxy-directus.php on line 681
[09-Mar-2026 03:06:53 UTC] PHP Parse error:  Unmatched '}' in /var/www/html/wp-content/mu-plugins/vp-proxy-directus.php on line 681
[09-Mar-2026 03:06:54 UTC] PHP Parse error:  Unmatched '}' in /var/www/html/wp-content/mu-plugins/vp-proxy-directus.php on line 681
[09-Mar-2026 03:06:54 UTC] PHP Parse error:  Unmatched '}' in /var/www/html/wp-content/mu-plugins/vp-proxy-directus.php on line 681
[09-Mar-2026 03:06:54 UTC] PHP Parse error:  Unmatched '}' in /var/www/html/wp-content/mu-plugins/vp-proxy-directus.php on line 681
[09-Mar-2026 03:06:54 UTC] PHP Parse error:  Unmatched '}' in /var/www/html/wp-content/mu-plugins/vp-proxy-directus.php on line 681
[09-Mar-2026 03:06:55 UTC] PHP Parse error:  Unmatched '}' in /var/www/html/wp-content/mu-plugins/vp-proxy-directus.php on line 681
[09-Mar-2026 03:06:55 UTC] PHP Parse error:  Unmatched '}' in /var/www/html/wp-content/mu-plugins/vp-proxy-directus.php on line 681
[09-Mar-2026 03:06:56 UTC] PHP Parse error:  Unmatched '}' in /var/www/html/wp-content/mu-plugins/vp-proxy-directus.php on line 681
[09-Mar-2026 03:06:56 UTC] PHP Parse error:  Unmatched '}' in /var/www/html/wp-content/mu-plugins/vp-proxy-directus.php on line 681
[09-Mar-2026 03:43:47 UTC] PHP Parse error:  Unmatched '}' in /var/www/html/wp-content/mu-plugins/vp-proxy-directus.php on line 681
[09-Mar-2026 03:43:47 UTC] PHP Parse error:  Unmatched '}' in /var/www/html/wp-content/mu-plugins/vp-proxy-directus.php on line 681
[09-Mar-2026 05:09:57 UTC] PHP Parse error:  Unmatched '}' in /var/www/html/wp-content/mu-plugins/vp-proxy-directus.php on line 681
[09-Mar-2026 06:17:31 UTC] PHP Parse error:  Unmatched '}' in /var/www/html/wp-content/mu-plugins/vp-proxy-directus.php on line 681
[09-Mar-2026 06:17:31 UTC] PHP Parse error:  Unmatched '}' in /var/www/html/wp-content/mu-plugins/vp-proxy-directus.php on line 681
[09-Mar-2026 06:17:31 UTC] PHP Parse error:  Unmatched '}' in /var/www/html/wp-content/mu-plugins/vp-proxy-directus.php on line 681
[09-Mar-2026 06:41:14 UTC] PHP Parse error:  Unmatched '}' in /var/www/html/wp-content/mu-plugins/vp-proxy-directus.php on line 681
[09-Mar-2026 06:41:14 UTC] PHP Parse error:  Unmatched '}' in /var/www/html/wp-content/mu-plugins/vp-proxy-directus.php on line 681
[09-Mar-2026 06:49:19 UTC] PHP Parse error:  Unmatched '}' in /var/www/html/wp-content/mu-plugins/vp-proxy-directus.php on line 681
[09-Mar-2026 07:59:07 UTC] PHP Parse error:  Unmatched '}' in /var/www/html/wp-content/mu-plugins/vp-proxy-directus.php on line 681
[09-Mar-2026 07:59:07 UTC] PHP Parse error:  Unmatched '}' in /var/www/html/wp-content/mu-plugins/vp-proxy-directus.php on line 681
[09-Mar-2026 07:59:07 UTC] PHP Parse error:  Unmatched '}' in /var/www/html/wp-content/mu-plugins/vp-proxy-directus.php on line 681
[09-Mar-2026 07:59:08 UTC] PHP Parse error:  Unmatched '}' in /var/www/html/wp-content/mu-plugins/vp-proxy-directus.php on line 681
[09-Mar-2026 07:59:08 UTC] PHP Parse error:  Unmatched '}' in /var/www/html/wp-content/mu-plugins/vp-proxy-directus.php on line 681
[09-Mar-2026 07:59:08 UTC] PHP Parse error:  Unmatched '}' in /var/www/html/wp-content/mu-plugins/vp-proxy-directus.php on line 681
[09-Mar-2026 07:59:09 UTC] PHP Parse error:  Unmatched '}' in /var/www/html/wp-content/mu-plugins/vp-proxy-directus.php on line 681
[09-Mar-2026 07:59:09 UTC] PHP Parse error:  Unmatched '}' in /var/www/html/wp-content/mu-plugins/vp-proxy-directus.php on line 681
[09-Mar-2026 07:59:09 UTC] PHP Parse error:  Unmatched '}' in /var/www/html/wp-content/mu-plugins/vp-proxy-directus.php on line 681
[09-Mar-2026 07:59:10 UTC] PHP Parse error:  Unmatched '}' in /var/www/html/wp-content/mu-plugins/vp-proxy-directus.php on line 681
[09-Mar-2026 07:59:10 UTC] PHP Parse error:  Unmatched '}' in /var/www/html/wp-content/mu-plugins/vp-proxy-directus.php on line 681
[09-Mar-2026 07:59:10 UTC] PHP Parse error:  Unmatched '}' in /var/www/html/wp-content/mu-plugins/vp-proxy-directus.php on line 681
[09-Mar-2026 07:59:11 UTC] PHP Parse error:  Unmatched '}' in /var/www/html/wp-content/mu-plugins/vp-proxy-directus.php on line 681
[09-Mar-2026 07:59:11 UTC] PHP Parse error:  Unmatched '}' in /var/www/html/wp-content/mu-plugins/vp-proxy-directus.php on line 681
[09-Mar-2026 07:59:11 UTC] PHP Parse error:  Unmatched '}' in /var/www/html/wp-content/mu-plugins/vp-proxy-directus.php on line 681
[09-Mar-2026 07:59:11 UTC] PHP Parse error:  Unmatched '}' in /var/www/html/wp-content/mu-plugins/vp-proxy-directus.php on line 681
[09-Mar-2026 07:59:12 UTC] PHP Parse error:  Unmatched '}' in /var/www/html/wp-content/mu-plugins/vp-proxy-directus.php on line 681
[09-Mar-2026 07:59:12 UTC] PHP Parse error:  Unmatched '}' in /var/www/html/wp-content/mu-plugins/vp-proxy-directus.php on line 681
[09-Mar-2026 07:59:12 UTC] PHP Parse error:  Unmatched '}' in /var/www/html/wp-content/mu-plugins/vp-proxy-directus.php on line 681
[09-Mar-2026 07:59:13 UTC] PHP Parse error:  Unmatched '}' in /var/www/html/wp-content/mu-plugins/vp-proxy-directus.php on line 681
[09-Mar-2026 07:59:13 UTC] PHP Parse error:  Unmatched '}' in /var/www/html/wp-content/mu-plugins/vp-proxy-directus.php on line 681
[09-Mar-2026 07:59:13 UTC] PHP Parse error:  Unmatched '}' in /var/www/html/wp-content/mu-plugins/vp-proxy-directus.php on line 681
[09-Mar-2026 07:59:14 UTC] PHP Parse error:  Unmatched '}' in /var/www/html/wp-content/mu-plugins/vp-proxy-directus.php on line 681
[09-Mar-2026 07:59:14 UTC] PHP Parse error:  Unmatched '}' in /var/www/html/wp-content/mu-plugins/vp-proxy-directus.php on line 681
[09-Mar-2026 07:59:14 UTC] PHP Parse error:  Unmatched '}' in /var/www/html/wp-content/mu-plugins/vp-proxy-directus.php on line 681
[09-Mar-2026 08:36:23 UTC] PHP Parse error:  Unmatched '}' in /var/www/html/wp-content/mu-plugins/vp-proxy-directus.php on line 681
[09-Mar-2026 08:45:26 UTC] PHP Parse error:  Unmatched '}' in /var/www/html/wp-content/mu-plugins/vp-proxy-directus.php on line 681
[09-Mar-2026 08:45:26 UTC] PHP Parse error:  Unmatched '}' in /var/www/html/wp-content/mu-plugins/vp-proxy-directus.php on line 681
[09-Mar-2026 08:45:26 UTC] PHP Parse error:  Unmatched '}' in /var/www/html/wp-content/mu-plugins/vp-proxy-directus.php on line 681
[09-Mar-2026 08:45:27 UTC] PHP Parse error:  Unmatched '}' in /var/www/html/wp-content/mu-plugins/vp-proxy-directus.php on line 681
[09-Mar-2026 08:45:27 UTC] PHP Parse error:  Unmatched '}' in /var/www/html/wp-content/mu-plugins/vp-proxy-directus.php on line 681
[09-Mar-2026 08:45:27 UTC] PHP Parse error:  Unmatched '}' in /var/www/html/wp-content/mu-plugins/vp-proxy-directus.php on line 681
[09-Mar-2026 08:45:28 UTC] PHP Parse error:  Unmatched '}' in /var/www/html/wp-content/mu-plugins/vp-proxy-directus.php on line 681
[09-Mar-2026 08:45:28 UTC] PHP Parse error:  Unmatched '}' in /var/www/html/wp-content/mu-plugins/vp-proxy-directus.php on line 681
[09-Mar-2026 08:45:28 UTC] PHP Parse error:  Unmatched '}' in /var/www/html/wp-content/mu-plugins/vp-proxy-directus.php on line 681
[09-Mar-2026 08:45:28 UTC] PHP Parse error:  Unmatched '}' in /var/www/html/wp-content/mu-plugins/vp-proxy-directus.php on line 681
[09-Mar-2026 08:45:29 UTC] PHP Parse error:  Unmatched '}' in /var/www/html/wp-content/mu-plugins/vp-proxy-directus.php on line 681
[09-Mar-2026 08:45:29 UTC] PHP Parse error:  Unmatched '}' in /var/www/html/wp-content/mu-plugins/vp-proxy-directus.php on line 681
[09-Mar-2026 08:45:29 UTC] PHP Parse error:  Unmatched '}' in /var/www/html/wp-content/mu-plugins/vp-proxy-directus.php on line 681
[09-Mar-2026 08:45:30 UTC] PHP Parse error:  Unmatched '}' in /var/www/html/wp-content/mu-plugins/vp-proxy-directus.php on line 681
[09-Mar-2026 08:45:30 UTC] PHP Parse error:  Unmatched '}' in /var/www/html/wp-content/mu-plugins/vp-proxy-directus.php on line 681
[09-Mar-2026 08:45:30 UTC] PHP Parse error:  Unmatched '}' in /var/www/html/wp-content/mu-plugins/vp-proxy-directus.php on line 681
[09-Mar-2026 08:45:30 UTC] PHP Parse error:  Unmatched '}' in /var/www/html/wp-content/mu-plugins/vp-proxy-directus.php on line 681
[09-Mar-2026 08:45:31 UTC] PHP Parse error:  Unmatched '}' in /var/www/html/wp-content/mu-plugins/vp-proxy-directus.php on line 681
[09-Mar-2026 08:45:31 UTC] PHP Parse error:  Unmatched '}' in /var/www/html/wp-content/mu-plugins/vp-proxy-directus.php on line 681
[09-Mar-2026 08:45:32 UTC] PHP Parse error:  Unmatched '}' in /var/www/html/wp-content/mu-plugins/vp-proxy-directus.php on line 681
[09-Mar-2026 08:45:32 UTC] PHP Parse error:  Unmatched '}' in /var/www/html/wp-content/mu-plugins/vp-proxy-directus.php on line 681
[09-Mar-2026 08:45:32 UTC] PHP Parse error:  Unmatched '}' in /var/www/html/wp-content/mu-plugins/vp-proxy-directus.php on line 681
[09-Mar-2026 08:45:32 UTC] PHP Parse error:  Unmatched '}' in /var/www/html/wp-content/mu-plugins/vp-proxy-directus.php on line 681
[09-Mar-2026 08:45:33 UTC] PHP Parse error:  Unmatched '}' in /var/www/html/wp-content/mu-plugins/vp-proxy-directus.php on line 681
[09-Mar-2026 08:45:33 UTC] PHP Parse error:  Unmatched '}' in /var/www/html/wp-content/mu-plugins/vp-proxy-directus.php on line 681
[09-Mar-2026 08:45:33 UTC] PHP Parse error:  Unmatched '}' in /var/www/html/wp-content/mu-plugins/vp-proxy-directus.php on line 681
[09-Mar-2026 08:45:34 UTC] PHP Parse error:  Unmatched '}' in /var/www/html/wp-content/mu-plugins/vp-proxy-directus.php on line 681
[09-Mar-2026 08:45:34 UTC] PHP Parse error:  Unmatched '}' in /var/www/html/wp-content/mu-plugins/vp-proxy-directus.php on line 681
[09-Mar-2026 08:45:34 UTC] PHP Parse error:  Unmatched '}' in /var/www/html/wp-content/mu-plugins/vp-proxy-directus.php on line 681
[09-Mar-2026 08:45:34 UTC] PHP Parse error:  Unmatched '}' in /var/www/html/wp-content/mu-plugins/vp-proxy-directus.php on line 681
[09-Mar-2026 08:45:35 UTC] PHP Parse error:  Unmatched '}' in /var/www/html/wp-content/mu-plugins/vp-proxy-directus.php on line 681
[09-Mar-2026 08:45:35 UTC] PHP Parse error:  Unmatched '}' in /var/www/html/wp-content/mu-plugins/vp-proxy-directus.php on line 681
[09-Mar-2026 08:45:35 UTC] PHP Parse error:  Unmatched '}' in /var/www/html/wp-content/mu-plugins/vp-proxy-directus.php on line 681
[09-Mar-2026 08:45:36 UTC] PHP Parse error:  Unmatched '}' in /var/www/html/wp-content/mu-plugins/vp-proxy-directus.php on line 681
[09-Mar-2026 08:45:36 UTC] PHP Parse error:  Unmatched '}' in /var/www/html/wp-content/mu-plugins/vp-proxy-directus.php on line 681
[09-Mar-2026 08:45:36 UTC] PHP Parse error:  Unmatched '}' in /var/www/html/wp-content/mu-plugins/vp-proxy-directus.php on line 681
[09-Mar-2026 08:45:36 UTC] PHP Parse error:  Unmatched '}' in /var/www/html/wp-content/mu-plugins/vp-proxy-directus.php on line 681
[09-Mar-2026 08:45:37 UTC] PHP Parse error:  Unmatched '}' in /var/www/html/wp-content/mu-plugins/vp-proxy-directus.php on line 681
[09-Mar-2026 08:45:37 UTC] PHP Parse error:  Unmatched '}' in /var/www/html/wp-content/mu-plugins/vp-proxy-directus.php on line 681
[09-Mar-2026 08:45:37 UTC] PHP Parse error:  Unmatched '}' in /var/www/html/wp-content/mu-plugins/vp-proxy-directus.php on line 681
[09-Mar-2026 08:45:38 UTC] PHP Parse error:  Unmatched '}' in /var/www/html/wp-content/mu-plugins/vp-proxy-directus.php on line 681
[09-Mar-2026 08:45:38 UTC] PHP Parse error:  Unmatched '}' in /var/www/html/wp-content/mu-plugins/vp-proxy-directus.php on line 681
[09-Mar-2026 08:45:38 UTC] PHP Parse error:  Unmatched '}' in /var/www/html/wp-content/mu-plugins/vp-proxy-directus.php on line 681
[09-Mar-2026 08:45:38 UTC] PHP Parse error:  Unmatched '}' in /var/www/html/wp-content/mu-plugins/vp-proxy-directus.php on line 681
[09-Mar-2026 08:45:39 UTC] PHP Parse error:  Unmatched '}' in /var/www/html/wp-content/mu-plugins/vp-proxy-directus.php on line 681
[09-Mar-2026 08:45:39 UTC] PHP Parse error:  Unmatched '}' in /var/www/html/wp-content/mu-plugins/vp-proxy-directus.php on line 681
[09-Mar-2026 08:45:39 UTC] PHP Parse error:  Unmatched '}' in /var/www/html/wp-content/mu-plugins/vp-proxy-directus.php on line 681
[09-Mar-2026 08:45:39 UTC] PHP Parse error:  Unmatched '}' in /var/www/html/wp-content/mu-plugins/vp-proxy-directus.php on line 681
[09-Mar-2026 08:45:40 UTC] PHP Parse error:  Unmatched '}' in /var/www/html/wp-content/mu-plugins/vp-proxy-directus.php on line 681
[09-Mar-2026 08:45:40 UTC] PHP Parse error:  Unmatched '}' in /var/www/html/wp-content/mu-plugins/vp-proxy-directus.php on line 681
[09-Mar-2026 08:45:40 UTC] PHP Parse error:  Unmatched '}' in /var/www/html/wp-content/mu-plugins/vp-proxy-directus.php on line 681
[09-Mar-2026 08:45:41 UTC] PHP Parse error:  Unmatched '}' in /var/www/html/wp-content/mu-plugins/vp-proxy-directus.php on line 681
[09-Mar-2026 08:45:41 UTC] PHP Parse error:  Unmatched '}' in /var/www/html/wp-content/mu-plugins/vp-proxy-directus.php on line 681
[09-Mar-2026 08:45:41 UTC] PHP Parse error:  Unmatched '}' in /var/www/html/wp-content/mu-plugins/vp-proxy-directus.php on line 681
[09-Mar-2026 08:45:41 UTC] PHP Parse error:  Unmatched '}' in /var/www/html/wp-content/mu-plugins/vp-proxy-directus.php on line 681
[09-Mar-2026 08:45:42 UTC] PHP Parse error:  Unmatched '}' in /var/www/html/wp-content/mu-plugins/vp-proxy-directus.php on line 681
[09-Mar-2026 08:45:42 UTC] PHP Parse error:  Unmatched '}' in /var/www/html/wp-content/mu-plugins/vp-proxy-directus.php on line 681
[09-Mar-2026 08:45:42 UTC] PHP Parse error:  Unmatched '}' in /var/www/html/wp-content/mu-plugins/vp-proxy-directus.php on line 681
[09-Mar-2026 08:45:43 UTC] PHP Parse error:  Unmatched '}' in /var/www/html/wp-content/mu-plugins/vp-proxy-directus.php on line 681
[09-Mar-2026 08:45:43 UTC] PHP Parse error:  Unmatched '}' in /var/www/html/wp-content/mu-plugins/vp-proxy-directus.php on line 681
[09-Mar-2026 08:45:43 UTC] PHP Parse error:  Unmatched '}' in /var/www/html/wp-content/mu-plugins/vp-proxy-directus.php on line 681
[09-Mar-2026 08:45:43 UTC] PHP Parse error:  Unmatched '}' in /var/www/html/wp-content/mu-plugins/vp-proxy-directus.php on line 681
[09-Mar-2026 08:45:44 UTC] PHP Parse error:  Unmatched '}' in /var/www/html/wp-content/mu-plugins/vp-proxy-directus.php on line 681
[09-Mar-2026 08:45:44 UTC] PHP Parse error:  Unmatched '}' in /var/www/html/wp-content/mu-plugins/vp-proxy-directus.php on line 681
[09-Mar-2026 08:45:44 UTC] PHP Parse error:  Unmatched '}' in /var/www/html/wp-content/mu-plugins/vp-proxy-directus.php on line 681
[09-Mar-2026 08:45:45 UTC] PHP Parse error:  Unmatched '}' in /var/www/html/wp-content/mu-plugins/vp-proxy-directus.php on line 681
[09-Mar-2026 08:45:45 UTC] PHP Parse error:  Unmatched '}' in /var/www/html/wp-content/mu-plugins/vp-proxy-directus.php on line 681
[09-Mar-2026 08:45:45 UTC] PHP Parse error:  Unmatched '}' in /var/www/html/wp-content/mu-plugins/vp-proxy-directus.php on line 681
[09-Mar-2026 08:45:45 UTC] PHP Parse error:  Unmatched '}' in /var/www/html/wp-content/mu-plugins/vp-proxy-directus.php on line 681
[09-Mar-2026 08:45:46 UTC] PHP Parse error:  Unmatched '}' in /var/www/html/wp-content/mu-plugins/vp-proxy-directus.php on line 681
[09-Mar-2026 08:45:46 UTC] PHP Parse error:  Unmatched '}' in /var/www/html/wp-content/mu-plugins/vp-proxy-directus.php on line 681
[09-Mar-2026 08:45:46 UTC] PHP Parse error:  Unmatched '}' in /var/www/html/wp-content/mu-plugins/vp-proxy-directus.php on line 681
[09-Mar-2026 08:45:47 UTC] PHP Parse error:  Unmatched '}' in /var/www/html/wp-content/mu-plugins/vp-proxy-directus.php on line 681
[09-Mar-2026 08:45:47 UTC] PHP Parse error:  Unmatched '}' in /var/www/html/wp-content/mu-plugins/vp-proxy-directus.php on line 681
[09-Mar-2026 08:45:47 UTC] PHP Parse error:  Unmatched '}' in /var/www/html/wp-content/mu-plugins/vp-proxy-directus.php on line 681
[09-Mar-2026 08:45:47 UTC] PHP Parse error:  Unmatched '}' in /var/www/html/wp-content/mu-plugins/vp-proxy-directus.php on line 681
[09-Mar-2026 08:45:48 UTC] PHP Parse error:  Unmatched '}' in /var/www/html/wp-content/mu-plugins/vp-proxy-directus.php on line 681
[09-Mar-2026 08:45:48 UTC] PHP Parse error:  Unmatched '}' in /var/www/html/wp-content/mu-plugins/vp-proxy-directus.php on line 681
[09-Mar-2026 08:45:48 UTC] PHP Parse error:  Unmatched '}' in /var/www/html/wp-content/mu-plugins/vp-proxy-directus.php on line 681
[09-Mar-2026 08:45:49 UTC] PHP Parse error:  Unmatched '}' in /var/www/html/wp-content/mu-plugins/vp-proxy-directus.php on line 681
[09-Mar-2026 08:45:49 UTC] PHP Parse error:  Unmatched '}' in /var/www/html/wp-content/mu-plugins/vp-proxy-directus.php on line 681
[09-Mar-2026 08:45:49 UTC] PHP Parse error:  Unmatched '}' in /var/www/html/wp-content/mu-plugins/vp-proxy-directus.php on line 681
[09-Mar-2026 08:45:49 UTC] PHP Parse error:  Unmatched '}' in /var/www/html/wp-content/mu-plugins/vp-proxy-directus.php on line 681
[09-Mar-2026 08:45:50 UTC] PHP Parse error:  Unmatched '}' in /var/www/html/wp-content/mu-plugins/vp-proxy-directus.php on line 681
[09-Mar-2026 08:45:50 UTC] PHP Parse error:  Unmatched '}' in /var/www/html/wp-content/mu-plugins/vp-proxy-directus.php on line 681
[09-Mar-2026 08:45:50 UTC] PHP Parse error:  Unmatched '}' in /var/www/html/wp-content/mu-plugins/vp-proxy-directus.php on line 681
[09-Mar-2026 08:45:50 UTC] PHP Parse error:  Unmatched '}' in /var/www/html/wp-content/mu-plugins/vp-proxy-directus.php on line 681
[09-Mar-2026 08:45:51 UTC] PHP Parse error:  Unmatched '}' in /var/www/html/wp-content/mu-plugins/vp-proxy-directus.php on line 681
[09-Mar-2026 08:45:51 UTC] PHP Parse error:  Unmatched '}' in /var/www/html/wp-content/mu-plugins/vp-proxy-directus.php on line 681
[09-Mar-2026 08:45:51 UTC] PHP Parse error:  Unmatched '}' in /var/www/html/wp-content/mu-plugins/vp-proxy-directus.php on line 681
[09-Mar-2026 08:45:52 UTC] PHP Parse error:  Unmatched '}' in /var/www/html/wp-content/mu-plugins/vp-proxy-directus.php on line 681
[09-Mar-2026 08:45:52 UTC] PHP Parse error:  Unmatched '}' in /var/www/html/wp-content/mu-plugins/vp-proxy-directus.php on line 681
[09-Mar-2026 08:45:52 UTC] PHP Parse error:  Unmatched '}' in /var/www/html/wp-content/mu-plugins/vp-proxy-directus.php on line 681
[09-Mar-2026 08:45:52 UTC] PHP Parse error:  Unmatched '}' in /var/www/html/wp-content/mu-plugins/vp-proxy-directus.php on line 681
[09-Mar-2026 08:45:53 UTC] PHP Parse error:  Unmatched '}' in /var/www/html/wp-content/mu-plugins/vp-proxy-directus.php on line 681
[09-Mar-2026 08:45:53 UTC] PHP Parse error:  Unmatched '}' in /var/www/html/wp-content/mu-plugins/vp-proxy-directus.php on line 681
[09-Mar-2026 08:45:53 UTC] PHP Parse error:  Unmatched '}' in /var/www/html/wp-content/mu-plugins/vp-proxy-directus.php on line 681
[09-Mar-2026 08:45:54 UTC] PHP Parse error:  Unmatched '}' in /var/www/html/wp-content/mu-plugins/vp-proxy-directus.php on line 681
[09-Mar-2026 08:45:54 UTC] PHP Parse error:  Unmatched '}' in /var/www/html/wp-content/mu-plugins/vp-proxy-directus.php on line 681
[09-Mar-2026 08:45:54 UTC] PHP Parse error:  Unmatched '}' in /var/www/html/wp-content/mu-plugins/vp-proxy-directus.php on line 681
[09-Mar-2026 08:45:55 UTC] PHP Parse error:  Unmatched '}' in /var/www/html/wp-content/mu-plugins/vp-proxy-directus.php on line 681
[09-Mar-2026 08:45:55 UTC] PHP Parse error:  Unmatched '}' in /var/www/html/wp-content/mu-plugins/vp-proxy-directus.php on line 681
[09-Mar-2026 08:45:55 UTC] PHP Parse error:  Unmatched '}' in /var/www/html/wp-content/mu-plugins/vp-proxy-directus.php on line 681
[09-Mar-2026 08:45:56 UTC] PHP Parse error:  Unmatched '}' in /var/www/html/wp-content/mu-plugins/vp-proxy-directus.php on line 681
[09-Mar-2026 08:45:56 UTC] PHP Parse error:  Unmatched '}' in /var/www/html/wp-content/mu-plugins/vp-proxy-directus.php on line 681
[09-Mar-2026 08:45:56 UTC] PHP Parse error:  Unmatched '}' in /var/www/html/wp-content/mu-plugins/vp-proxy-directus.php on line 681
[09-Mar-2026 08:45:57 UTC] PHP Parse error:  Unmatched '}' in /var/www/html/wp-content/mu-plugins/vp-proxy-directus.php on line 681
[09-Mar-2026 08:45:57 UTC] PHP Parse error:  Unmatched '}' in /var/www/html/wp-content/mu-plugins/vp-proxy-directus.php on line 681
[09-Mar-2026 08:45:57 UTC] PHP Parse error:  Unmatched '}' in /var/www/html/wp-content/mu-plugins/vp-proxy-directus.php on line 681
[09-Mar-2026 08:45:57 UTC] PHP Parse error:  Unmatched '}' in /var/www/html/wp-content/mu-plugins/vp-proxy-directus.php on line 681
[09-Mar-2026 08:45:58 UTC] PHP Parse error:  Unmatched '}' in /var/www/html/wp-content/mu-plugins/vp-proxy-directus.php on line 681
[09-Mar-2026 08:45:58 UTC] PHP Parse error:  Unmatched '}' in /var/www/html/wp-content/mu-plugins/vp-proxy-directus.php on line 681
[09-Mar-2026 08:45:58 UTC] PHP Parse error:  Unmatched '}' in /var/www/html/wp-content/mu-plugins/vp-proxy-directus.php on line 681
[09-Mar-2026 08:45:59 UTC] PHP Parse error:  Unmatched '}' in /var/www/html/wp-content/mu-plugins/vp-proxy-directus.php on line 681
[09-Mar-2026 08:45:59 UTC] PHP Parse error:  Unmatched '}' in /var/www/html/wp-content/mu-plugins/vp-proxy-directus.php on line 681
[09-Mar-2026 08:45:59 UTC] PHP Parse error:  Unmatched '}' in /var/www/html/wp-content/mu-plugins/vp-proxy-directus.php on line 681
[09-Mar-2026 08:45:59 UTC] PHP Parse error:  Unmatched '}' in /var/www/html/wp-content/mu-plugins/vp-proxy-directus.php on line 681
[09-Mar-2026 08:46:00 UTC] PHP Parse error:  Unmatched '}' in /var/www/html/wp-content/mu-plugins/vp-proxy-directus.php on line 681
[09-Mar-2026 08:46:00 UTC] PHP Parse error:  Unmatched '}' in /var/www/html/wp-content/mu-plugins/vp-proxy-directus.php on line 681
[09-Mar-2026 08:46:00 UTC] PHP Parse error:  Unmatched '}' in /var/www/html/wp-content/mu-plugins/vp-proxy-directus.php on line 681
[09-Mar-2026 08:46:01 UTC] PHP Parse error:  Unmatched '}' in /var/www/html/wp-content/mu-plugins/vp-proxy-directus.php on line 681
[09-Mar-2026 08:46:01 UTC] PHP Parse error:  Unmatched '}' in /var/www/html/wp-content/mu-plugins/vp-proxy-directus.php on line 681
[09-Mar-2026 08:46:01 UTC] PHP Parse error:  Unmatched '}' in /var/www/html/wp-content/mu-plugins/vp-proxy-directus.php on line 681
[09-Mar-2026 08:46:01 UTC] PHP Parse error:  Unmatched '}' in /var/www/html/wp-content/mu-plugins/vp-proxy-directus.php on line 681
[09-Mar-2026 08:46:02 UTC] PHP Parse error:  Unmatched '}' in /var/www/html/wp-content/mu-plugins/vp-proxy-directus.php on line 681
[09-Mar-2026 08:46:02 UTC] PHP Parse error:  Unmatched '}' in /var/www/html/wp-content/mu-plugins/vp-proxy-directus.php on line 681
[09-Mar-2026 08:46:02 UTC] PHP Parse error:  Unmatched '}' in /var/www/html/wp-content/mu-plugins/vp-proxy-directus.php on line 681
[09-Mar-2026 08:46:03 UTC] PHP Parse error:  Unmatched '}' in /var/www/html/wp-content/mu-plugins/vp-proxy-directus.php on line 681
[09-Mar-2026 08:46:03 UTC] PHP Parse error:  Unmatched '}' in /var/www/html/wp-content/mu-plugins/vp-proxy-directus.php on line 681
[09-Mar-2026 08:46:03 UTC] PHP Parse error:  Unmatched '}' in /var/www/html/wp-content/mu-plugins/vp-proxy-directus.php on line 681
[09-Mar-2026 08:46:03 UTC] PHP Parse error:  Unmatched '}' in /var/www/html/wp-content/mu-plugins/vp-proxy-directus.php on line 681
[09-Mar-2026 08:46:04 UTC] PHP Parse error:  Unmatched '}' in /var/www/html/wp-content/mu-plugins/vp-proxy-directus.php on line 681
[09-Mar-2026 08:46:04 UTC] PHP Parse error:  Unmatched '}' in /var/www/html/wp-content/mu-plugins/vp-proxy-directus.php on line 681
[09-Mar-2026 08:46:04 UTC] PHP Parse error:  Unmatched '}' in /var/www/html/wp-content/mu-plugins/vp-proxy-directus.php on line 681
[09-Mar-2026 08:46:05 UTC] PHP Parse error:  Unmatched '}' in /var/www/html/wp-content/mu-plugins/vp-proxy-directus.php on line 681
[09-Mar-2026 08:46:05 UTC] PHP Parse error:  Unmatched '}' in /var/www/html/wp-content/mu-plugins/vp-proxy-directus.php on line 681
[09-Mar-2026 08:46:05 UTC] PHP Parse error:  Unmatched '}' in /var/www/html/wp-content/mu-plugins/vp-proxy-directus.php on line 681
[09-Mar-2026 08:46:05 UTC] PHP Parse error:  Unmatched '}' in /var/www/html/wp-content/mu-plugins/vp-proxy-directus.php on line 681
[09-Mar-2026 08:46:06 UTC] PHP Parse error:  Unmatched '}' in /var/www/html/wp-content/mu-plugins/vp-proxy-directus.php on line 681
[09-Mar-2026 08:46:06 UTC] PHP Parse error:  Unmatched '}' in /var/www/html/wp-content/mu-plugins/vp-proxy-directus.php on line 681
[09-Mar-2026 08:46:06 UTC] PHP Parse error:  Unmatched '}' in /var/www/html/wp-content/mu-plugins/vp-proxy-directus.php on line 681
[09-Mar-2026 08:46:07 UTC] PHP Parse error:  Unmatched '}' in /var/www/html/wp-content/mu-plugins/vp-proxy-directus.php on line 681
[09-Mar-2026 08:46:07 UTC] PHP Parse error:  Unmatched '}' in /var/www/html/wp-content/mu-plugins/vp-proxy-directus.php on line 681
[09-Mar-2026 08:46:07 UTC] PHP Parse error:  Unmatched '}' in /var/www/html/wp-content/mu-plugins/vp-proxy-directus.php on line 681
[09-Mar-2026 09:04:24 UTC] PHP Parse error:  Unmatched '}' in /var/www/html/wp-content/mu-plugins/vp-proxy-directus.php on line 681
[09-Mar-2026 09:04:25 UTC] PHP Parse error:  Unmatched '}' in /var/www/html/wp-content/mu-plugins/vp-proxy-directus.php on line 681
[09-Mar-2026 09:07:04 UTC] PHP Parse error:  Unmatched '}' in /var/www/html/wp-content/mu-plugins/vp-proxy-directus.php on line 681
[09-Mar-2026 09:07:05 UTC] PHP Parse error:  Unmatched '}' in /var/www/html/wp-content/mu-plugins/vp-proxy-directus.php on line 681
[09-Mar-2026 09:54:16 UTC] PHP Parse error:  Unmatched '}' in /var/www/html/wp-content/mu-plugins/vp-proxy-directus.php on line 681
[09-Mar-2026 09:58:53 UTC] PHP Parse error:  Unmatched '}' in /var/www/html/wp-content/mu-plugins/vp-proxy-directus.php on line 681
[09-Mar-2026 10:12:32 UTC] PHP Parse error:  Unmatched '}' in /var/www/html/wp-content/mu-plugins/vp-proxy-directus.php on line 681
[09-Mar-2026 10:12:32 UTC] PHP Parse error:  Unmatched '}' in /var/www/html/wp-content/mu-plugins/vp-proxy-directus.php on line 681
[09-Mar-2026 10:30:07 UTC] PHP Parse error:  Unmatched '}' in /var/www/html/wp-content/mu-plugins/vp-proxy-directus.php on line 681
[09-Mar-2026 10:30:07 UTC] PHP Parse error:  Unmatched '}' in /var/www/html/wp-content/mu-plugins/vp-proxy-directus.php on line 681
[09-Mar-2026 10:35:12 UTC] PHP Parse error:  Unmatched '}' in /var/www/html/wp-content/mu-plugins/vp-proxy-directus.php on line 681
[09-Mar-2026 11:05:33 UTC] PHP Parse error:  Unmatched '}' in /var/www/html/wp-content/mu-plugins/vp-proxy-directus.php on line 681
[09-Mar-2026 11:05:35 UTC] PHP Parse error:  Unmatched '}' in /var/www/html/wp-content/mu-plugins/vp-proxy-directus.php on line 681
[09-Mar-2026 11:20:31 UTC] PHP Parse error:  Unmatched '}' in /var/www/html/wp-content/mu-plugins/vp-proxy-directus.php on line 681
[09-Mar-2026 11:20:33 UTC] PHP Parse error:  Unmatched '}' in /var/www/html/wp-content/mu-plugins/vp-proxy-directus.php on line 681
[09-Mar-2026 11:23:01 UTC] PHP Parse error:  Unmatched '}' in /var/www/html/wp-content/mu-plugins/vp-proxy-directus.php on line 681
[09-Mar-2026 11:23:06 UTC] PHP Parse error:  Unmatched '}' in /var/www/html/wp-content/mu-plugins/vp-proxy-directus.php on line 681
[09-Mar-2026 11:58:40 UTC] PHP Parse error:  Unmatched '}' in /var/www/html/wp-content/mu-plugins/vp-proxy-directus.php on line 681
[09-Mar-2026 11:58:41 UTC] PHP Parse error:  Unmatched '}' in /var/www/html/wp-content/mu-plugins/vp-proxy-directus.php on line 681
[09-Mar-2026 12:16:09 UTC] PHP Parse error:  Unmatched '}' in /var/www/html/wp-content/mu-plugins/vp-proxy-directus.php on line 681
[09-Mar-2026 12:16:09 UTC] PHP Parse error:  Unmatched '}' in /var/www/html/wp-content/mu-plugins/vp-proxy-directus.php on line 681
[09-Mar-2026 12:42:47 UTC] PHP Parse error:  Unmatched '}' in /var/www/html/wp-content/mu-plugins/vp-proxy-directus.php on line 681
[09-Mar-2026 12:42:47 UTC] PHP Parse error:  Unmatched '}' in /var/www/html/wp-content/mu-plugins/vp-proxy-directus.php on line 681
[09-Mar-2026 12:50:54 UTC] PHP Parse error:  Unmatched '}' in /var/www/html/wp-content/mu-plugins/vp-proxy-directus.php on line 681
[09-Mar-2026 12:50:55 UTC] PHP Parse error:  Unmatched '}' in /var/www/html/wp-content/mu-plugins/vp-proxy-directus.php on line 681
[09-Mar-2026 12:55:08 UTC] PHP Parse error:  Unmatched '}' in /var/www/html/wp-content/mu-plugins/vp-proxy-directus.php on line 681
[09-Mar-2026 13:08:08 UTC] PHP Parse error:  Unmatched '}' in /var/www/html/wp-content/mu-plugins/vp-proxy-directus.php on line 681
[09-Mar-2026 13:08:08 UTC] PHP Parse error:  Unmatched '}' in /var/www/html/wp-content/mu-plugins/vp-proxy-directus.php on line 681
[09-Mar-2026 13:25:55 UTC] PHP Parse error:  Unmatched '}' in /var/www/html/wp-content/mu-plugins/vp-proxy-directus.php on line 681
[09-Mar-2026 13:25:56 UTC] PHP Parse error:  Unmatched '}' in /var/www/html/wp-content/mu-plugins/vp-proxy-directus.php on line 681
[09-Mar-2026 13:43:33 UTC] PHP Parse error:  Unmatched '}' in /var/www/html/wp-content/mu-plugins/vp-proxy-directus.php on line 681
[09-Mar-2026 13:43:34 UTC] PHP Parse error:  Unmatched '}' in /var/www/html/wp-content/mu-plugins/vp-proxy-directus.php on line 681
[09-Mar-2026 14:02:22 UTC] PHP Parse error:  Unmatched '}' in /var/www/html/wp-content/mu-plugins/vp-proxy-directus.php on line 681
[09-Mar-2026 14:02:23 UTC] PHP Parse error:  Unmatched '}' in /var/www/html/wp-content/mu-plugins/vp-proxy-directus.php on line 681
[09-Mar-2026 14:12:20 UTC] PHP Parse error:  Unmatched '}' in /var/www/html/wp-content/mu-plugins/vp-proxy-directus.php on line 681
[09-Mar-2026 14:18:37 UTC] PHP Parse error:  Unmatched '}' in /var/www/html/wp-content/mu-plugins/vp-proxy-directus.php on line 681
[09-Mar-2026 14:18:37 UTC] PHP Parse error:  Unmatched '}' in /var/www/html/wp-content/mu-plugins/vp-proxy-directus.php on line 681
[09-Mar-2026 14:36:18 UTC] PHP Parse error:  Unmatched '}' in /var/www/html/wp-content/mu-plugins/vp-proxy-directus.php on line 681
[09-Mar-2026 14:36:18 UTC] PHP Parse error:  Unmatched '}' in /var/www/html/wp-content/mu-plugins/vp-proxy-directus.php on line 681
[09-Mar-2026 14:59:25 UTC] PHP Parse error:  Unmatched '}' in /var/www/html/wp-content/mu-plugins/vp-proxy-directus.php on line 681
[09-Mar-2026 14:59:26 UTC] PHP Parse error:  Unmatched '}' in /var/www/html/wp-content/mu-plugins/vp-proxy-directus.php on line 681
[09-Mar-2026 14:59:28 UTC] PHP Parse error:  Unmatched '}' in /var/www/html/wp-content/mu-plugins/vp-proxy-directus.php on line 681
[09-Mar-2026 14:59:28 UTC] PHP Parse error:  Unmatched '}' in /var/www/html/wp-content/mu-plugins/vp-proxy-directus.php on line 681
[09-Mar-2026 15:10:43 UTC] PHP Parse error:  Unmatched '}' in /var/www/html/wp-content/mu-plugins/vp-proxy-directus.php on line 681
[09-Mar-2026 15:10:43 UTC] PHP Parse error:  Unmatched '}' in /var/www/html/wp-content/mu-plugins/vp-proxy-directus.php on line 681
[09-Mar-2026 15:27:44 UTC] PHP Parse error:  Unmatched '}' in /var/www/html/wp-content/mu-plugins/vp-proxy-directus.php on line 681
[09-Mar-2026 15:27:45 UTC] PHP Parse error:  Unmatched '}' in /var/www/html/wp-content/mu-plugins/vp-proxy-directus.php on line 681
[09-Mar-2026 15:36:39 UTC] PHP Parse error:  Unmatched '}' in /var/www/html/wp-content/mu-plugins/vp-proxy-directus.php on line 681
[09-Mar-2026 15:46:17 UTC] PHP Parse error:  Unmatched '}' in /var/www/html/wp-content/mu-plugins/vp-proxy-directus.php on line 681
[09-Mar-2026 15:46:20 UTC] PHP Parse error:  Unmatched '}' in /var/www/html/wp-content/mu-plugins/vp-proxy-directus.php on line 681
[09-Mar-2026 15:55:46 UTC] PHP Parse error:  Unmatched '}' in /var/www/html/wp-content/mu-plugins/vp-proxy-directus.php on line 681
[09-Mar-2026 15:55:47 UTC] PHP Parse error:  Unmatched '}' in /var/www/html/wp-content/mu-plugins/vp-proxy-directus.php on line 681
[09-Mar-2026 16:00:34 UTC] PHP Parse error:  Unmatched '}' in /var/www/html/wp-content/mu-plugins/vp-proxy-directus.php on line 681
[09-Mar-2026 16:00:40 UTC] PHP Parse error:  Unmatched '}' in /var/www/html/wp-content/mu-plugins/vp-proxy-directus.php on line 681
[09-Mar-2026 16:01:37 UTC] PHP Parse error:  Unmatched '}' in /var/www/html/wp-content/mu-plugins/vp-proxy-directus.php on line 681
[09-Mar-2026 16:02:46 UTC] PHP Parse error:  Unmatched '}' in /var/www/html/wp-content/mu-plugins/vp-proxy-directus.php on line 681
[09-Mar-2026 16:02:46 UTC] PHP Parse error:  Unmatched '}' in /var/www/html/wp-content/mu-plugins/vp-proxy-directus.php on line 681
[09-Mar-2026 16:03:40 UTC] PHP Parse error:  Unmatched '}' in /var/www/html/wp-content/mu-plugins/vp-proxy-directus.php on line 681
[09-Mar-2026 16:03:41 UTC] PHP Parse error:  Unmatched '}' in /var/www/html/wp-content/mu-plugins/vp-proxy-directus.php on line 681
[09-Mar-2026 16:08:33 UTC] PHP Parse error:  Unmatched '}' in /var/www/html/wp-content/mu-plugins/vp-proxy-directus.php on line 681
[09-Mar-2026 16:08:33 UTC] PHP Parse error:  Unmatched '}' in /var/www/html/wp-content/mu-plugins/vp-proxy-directus.php on line 681
[09-Mar-2026 16:08:34 UTC] PHP Parse error:  Unmatched '}' in /var/www/html/wp-content/mu-plugins/vp-proxy-directus.php on line 681
[09-Mar-2026 16:08:34 UTC] PHP Parse error:  Unmatched '}' in /var/www/html/wp-content/mu-plugins/vp-proxy-directus.php on line 681
[09-Mar-2026 16:08:34 UTC] PHP Parse error:  Unmatched '}' in /var/www/html/wp-content/mu-plugins/vp-proxy-directus.php on line 681
[09-Mar-2026 16:08:35 UTC] PHP Parse error:  Unmatched '}' in /var/www/html/wp-content/mu-plugins/vp-proxy-directus.php on line 681
[09-Mar-2026 16:08:35 UTC] PHP Parse error:  Unmatched '}' in /var/www/html/wp-content/mu-plugins/vp-proxy-directus.php on line 681
[09-Mar-2026 16:20:02 UTC] PHP Parse error:  Unmatched '}' in /var/www/html/wp-content/mu-plugins/vp-proxy-directus.php on line 681
[09-Mar-2026 16:21:02 UTC] PHP Parse error:  Unmatched '}' in /var/www/html/wp-content/mu-plugins/vp-proxy-directus.php on line 681
[09-Mar-2026 16:21:02 UTC] PHP Parse error:  Unmatched '}' in /var/www/html/wp-content/mu-plugins/vp-proxy-directus.php on line 681
[09-Mar-2026 16:21:02 UTC] PHP Parse error:  Unmatched '}' in /var/www/html/wp-content/mu-plugins/vp-proxy-directus.php on line 681
[09-Mar-2026 16:21:02 UTC] PHP Parse error:  Unmatched '}' in /var/www/html/wp-content/mu-plugins/vp-proxy-directus.php on line 681
[09-Mar-2026 16:21:03 UTC] PHP Parse error:  Unmatched '}' in /var/www/html/wp-content/mu-plugins/vp-proxy-directus.php on line 681
[09-Mar-2026 16:21:03 UTC] PHP Parse error:  Unmatched '}' in /var/www/html/wp-content/mu-plugins/vp-proxy-directus.php on line 681
[09-Mar-2026 16:21:03 UTC] PHP Parse error:  Unmatched '}' in /var/www/html/wp-content/mu-plugins/vp-proxy-directus.php on line 681
[09-Mar-2026 16:21:03 UTC] PHP Parse error:  Unmatched '}' in /var/www/html/wp-content/mu-plugins/vp-proxy-directus.php on line 681
[09-Mar-2026 16:21:03 UTC] PHP Parse error:  Unmatched '}' in /var/www/html/wp-content/mu-plugins/vp-proxy-directus.php on line 681
[09-Mar-2026 16:21:04 UTC] PHP Parse error:  Unmatched '}' in /var/www/html/wp-content/mu-plugins/vp-proxy-directus.php on line 681
[09-Mar-2026 16:21:04 UTC] PHP Parse error:  Unmatched '}' in /var/www/html/wp-content/mu-plugins/vp-proxy-directus.php on line 681
[09-Mar-2026 16:21:04 UTC] PHP Parse error:  Unmatched '}' in /var/www/html/wp-content/mu-plugins/vp-proxy-directus.php on line 681
[09-Mar-2026 16:21:04 UTC] PHP Parse error:  Unmatched '}' in /var/www/html/wp-content/mu-plugins/vp-proxy-directus.php on line 681
[09-Mar-2026 16:21:05 UTC] PHP Parse error:  Unmatched '}' in /var/www/html/wp-content/mu-plugins/vp-proxy-directus.php on line 681
[09-Mar-2026 16:21:05 UTC] PHP Parse error:  Unmatched '}' in /var/www/html/wp-content/mu-plugins/vp-proxy-directus.php on line 681
[09-Mar-2026 16:21:06 UTC] PHP Parse error:  Unmatched '}' in /var/www/html/wp-content/mu-plugins/vp-proxy-directus.php on line 681
[09-Mar-2026 16:21:06 UTC] PHP Parse error:  Unmatched '}' in /var/www/html/wp-content/mu-plugins/vp-proxy-directus.php on line 681
[09-Mar-2026 16:21:06 UTC] PHP Parse error:  Unmatched '}' in /var/www/html/wp-content/mu-plugins/vp-proxy-directus.php on line 681
[09-Mar-2026 16:21:07 UTC] PHP Parse error:  Unmatched '}' in /var/www/html/wp-content/mu-plugins/vp-proxy-directus.php on line 681
[09-Mar-2026 16:21:07 UTC] PHP Parse error:  Unmatched '}' in /var/www/html/wp-content/mu-plugins/vp-proxy-directus.php on line 681
[09-Mar-2026 16:21:07 UTC] PHP Parse error:  Unmatched '}' in /var/www/html/wp-content/mu-plugins/vp-proxy-directus.php on line 681
[09-Mar-2026 16:21:07 UTC] PHP Parse error:  Unmatched '}' in /var/www/html/wp-content/mu-plugins/vp-proxy-directus.php on line 681
[09-Mar-2026 16:21:09 UTC] PHP Parse error:  Unmatched '}' in /var/www/html/wp-content/mu-plugins/vp-proxy-directus.php on line 681
[09-Mar-2026 16:21:10 UTC] PHP Parse error:  Unmatched '}' in /var/www/html/wp-content/mu-plugins/vp-proxy-directus.php on line 681
[09-Mar-2026 16:21:10 UTC] PHP Parse error:  Unmatched '}' in /var/www/html/wp-content/mu-plugins/vp-proxy-directus.php on line 681
[09-Mar-2026 16:21:10 UTC] PHP Parse error:  Unmatched '}' in /var/www/html/wp-content/mu-plugins/vp-proxy-directus.php on line 681
[09-Mar-2026 16:21:28 UTC] PHP Parse error:  Unmatched '}' in /var/www/html/wp-content/mu-plugins/vp-proxy-directus.php on line 681
[09-Mar-2026 16:21:28 UTC] PHP Parse error:  Unmatched '}' in /var/www/html/wp-content/mu-plugins/vp-proxy-directus.php on line 681
[09-Mar-2026 16:38:12 UTC] PHP Parse error:  Unmatched '}' in /var/www/html/wp-content/mu-plugins/vp-proxy-directus.php on line 681
[09-Mar-2026 16:38:14 UTC] PHP Parse error:  Unmatched '}' in /var/www/html/wp-content/mu-plugins/vp-proxy-directus.php on line 681
[09-Mar-2026 16:54:24 UTC] PHP Parse error:  Unmatched '}' in /var/www/html/wp-content/mu-plugins/vp-proxy-directus.php on line 681
[09-Mar-2026 16:55:27 UTC] PHP Parse error:  Unmatched '}' in /var/www/html/wp-content/mu-plugins/vp-proxy-directus.php on line 681
[09-Mar-2026 16:55:28 UTC] PHP Parse error:  Unmatched '}' in /var/www/html/wp-content/mu-plugins/vp-proxy-directus.php on line 681
[09-Mar-2026 17:13:09 UTC] PHP Parse error:  Unmatched '}' in /var/www/html/wp-content/mu-plugins/vp-proxy-directus.php on line 681
[09-Mar-2026 17:13:09 UTC] PHP Parse error:  Unmatched '}' in /var/www/html/wp-content/mu-plugins/vp-proxy-directus.php on line 681
[09-Mar-2026 17:34:58 UTC] PHP Parse error:  Unmatched '}' in /var/www/html/wp-content/mu-plugins/vp-proxy-directus.php on line 681
[09-Mar-2026 17:34:58 UTC] PHP Parse error:  Unmatched '}' in /var/www/html/wp-content/mu-plugins/vp-proxy-directus.php on line 681
[09-Mar-2026 17:53:49 UTC] PHP Parse error:  Unmatched '}' in /var/www/html/wp-content/mu-plugins/vp-proxy-directus.php on line 681
[09-Mar-2026 17:53:49 UTC] PHP Parse error:  Unmatched '}' in /var/www/html/wp-content/mu-plugins/vp-proxy-directus.php on line 681
[09-Mar-2026 18:13:52 UTC] PHP Parse error:  Unmatched '}' in /var/www/html/wp-content/mu-plugins/vp-proxy-directus.php on line 681
[09-Mar-2026 18:13:52 UTC] PHP Parse error:  Unmatched '}' in /var/www/html/wp-content/mu-plugins/vp-proxy-directus.php on line 681
[09-Mar-2026 18:30:33 UTC] PHP Parse error:  Unmatched '}' in /var/www/html/wp-content/mu-plugins/vp-proxy-directus.php on line 681
[09-Mar-2026 18:30:33 UTC] PHP Parse error:  Unmatched '}' in /var/www/html/wp-content/mu-plugins/vp-proxy-directus.php on line 681
[09-Mar-2026 18:40:43 UTC] PHP Parse error:  Unmatched '}' in /var/www/html/wp-content/mu-plugins/vp-proxy-directus.php on line 681
[09-Mar-2026 18:40:49 UTC] PHP Parse error:  Unmatched '}' in /var/www/html/wp-content/mu-plugins/vp-proxy-directus.php on line 681
[09-Mar-2026 18:45:10 UTC] PHP Parse error:  Unmatched '}' in /var/www/html/wp-content/mu-plugins/vp-proxy-directus.php on line 681
[09-Mar-2026 18:45:10 UTC] PHP Parse error:  Unmatched '}' in /var/www/html/wp-content/mu-plugins/vp-proxy-directus.php on line 681
[09-Mar-2026 19:02:55 UTC] PHP Parse error:  Unmatched '}' in /var/www/html/wp-content/mu-plugins/vp-proxy-directus.php on line 681
[09-Mar-2026 19:02:56 UTC] PHP Parse error:  Unmatched '}' in /var/www/html/wp-content/mu-plugins/vp-proxy-directus.php on line 681
[09-Mar-2026 19:10:22 UTC] PHP Parse error:  Unmatched '}' in /var/www/html/wp-content/mu-plugins/vp-proxy-directus.php on line 681
[09-Mar-2026 19:10:22 UTC] PHP Parse error:  Unmatched '}' in /var/www/html/wp-content/mu-plugins/vp-proxy-directus.php on line 681
[09-Mar-2026 19:10:22 UTC] PHP Parse error:  Unmatched '}' in /var/www/html/wp-content/mu-plugins/vp-proxy-directus.php on line 681
[09-Mar-2026 19:10:22 UTC] PHP Parse error:  Unmatched '}' in /var/www/html/wp-content/mu-plugins/vp-proxy-directus.php on line 681
[09-Mar-2026 19:10:23 UTC] PHP Parse error:  Unmatched '}' in /var/www/html/wp-content/mu-plugins/vp-proxy-directus.php on line 681
[09-Mar-2026 19:10:23 UTC] PHP Parse error:  Unmatched '}' in /var/www/html/wp-content/mu-plugins/vp-proxy-directus.php on line 681
[09-Mar-2026 19:10:23 UTC] PHP Parse error:  Unmatched '}' in /var/www/html/wp-content/mu-plugins/vp-proxy-directus.php on line 681
[09-Mar-2026 19:10:23 UTC] PHP Parse error:  Unmatched '}' in /var/www/html/wp-content/mu-plugins/vp-proxy-directus.php on line 681
[09-Mar-2026 19:10:23 UTC] PHP Parse error:  Unmatched '}' in /var/www/html/wp-content/mu-plugins/vp-proxy-directus.php on line 681
[09-Mar-2026 19:10:24 UTC] PHP Parse error:  Unmatched '}' in /var/www/html/wp-content/mu-plugins/vp-proxy-directus.php on line 681
[09-Mar-2026 19:10:24 UTC] PHP Parse error:  Unmatched '}' in /var/www/html/wp-content/mu-plugins/vp-proxy-directus.php on line 681
[09-Mar-2026 19:10:24 UTC] PHP Parse error:  Unmatched '}' in /var/www/html/wp-content/mu-plugins/vp-proxy-directus.php on line 681
[09-Mar-2026 19:10:24 UTC] PHP Parse error:  Unmatched '}' in /var/www/html/wp-content/mu-plugins/vp-proxy-directus.php on line 681
[09-Mar-2026 19:10:24 UTC] PHP Parse error:  Unmatched '}' in /var/www/html/wp-content/mu-plugins/vp-proxy-directus.php on line 681
[09-Mar-2026 19:10:25 UTC] PHP Parse error:  Unmatched '}' in /var/www/html/wp-content/mu-plugins/vp-proxy-directus.php on line 681
[09-Mar-2026 19:10:25 UTC] PHP Parse error:  Unmatched '}' in /var/www/html/wp-content/mu-plugins/vp-proxy-directus.php on line 681
[09-Mar-2026 19:10:25 UTC] PHP Parse error:  Unmatched '}' in /var/www/html/wp-content/mu-plugins/vp-proxy-directus.php on line 681
[09-Mar-2026 19:10:25 UTC] PHP Parse error:  Unmatched '}' in /var/www/html/wp-content/mu-plugins/vp-proxy-directus.php on line 681
[09-Mar-2026 19:10:26 UTC] PHP Parse error:  Unmatched '}' in /var/www/html/wp-content/mu-plugins/vp-proxy-directus.php on line 681
[09-Mar-2026 19:10:26 UTC] PHP Parse error:  Unmatched '}' in /var/www/html/wp-content/mu-plugins/vp-proxy-directus.php on line 681
[09-Mar-2026 19:10:26 UTC] PHP Parse error:  Unmatched '}' in /var/www/html/wp-content/mu-plugins/vp-proxy-directus.php on line 681
[09-Mar-2026 19:10:26 UTC] PHP Parse error:  Unmatched '}' in /var/www/html/wp-content/mu-plugins/vp-proxy-directus.php on line 681
[09-Mar-2026 19:10:26 UTC] PHP Parse error:  Unmatched '}' in /var/www/html/wp-content/mu-plugins/vp-proxy-directus.php on line 681
[09-Mar-2026 19:10:27 UTC] PHP Parse error:  Unmatched '}' in /var/www/html/wp-content/mu-plugins/vp-proxy-directus.php on line 681
[09-Mar-2026 19:10:27 UTC] PHP Parse error:  Unmatched '}' in /var/www/html/wp-content/mu-plugins/vp-proxy-directus.php on line 681
[09-Mar-2026 19:10:27 UTC] PHP Parse error:  Unmatched '}' in /var/www/html/wp-content/mu-plugins/vp-proxy-directus.php on line 681
[09-Mar-2026 19:10:28 UTC] PHP Parse error:  Unmatched '}' in /var/www/html/wp-content/mu-plugins/vp-proxy-directus.php on line 681
[09-Mar-2026 19:10:28 UTC] PHP Parse error:  Unmatched '}' in /var/www/html/wp-content/mu-plugins/vp-proxy-directus.php on line 681
[09-Mar-2026 19:10:29 UTC] PHP Parse error:  Unmatched '}' in /var/www/html/wp-content/mu-plugins/vp-proxy-directus.php on line 681
[09-Mar-2026 19:10:29 UTC] PHP Parse error:  Unmatched '}' in /var/www/html/wp-content/mu-plugins/vp-proxy-directus.php on line 681
[09-Mar-2026 19:18:50 UTC] PHP Parse error:  Unmatched '}' in /var/www/html/wp-content/mu-plugins/vp-proxy-directus.php on line 681
[09-Mar-2026 19:18:50 UTC] PHP Parse error:  Unmatched '}' in /var/www/html/wp-content/mu-plugins/vp-proxy-directus.php on line 681
[09-Mar-2026 19:34:20 UTC] PHP Parse error:  Unmatched '}' in /var/www/html/wp-content/mu-plugins/vp-proxy-directus.php on line 681
[09-Mar-2026 19:34:24 UTC] PHP Parse error:  Unmatched '}' in /var/www/html/wp-content/mu-plugins/vp-proxy-directus.php on line 681
[09-Mar-2026 19:50:53 UTC] PHP Parse error:  Unmatched '}' in /var/www/html/wp-content/mu-plugins/vp-proxy-directus.php on line 681
[09-Mar-2026 19:50:53 UTC] PHP Parse error:  Unmatched '}' in /var/www/html/wp-content/mu-plugins/vp-proxy-directus.php on line 681
[09-Mar-2026 20:08:52 UTC] PHP Parse error:  Unmatched '}' in /var/www/html/wp-content/mu-plugins/vp-proxy-directus.php on line 681
[09-Mar-2026 20:08:53 UTC] PHP Parse error:  Unmatched '}' in /var/www/html/wp-content/mu-plugins/vp-proxy-directus.php on line 681
[09-Mar-2026 20:14:06 UTC] PHP Parse error:  Unmatched '}' in /var/www/html/wp-content/mu-plugins/vp-proxy-directus.php on line 681
[09-Mar-2026 20:14:07 UTC] PHP Parse error:  Unmatched '}' in /var/www/html/wp-content/mu-plugins/vp-proxy-directus.php on line 681
[09-Mar-2026 20:14:08 UTC] PHP Parse error:  Unmatched '}' in /var/www/html/wp-content/mu-plugins/vp-proxy-directus.php on line 681
[09-Mar-2026 20:14:11 UTC] PHP Parse error:  Unmatched '}' in /var/www/html/wp-content/mu-plugins/vp-proxy-directus.php on line 681
[09-Mar-2026 20:14:12 UTC] PHP Parse error:  Unmatched '}' in /var/www/html/wp-content/mu-plugins/vp-proxy-directus.php on line 681
[09-Mar-2026 20:14:13 UTC] PHP Parse error:  Unmatched '}' in /var/www/html/wp-content/mu-plugins/vp-proxy-directus.php on line 681
[09-Mar-2026 20:14:16 UTC] PHP Parse error:  Unmatched '}' in /var/www/html/wp-content/mu-plugins/vp-proxy-directus.php on line 681
[09-Mar-2026 20:14:19 UTC] PHP Parse error:  Unmatched '}' in /var/www/html/wp-content/mu-plugins/vp-proxy-directus.php on line 681
[09-Mar-2026 20:14:20 UTC] PHP Parse error:  Unmatched '}' in /var/www/html/wp-content/mu-plugins/vp-proxy-directus.php on line 681
[09-Mar-2026 20:14:21 UTC] PHP Parse error:  Unmatched '}' in /var/www/html/wp-content/mu-plugins/vp-proxy-directus.php on line 681
[09-Mar-2026 20:14:23 UTC] PHP Parse error:  Unmatched '}' in /var/www/html/wp-content/mu-plugins/vp-proxy-directus.php on line 681
[09-Mar-2026 20:14:24 UTC] PHP Parse error:  Unmatched '}' in /var/www/html/wp-content/mu-plugins/vp-proxy-directus.php on line 681
[09-Mar-2026 20:14:25 UTC] PHP Parse error:  Unmatched '}' in /var/www/html/wp-content/mu-plugins/vp-proxy-directus.php on line 681
[09-Mar-2026 20:14:26 UTC] PHP Parse error:  Unmatched '}' in /var/www/html/wp-content/mu-plugins/vp-proxy-directus.php on line 681
[09-Mar-2026 20:14:27 UTC] PHP Parse error:  Unmatched '}' in /var/www/html/wp-content/mu-plugins/vp-proxy-directus.php on line 681
[09-Mar-2026 20:14:29 UTC] PHP Parse error:  Unmatched '}' in /var/www/html/wp-content/mu-plugins/vp-proxy-directus.php on line 681
[09-Mar-2026 20:14:30 UTC] PHP Parse error:  Unmatched '}' in /var/www/html/wp-content/mu-plugins/vp-proxy-directus.php on line 681
[09-Mar-2026 20:14:31 UTC] PHP Parse error:  Unmatched '}' in /var/www/html/wp-content/mu-plugins/vp-proxy-directus.php on line 681
[09-Mar-2026 20:14:32 UTC] PHP Parse error:  Unmatched '}' in /var/www/html/wp-content/mu-plugins/vp-proxy-directus.php on line 681
[09-Mar-2026 20:14:33 UTC] PHP Parse error:  Unmatched '}' in /var/www/html/wp-content/mu-plugins/vp-proxy-directus.php on line 681
[09-Mar-2026 20:14:34 UTC] PHP Parse error:  Unmatched '}' in /var/www/html/wp-content/mu-plugins/vp-proxy-directus.php on line 681
[09-Mar-2026 20:14:35 UTC] PHP Parse error:  Unmatched '}' in /var/www/html/wp-content/mu-plugins/vp-proxy-directus.php on line 681
[09-Mar-2026 20:14:36 UTC] PHP Parse error:  Unmatched '}' in /var/www/html/wp-content/mu-plugins/vp-proxy-directus.php on line 681
[09-Mar-2026 20:14:37 UTC] PHP Parse error:  Unmatched '}' in /var/www/html/wp-content/mu-plugins/vp-proxy-directus.php on line 681
[09-Mar-2026 20:14:39 UTC] PHP Parse error:  Unmatched '}' in /var/www/html/wp-content/mu-plugins/vp-proxy-directus.php on line 681
[09-Mar-2026 20:14:40 UTC] PHP Parse error:  Unmatched '}' in /var/www/html/wp-content/mu-plugins/vp-proxy-directus.php on line 681
[09-Mar-2026 20:14:41 UTC] PHP Parse error:  Unmatched '}' in /var/www/html/wp-content/mu-plugins/vp-proxy-directus.php on line 681
[09-Mar-2026 20:14:42 UTC] PHP Parse error:  Unmatched '}' in /var/www/html/wp-content/mu-plugins/vp-proxy-directus.php on line 681
[09-Mar-2026 20:14:43 UTC] PHP Parse error:  Unmatched '}' in /var/www/html/wp-content/mu-plugins/vp-proxy-directus.php on line 681
[09-Mar-2026 20:14:44 UTC] PHP Parse error:  Unmatched '}' in /var/www/html/wp-content/mu-plugins/vp-proxy-directus.php on line 681
[09-Mar-2026 20:22:37 UTC] PHP Parse error:  Unmatched '}' in /var/www/html/wp-content/mu-plugins/vp-proxy-directus.php on line 681
[09-Mar-2026 20:22:38 UTC] PHP Parse error:  Unmatched '}' in /var/www/html/wp-content/mu-plugins/vp-proxy-directus.php on line 681
[09-Mar-2026 20:22:38 UTC] PHP Parse error:  Unmatched '}' in /var/www/html/wp-content/mu-plugins/vp-proxy-directus.php on line 681
[09-Mar-2026 20:22:38 UTC] PHP Parse error:  Unmatched '}' in /var/www/html/wp-content/mu-plugins/vp-proxy-directus.php on line 681
[09-Mar-2026 20:22:39 UTC] PHP Parse error:  Unmatched '}' in /var/www/html/wp-content/mu-plugins/vp-proxy-directus.php on line 681
[09-Mar-2026 20:22:39 UTC] PHP Parse error:  Unmatched '}' in /var/www/html/wp-content/mu-plugins/vp-proxy-directus.php on line 681
[09-Mar-2026 20:22:39 UTC] PHP Parse error:  Unmatched '}' in /var/www/html/wp-content/mu-plugins/vp-proxy-directus.php on line 681
[09-Mar-2026 20:22:40 UTC] PHP Parse error:  Unmatched '}' in /var/www/html/wp-content/mu-plugins/vp-proxy-directus.php on line 681
[09-Mar-2026 20:22:40 UTC] PHP Parse error:  Unmatched '}' in /var/www/html/wp-content/mu-plugins/vp-proxy-directus.php on line 681
[09-Mar-2026 20:22:40 UTC] PHP Parse error:  Unmatched '}' in /var/www/html/wp-content/mu-plugins/vp-proxy-directus.php on line 681
[09-Mar-2026 20:22:41 UTC] PHP Parse error:  Unmatched '}' in /var/www/html/wp-content/mu-plugins/vp-proxy-directus.php on line 681
[09-Mar-2026 20:22:41 UTC] PHP Parse error:  Unmatched '}' in /var/www/html/wp-content/mu-plugins/vp-proxy-directus.php on line 681
[09-Mar-2026 20:22:41 UTC] PHP Parse error:  Unmatched '}' in /var/www/html/wp-content/mu-plugins/vp-proxy-directus.php on line 681
[09-Mar-2026 20:22:42 UTC] PHP Parse error:  Unmatched '}' in /var/www/html/wp-content/mu-plugins/vp-proxy-directus.php on line 681
[09-Mar-2026 20:22:42 UTC] PHP Parse error:  Unmatched '}' in /var/www/html/wp-content/mu-plugins/vp-proxy-directus.php on line 681
[09-Mar-2026 20:22:42 UTC] PHP Parse error:  Unmatched '}' in /var/www/html/wp-content/mu-plugins/vp-proxy-directus.php on line 681
[09-Mar-2026 20:22:43 UTC] PHP Parse error:  Unmatched '}' in /var/www/html/wp-content/mu-plugins/vp-proxy-directus.php on line 681
[09-Mar-2026 20:22:43 UTC] PHP Parse error:  Unmatched '}' in /var/www/html/wp-content/mu-plugins/vp-proxy-directus.php on line 681
[09-Mar-2026 20:22:44 UTC] PHP Parse error:  Unmatched '}' in /var/www/html/wp-content/mu-plugins/vp-proxy-directus.php on line 681
[09-Mar-2026 20:22:44 UTC] PHP Parse error:  Unmatched '}' in /var/www/html/wp-content/mu-plugins/vp-proxy-directus.php on line 681
[09-Mar-2026 20:22:45 UTC] PHP Parse error:  Unmatched '}' in /var/www/html/wp-content/mu-plugins/vp-proxy-directus.php on line 681
[09-Mar-2026 20:22:45 UTC] PHP Parse error:  Unmatched '}' in /var/www/html/wp-content/mu-plugins/vp-proxy-directus.php on line 681
[09-Mar-2026 20:22:45 UTC] PHP Parse error:  Unmatched '}' in /var/www/html/wp-content/mu-plugins/vp-proxy-directus.php on line 681
[09-Mar-2026 20:22:45 UTC] PHP Parse error:  Unmatched '}' in /var/www/html/wp-content/mu-plugins/vp-proxy-directus.php on line 681
[09-Mar-2026 20:22:46 UTC] PHP Parse error:  Unmatched '}' in /var/www/html/wp-content/mu-plugins/vp-proxy-directus.php on line 681
[09-Mar-2026 20:22:46 UTC] PHP Parse error:  Unmatched '}' in /var/www/html/wp-content/mu-plugins/vp-proxy-directus.php on line 681
[09-Mar-2026 20:22:46 UTC] PHP Parse error:  Unmatched '}' in /var/www/html/wp-content/mu-plugins/vp-proxy-directus.php on line 681
[09-Mar-2026 20:22:47 UTC] PHP Parse error:  Unmatched '}' in /var/www/html/wp-content/mu-plugins/vp-proxy-directus.php on line 681
[09-Mar-2026 20:22:47 UTC] PHP Parse error:  Unmatched '}' in /var/www/html/wp-content/mu-plugins/vp-proxy-directus.php on line 681
[09-Mar-2026 20:22:47 UTC] PHP Parse error:  Unmatched '}' in /var/www/html/wp-content/mu-plugins/vp-proxy-directus.php on line 681
[09-Mar-2026 20:22:48 UTC] PHP Parse error:  Unmatched '}' in /var/www/html/wp-content/mu-plugins/vp-proxy-directus.php on line 681
[09-Mar-2026 20:22:48 UTC] PHP Parse error:  Unmatched '}' in /var/www/html/wp-content/mu-plugins/vp-proxy-directus.php on line 681
[09-Mar-2026 20:22:48 UTC] PHP Parse error:  Unmatched '}' in /var/www/html/wp-content/mu-plugins/vp-proxy-directus.php on line 681
[09-Mar-2026 20:22:48 UTC] PHP Parse error:  Unmatched '}' in /var/www/html/wp-content/mu-plugins/vp-proxy-directus.php on line 681
[09-Mar-2026 20:22:49 UTC] PHP Parse error:  Unmatched '}' in /var/www/html/wp-content/mu-plugins/vp-proxy-directus.php on line 681
[09-Mar-2026 20:22:49 UTC] PHP Parse error:  Unmatched '}' in /var/www/html/wp-content/mu-plugins/vp-proxy-directus.php on line 681
[09-Mar-2026 20:22:49 UTC] PHP Parse error:  Unmatched '}' in /var/www/html/wp-content/mu-plugins/vp-proxy-directus.php on line 681
[09-Mar-2026 20:22:50 UTC] PHP Parse error:  Unmatched '}' in /var/www/html/wp-content/mu-plugins/vp-proxy-directus.php on line 681
[09-Mar-2026 20:22:50 UTC] PHP Parse error:  Unmatched '}' in /var/www/html/wp-content/mu-plugins/vp-proxy-directus.php on line 681
[09-Mar-2026 20:22:50 UTC] PHP Parse error:  Unmatched '}' in /var/www/html/wp-content/mu-plugins/vp-proxy-directus.php on line 681
[09-Mar-2026 20:22:51 UTC] PHP Parse error:  Unmatched '}' in /var/www/html/wp-content/mu-plugins/vp-proxy-directus.php on line 681
[09-Mar-2026 20:44:15 UTC] PHP Parse error:  Unmatched '}' in /var/www/html/wp-content/mu-plugins/vp-proxy-directus.php on line 681
[09-Mar-2026 20:44:15 UTC] PHP Parse error:  Unmatched '}' in /var/www/html/wp-content/mu-plugins/vp-proxy-directus.php on line 681
[09-Mar-2026 20:50:51 UTC] PHP Parse error:  Unmatched '}' in /var/www/html/wp-content/mu-plugins/vp-proxy-directus.php on line 681
[09-Mar-2026 20:50:51 UTC] PHP Parse error:  Unmatched '}' in /var/www/html/wp-content/mu-plugins/vp-proxy-directus.php on line 681
[09-Mar-2026 21:02:09 UTC] PHP Parse error:  Unmatched '}' in /var/www/html/wp-content/mu-plugins/vp-proxy-directus.php on line 681
[09-Mar-2026 21:02:09 UTC] PHP Parse error:  Unmatched '}' in /var/www/html/wp-content/mu-plugins/vp-proxy-directus.php on line 681
[09-Mar-2026 21:05:46 UTC] PHP Parse error:  Unmatched '}' in /var/www/html/wp-content/mu-plugins/vp-proxy-directus.php on line 681
[09-Mar-2026 21:05:46 UTC] PHP Parse error:  Unmatched '}' in /var/www/html/wp-content/mu-plugins/vp-proxy-directus.php on line 681
[09-Mar-2026 21:19:47 UTC] PHP Parse error:  Unmatched '}' in /var/www/html/wp-content/mu-plugins/vp-proxy-directus.php on line 681
[09-Mar-2026 21:19:49 UTC] PHP Parse error:  Unmatched '}' in /var/www/html/wp-content/mu-plugins/vp-proxy-directus.php on line 681
[09-Mar-2026 21:21:09 UTC] PHP Parse error:  Unmatched '}' in /var/www/html/wp-content/mu-plugins/vp-proxy-directus.php on line 681
[09-Mar-2026 21:21:09 UTC] PHP Parse error:  Unmatched '}' in /var/www/html/wp-content/mu-plugins/vp-proxy-directus.php on line 681
[09-Mar-2026 21:38:37 UTC] PHP Parse error:  Unmatched '}' in /var/www/html/wp-content/mu-plugins/vp-proxy-directus.php on line 681
[09-Mar-2026 21:38:40 UTC] PHP Parse error:  Unmatched '}' in /var/www/html/wp-content/mu-plugins/vp-proxy-directus.php on line 681
[09-Mar-2026 22:15:59 UTC] PHP Parse error:  Unmatched '}' in /var/www/html/wp-content/mu-plugins/vp-proxy-directus.php on line 681
[09-Mar-2026 22:16:04 UTC] PHP Parse error:  Unmatched '}' in /var/www/html/wp-content/mu-plugins/vp-proxy-directus.php on line 681
[09-Mar-2026 22:34:50 UTC] PHP Parse error:  Unmatched '}' in /var/www/html/wp-content/mu-plugins/vp-proxy-directus.php on line 681
[09-Mar-2026 22:34:50 UTC] PHP Parse error:  Unmatched '}' in /var/www/html/wp-content/mu-plugins/vp-proxy-directus.php on line 681
[09-Mar-2026 23:29:14 UTC] PHP Parse error:  Unmatched '}' in /var/www/html/wp-content/mu-plugins/vp-proxy-directus.php on line 681
[09-Mar-2026 23:29:14 UTC] PHP Parse error:  Unmatched '}' in /var/www/html/wp-content/mu-plugins/vp-proxy-directus.php on line 681
[09-Mar-2026 23:29:15 UTC] PHP Parse error:  Unmatched '}' in /var/www/html/wp-content/mu-plugins/vp-proxy-directus.php on line 681
[09-Mar-2026 23:29:15 UTC] PHP Parse error:  Unmatched '}' in /var/www/html/wp-content/mu-plugins/vp-proxy-directus.php on line 681
[09-Mar-2026 23:29:15 UTC] PHP Parse error:  Unmatched '}' in /var/www/html/wp-content/mu-plugins/vp-proxy-directus.php on line 681
[09-Mar-2026 23:29:16 UTC] PHP Parse error:  Unmatched '}' in /var/www/html/wp-content/mu-plugins/vp-proxy-directus.php on line 681
[09-Mar-2026 23:29:16 UTC] PHP Parse error:  Unmatched '}' in /var/www/html/wp-content/mu-plugins/vp-proxy-directus.php on line 681
[09-Mar-2026 23:29:16 UTC] PHP Parse error:  Unmatched '}' in /var/www/html/wp-content/mu-plugins/vp-proxy-directus.php on line 681
[09-Mar-2026 23:29:17 UTC] PHP Parse error:  Unmatched '}' in /var/www/html/wp-content/mu-plugins/vp-proxy-directus.php on line 681
[09-Mar-2026 23:29:17 UTC] PHP Parse error:  Unmatched '}' in /var/www/html/wp-content/mu-plugins/vp-proxy-directus.php on line 681
[09-Mar-2026 23:29:17 UTC] PHP Parse error:  Unmatched '}' in /var/www/html/wp-content/mu-plugins/vp-proxy-directus.php on line 681
[09-Mar-2026 23:29:18 UTC] PHP Parse error:  Unmatched '}' in /var/www/html/wp-content/mu-plugins/vp-proxy-directus.php on line 681
[09-Mar-2026 23:29:18 UTC] PHP Parse error:  Unmatched '}' in /var/www/html/wp-content/mu-plugins/vp-proxy-directus.php on line 681
[09-Mar-2026 23:29:19 UTC] PHP Parse error:  Unmatched '}' in /var/www/html/wp-content/mu-plugins/vp-proxy-directus.php on line 681
[09-Mar-2026 23:29:19 UTC] PHP Parse error:  Unmatched '}' in /var/www/html/wp-content/mu-plugins/vp-proxy-directus.php on line 681
[09-Mar-2026 23:29:19 UTC] PHP Parse error:  Unmatched '}' in /var/www/html/wp-content/mu-plugins/vp-proxy-directus.php on line 681
[09-Mar-2026 23:29:20 UTC] PHP Parse error:  Unmatched '}' in /var/www/html/wp-content/mu-plugins/vp-proxy-directus.php on line 681
[09-Mar-2026 23:29:20 UTC] PHP Parse error:  Unmatched '}' in /var/www/html/wp-content/mu-plugins/vp-proxy-directus.php on line 681
[09-Mar-2026 23:29:20 UTC] PHP Parse error:  Unmatched '}' in /var/www/html/wp-content/mu-plugins/vp-proxy-directus.php on line 681
[09-Mar-2026 23:29:21 UTC] PHP Parse error:  Unmatched '}' in /var/www/html/wp-content/mu-plugins/vp-proxy-directus.php on line 681
[09-Mar-2026 23:29:21 UTC] PHP Parse error:  Unmatched '}' in /var/www/html/wp-content/mu-plugins/vp-proxy-directus.php on line 681
[09-Mar-2026 23:29:21 UTC] PHP Parse error:  Unmatched '}' in /var/www/html/wp-content/mu-plugins/vp-proxy-directus.php on line 681
[09-Mar-2026 23:29:22 UTC] PHP Parse error:  Unmatched '}' in /var/www/html/wp-content/mu-plugins/vp-proxy-directus.php on line 681
[09-Mar-2026 23:29:22 UTC] PHP Parse error:  Unmatched '}' in /var/www/html/wp-content/mu-plugins/vp-proxy-directus.php on line 681
[09-Mar-2026 23:29:22 UTC] PHP Parse error:  Unmatched '}' in /var/www/html/wp-content/mu-plugins/vp-proxy-directus.php on line 681
[09-Mar-2026 23:29:23 UTC] PHP Parse error:  Unmatched '}' in /var/www/html/wp-content/mu-plugins/vp-proxy-directus.php on line 681
[09-Mar-2026 23:29:24 UTC] PHP Parse error:  Unmatched '}' in /var/www/html/wp-content/mu-plugins/vp-proxy-directus.php on line 681
[09-Mar-2026 23:29:24 UTC] PHP Parse error:  Unmatched '}' in /var/www/html/wp-content/mu-plugins/vp-proxy-directus.php on line 681
[09-Mar-2026 23:29:25 UTC] PHP Parse error:  Unmatched '}' in /var/www/html/wp-content/mu-plugins/vp-proxy-directus.php on line 681
[09-Mar-2026 23:29:25 UTC] PHP Parse error:  Unmatched '}' in /var/www/html/wp-content/mu-plugins/vp-proxy-directus.php on line 681
[09-Mar-2026 23:29:25 UTC] PHP Parse error:  Unmatched '}' in /var/www/html/wp-content/mu-plugins/vp-proxy-directus.php on line 681
[09-Mar-2026 23:29:26 UTC] PHP Parse error:  Unmatched '}' in /var/www/html/wp-content/mu-plugins/vp-proxy-directus.php on line 681
[09-Mar-2026 23:29:26 UTC] PHP Parse error:  Unmatched '}' in /var/www/html/wp-content/mu-plugins/vp-proxy-directus.php on line 681
[09-Mar-2026 23:29:26 UTC] PHP Parse error:  Unmatched '}' in /var/www/html/wp-content/mu-plugins/vp-proxy-directus.php on line 681
[09-Mar-2026 23:29:27 UTC] PHP Parse error:  Unmatched '}' in /var/www/html/wp-content/mu-plugins/vp-proxy-directus.php on line 681
[09-Mar-2026 23:29:27 UTC] PHP Parse error:  Unmatched '}' in /var/www/html/wp-content/mu-plugins/vp-proxy-directus.php on line 681
[09-Mar-2026 23:29:27 UTC] PHP Parse error:  Unmatched '}' in /var/www/html/wp-content/mu-plugins/vp-proxy-directus.php on line 681
[09-Mar-2026 23:29:27 UTC] PHP Parse error:  Unmatched '}' in /var/www/html/wp-content/mu-plugins/vp-proxy-directus.php on line 681
[09-Mar-2026 23:29:28 UTC] PHP Parse error:  Unmatched '}' in /var/www/html/wp-content/mu-plugins/vp-proxy-directus.php on line 681
[09-Mar-2026 23:29:28 UTC] PHP Parse error:  Unmatched '}' in /var/www/html/wp-content/mu-plugins/vp-proxy-directus.php on line 681
[09-Mar-2026 23:29:28 UTC] PHP Parse error:  Unmatched '}' in /var/www/html/wp-content/mu-plugins/vp-proxy-directus.php on line 681
[09-Mar-2026 23:29:29 UTC] PHP Parse error:  Unmatched '}' in /var/www/html/wp-content/mu-plugins/vp-proxy-directus.php on line 681
[09-Mar-2026 23:29:29 UTC] PHP Parse error:  Unmatched '}' in /var/www/html/wp-content/mu-plugins/vp-proxy-directus.php on line 681
[09-Mar-2026 23:29:29 UTC] PHP Parse error:  Unmatched '}' in /var/www/html/wp-content/mu-plugins/vp-proxy-directus.php on line 681
[09-Mar-2026 23:29:30 UTC] PHP Parse error:  Unmatched '}' in /var/www/html/wp-content/mu-plugins/vp-proxy-directus.php on line 681
[09-Mar-2026 23:29:31 UTC] PHP Parse error:  Unmatched '}' in /var/www/html/wp-content/mu-plugins/vp-proxy-directus.php on line 681
[09-Mar-2026 23:29:31 UTC] PHP Parse error:  Unmatched '}' in /var/www/html/wp-content/mu-plugins/vp-proxy-directus.php on line 681
[09-Mar-2026 23:29:32 UTC] PHP Parse error:  Unmatched '}' in /var/www/html/wp-content/mu-plugins/vp-proxy-directus.php on line 681
[09-Mar-2026 23:29:32 UTC] PHP Parse error:  Unmatched '}' in /var/www/html/wp-content/mu-plugins/vp-proxy-directus.php on line 681
[09-Mar-2026 23:29:32 UTC] PHP Parse error:  Unmatched '}' in /var/www/html/wp-content/mu-plugins/vp-proxy-directus.php on line 681
[09-Mar-2026 23:29:33 UTC] PHP Parse error:  Unmatched '}' in /var/www/html/wp-content/mu-plugins/vp-proxy-directus.php on line 681
[09-Mar-2026 23:29:33 UTC] PHP Parse error:  Unmatched '}' in /var/www/html/wp-content/mu-plugins/vp-proxy-directus.php on line 681
[09-Mar-2026 23:29:34 UTC] PHP Parse error:  Unmatched '}' in /var/www/html/wp-content/mu-plugins/vp-proxy-directus.php on line 681
[09-Mar-2026 23:29:34 UTC] PHP Parse error:  Unmatched '}' in /var/www/html/wp-content/mu-plugins/vp-proxy-directus.php on line 681
[09-Mar-2026 23:29:34 UTC] PHP Parse error:  Unmatched '}' in /var/www/html/wp-content/mu-plugins/vp-proxy-directus.php on line 681
[09-Mar-2026 23:29:35 UTC] PHP Parse error:  Unmatched '}' in /var/www/html/wp-content/mu-plugins/vp-proxy-directus.php on line 681
[09-Mar-2026 23:29:35 UTC] PHP Parse error:  Unmatched '}' in /var/www/html/wp-content/mu-plugins/vp-proxy-directus.php on line 681
[09-Mar-2026 23:29:36 UTC] PHP Parse error:  Unmatched '}' in /var/www/html/wp-content/mu-plugins/vp-proxy-directus.php on line 681
[09-Mar-2026 23:29:36 UTC] PHP Parse error:  Unmatched '}' in /var/www/html/wp-content/mu-plugins/vp-proxy-directus.php on line 681
[09-Mar-2026 23:29:37 UTC] PHP Parse error:  Unmatched '}' in /var/www/html/wp-content/mu-plugins/vp-proxy-directus.php on line 681
[09-Mar-2026 23:29:37 UTC] PHP Parse error:  Unmatched '}' in /var/www/html/wp-content/mu-plugins/vp-proxy-directus.php on line 681
[09-Mar-2026 23:29:38 UTC] PHP Parse error:  Unmatched '}' in /var/www/html/wp-content/mu-plugins/vp-proxy-directus.php on line 681
[09-Mar-2026 23:29:38 UTC] PHP Parse error:  Unmatched '}' in /var/www/html/wp-content/mu-plugins/vp-proxy-directus.php on line 681
[09-Mar-2026 23:29:38 UTC] PHP Parse error:  Unmatched '}' in /var/www/html/wp-content/mu-plugins/vp-proxy-directus.php on line 681
[09-Mar-2026 23:29:39 UTC] PHP Parse error:  Unmatched '}' in /var/www/html/wp-content/mu-plugins/vp-proxy-directus.php on line 681
[09-Mar-2026 23:29:39 UTC] PHP Parse error:  Unmatched '}' in /var/www/html/wp-content/mu-plugins/vp-proxy-directus.php on line 681
[09-Mar-2026 23:29:39 UTC] PHP Parse error:  Unmatched '}' in /var/www/html/wp-content/mu-plugins/vp-proxy-directus.php on line 681
[09-Mar-2026 23:29:40 UTC] PHP Parse error:  Unmatched '}' in /var/www/html/wp-content/mu-plugins/vp-proxy-directus.php on line 681
[09-Mar-2026 23:29:40 UTC] PHP Parse error:  Unmatched '}' in /var/www/html/wp-content/mu-plugins/vp-proxy-directus.php on line 681
[09-Mar-2026 23:29:41 UTC] PHP Parse error:  Unmatched '}' in /var/www/html/wp-content/mu-plugins/vp-proxy-directus.php on line 681
[09-Mar-2026 23:29:42 UTC] PHP Parse error:  Unmatched '}' in /var/www/html/wp-content/mu-plugins/vp-proxy-directus.php on line 681
[09-Mar-2026 23:29:42 UTC] PHP Parse error:  Unmatched '}' in /var/www/html/wp-content/mu-plugins/vp-proxy-directus.php on line 681
[09-Mar-2026 23:29:42 UTC] PHP Parse error:  Unmatched '}' in /var/www/html/wp-content/mu-plugins/vp-proxy-directus.php on line 681
[09-Mar-2026 23:29:43 UTC] PHP Parse error:  Unmatched '}' in /var/www/html/wp-content/mu-plugins/vp-proxy-directus.php on line 681
[09-Mar-2026 23:29:43 UTC] PHP Parse error:  Unmatched '}' in /var/www/html/wp-content/mu-plugins/vp-proxy-directus.php on line 681
[09-Mar-2026 23:29:43 UTC] PHP Parse error:  Unmatched '}' in /var/www/html/wp-content/mu-plugins/vp-proxy-directus.php on line 681
[09-Mar-2026 23:29:44 UTC] PHP Parse error:  Unmatched '}' in /var/www/html/wp-content/mu-plugins/vp-proxy-directus.php on line 681
[09-Mar-2026 23:29:44 UTC] PHP Parse error:  Unmatched '}' in /var/www/html/wp-content/mu-plugins/vp-proxy-directus.php on line 681
[09-Mar-2026 23:29:44 UTC] PHP Parse error:  Unmatched '}' in /var/www/html/wp-content/mu-plugins/vp-proxy-directus.php on line 681
[09-Mar-2026 23:29:45 UTC] PHP Parse error:  Unmatched '}' in /var/www/html/wp-content/mu-plugins/vp-proxy-directus.php on line 681
[09-Mar-2026 23:29:45 UTC] PHP Parse error:  Unmatched '}' in /var/www/html/wp-content/mu-plugins/vp-proxy-directus.php on line 681
[09-Mar-2026 23:29:45 UTC] PHP Parse error:  Unmatched '}' in /var/www/html/wp-content/mu-plugins/vp-proxy-directus.php on line 681
[09-Mar-2026 23:29:46 UTC] PHP Parse error:  Unmatched '}' in /var/www/html/wp-content/mu-plugins/vp-proxy-directus.php on line 681
[09-Mar-2026 23:29:46 UTC] PHP Parse error:  Unmatched '}' in /var/www/html/wp-content/mu-plugins/vp-proxy-directus.php on line 681
[09-Mar-2026 23:29:46 UTC] PHP Parse error:  Unmatched '}' in /var/www/html/wp-content/mu-plugins/vp-proxy-directus.php on line 681
[09-Mar-2026 23:29:47 UTC] PHP Parse error:  Unmatched '}' in /var/www/html/wp-content/mu-plugins/vp-proxy-directus.php on line 681
[09-Mar-2026 23:29:47 UTC] PHP Parse error:  Unmatched '}' in /var/www/html/wp-content/mu-plugins/vp-proxy-directus.php on line 681
[09-Mar-2026 23:29:47 UTC] PHP Parse error:  Unmatched '}' in /var/www/html/wp-content/mu-plugins/vp-proxy-directus.php on line 681
[09-Mar-2026 23:29:47 UTC] PHP Parse error:  Unmatched '}' in /var/www/html/wp-content/mu-plugins/vp-proxy-directus.php on line 681
[09-Mar-2026 23:29:48 UTC] PHP Parse error:  Unmatched '}' in /var/www/html/wp-content/mu-plugins/vp-proxy-directus.php on line 681
[09-Mar-2026 23:29:48 UTC] PHP Parse error:  Unmatched '}' in /var/www/html/wp-content/mu-plugins/vp-proxy-directus.php on line 681
[09-Mar-2026 23:29:48 UTC] PHP Parse error:  Unmatched '}' in /var/www/html/wp-content/mu-plugins/vp-proxy-directus.php on line 681
[09-Mar-2026 23:29:49 UTC] PHP Parse error:  Unmatched '}' in /var/www/html/wp-content/mu-plugins/vp-proxy-directus.php on line 681
[09-Mar-2026 23:29:49 UTC] PHP Parse error:  Unmatched '}' in /var/www/html/wp-content/mu-plugins/vp-proxy-directus.php on line 681
[09-Mar-2026 23:29:50 UTC] PHP Parse error:  Unmatched '}' in /var/www/html/wp-content/mu-plugins/vp-proxy-directus.php on line 681
[09-Mar-2026 23:29:50 UTC] PHP Parse error:  Unmatched '}' in /var/www/html/wp-content/mu-plugins/vp-proxy-directus.php on line 681
[09-Mar-2026 23:29:50 UTC] PHP Parse error:  Unmatched '}' in /var/www/html/wp-content/mu-plugins/vp-proxy-directus.php on line 681
[09-Mar-2026 23:29:52 UTC] PHP Parse error:  Unmatched '}' in /var/www/html/wp-content/mu-plugins/vp-proxy-directus.php on line 681
[09-Mar-2026 23:29:54 UTC] PHP Parse error:  Unmatched '}' in /var/www/html/wp-content/mu-plugins/vp-proxy-directus.php on line 681
[09-Mar-2026 23:29:54 UTC] PHP Parse error:  Unmatched '}' in /var/www/html/wp-content/mu-plugins/vp-proxy-directus.php on line 681
[09-Mar-2026 23:29:54 UTC] PHP Parse error:  Unmatched '}' in /var/www/html/wp-content/mu-plugins/vp-proxy-directus.php on line 681
[09-Mar-2026 23:29:55 UTC] PHP Parse error:  Unmatched '}' in /var/www/html/wp-content/mu-plugins/vp-proxy-directus.php on line 681
[09-Mar-2026 23:29:55 UTC] PHP Parse error:  Unmatched '}' in /var/www/html/wp-content/mu-plugins/vp-proxy-directus.php on line 681
[09-Mar-2026 23:29:55 UTC] PHP Parse error:  Unmatched '}' in /var/www/html/wp-content/mu-plugins/vp-proxy-directus.php on line 681
[09-Mar-2026 23:29:56 UTC] PHP Parse error:  Unmatched '}' in /var/www/html/wp-content/mu-plugins/vp-proxy-directus.php on line 681
[09-Mar-2026 23:29:56 UTC] PHP Parse error:  Unmatched '}' in /var/www/html/wp-content/mu-plugins/vp-proxy-directus.php on line 681
[09-Mar-2026 23:29:57 UTC] PHP Parse error:  Unmatched '}' in /var/www/html/wp-content/mu-plugins/vp-proxy-directus.php on line 681
[09-Mar-2026 23:29:57 UTC] PHP Parse error:  Unmatched '}' in /var/www/html/wp-content/mu-plugins/vp-proxy-directus.php on line 681
[09-Mar-2026 23:29:57 UTC] PHP Parse error:  Unmatched '}' in /var/www/html/wp-content/mu-plugins/vp-proxy-directus.php on line 681
[09-Mar-2026 23:29:58 UTC] PHP Parse error:  Unmatched '}' in /var/www/html/wp-content/mu-plugins/vp-proxy-directus.php on line 681
[09-Mar-2026 23:29:58 UTC] PHP Parse error:  Unmatched '}' in /var/www/html/wp-content/mu-plugins/vp-proxy-directus.php on line 681
[09-Mar-2026 23:29:58 UTC] PHP Parse error:  Unmatched '}' in /var/www/html/wp-content/mu-plugins/vp-proxy-directus.php on line 681
[09-Mar-2026 23:29:59 UTC] PHP Parse error:  Unmatched '}' in /var/www/html/wp-content/mu-plugins/vp-proxy-directus.php on line 681
[09-Mar-2026 23:29:59 UTC] PHP Parse error:  Unmatched '}' in /var/www/html/wp-content/mu-plugins/vp-proxy-directus.php on line 681
[09-Mar-2026 23:30:01 UTC] PHP Parse error:  Unmatched '}' in /var/www/html/wp-content/mu-plugins/vp-proxy-directus.php on line 681
[09-Mar-2026 23:30:01 UTC] PHP Parse error:  Unmatched '}' in /var/www/html/wp-content/mu-plugins/vp-proxy-directus.php on line 681
[09-Mar-2026 23:56:29 UTC] PHP Parse error:  Unmatched '}' in /var/www/html/wp-content/mu-plugins/vp-proxy-directus.php on line 681
[09-Mar-2026 23:56:29 UTC] PHP Parse error:  Unmatched '}' in /var/www/html/wp-content/mu-plugins/vp-proxy-directus.php on line 681
[10-Mar-2026 00:17:45 UTC] PHP Parse error:  Unmatched '}' in /var/www/html/wp-content/mu-plugins/vp-proxy-directus.php on line 681
[10-Mar-2026 00:17:45 UTC] PHP Parse error:  Unmatched '}' in /var/www/html/wp-content/mu-plugins/vp-proxy-directus.php on line 681
[10-Mar-2026 00:31:14 UTC] PHP Parse error:  Unmatched '}' in /var/www/html/wp-content/mu-plugins/vp-proxy-directus.php on line 681
[10-Mar-2026 00:31:14 UTC] PHP Parse error:  Unmatched '}' in /var/www/html/wp-content/mu-plugins/vp-proxy-directus.php on line 681
[10-Mar-2026 00:31:14 UTC] PHP Parse error:  Unmatched '}' in /var/www/html/wp-content/mu-plugins/vp-proxy-directus.php on line 681
[10-Mar-2026 00:31:15 UTC] PHP Parse error:  Unmatched '}' in /var/www/html/wp-content/mu-plugins/vp-proxy-directus.php on line 681
[10-Mar-2026 00:31:15 UTC] PHP Parse error:  Unmatched '}' in /var/www/html/wp-content/mu-plugins/vp-proxy-directus.php on line 681
[10-Mar-2026 00:31:15 UTC] PHP Parse error:  Unmatched '}' in /var/www/html/wp-content/mu-plugins/vp-proxy-directus.php on line 681
[10-Mar-2026 00:31:15 UTC] PHP Parse error:  Unmatched '}' in /var/www/html/wp-content/mu-plugins/vp-proxy-directus.php on line 681
[10-Mar-2026 00:31:15 UTC] PHP Parse error:  Unmatched '}' in /var/www/html/wp-content/mu-plugins/vp-proxy-directus.php on line 681
[10-Mar-2026 00:31:16 UTC] PHP Parse error:  Unmatched '}' in /var/www/html/wp-content/mu-plugins/vp-proxy-directus.php on line 681
[10-Mar-2026 00:31:16 UTC] PHP Parse error:  Unmatched '}' in /var/www/html/wp-content/mu-plugins/vp-proxy-directus.php on line 681
[10-Mar-2026 00:31:16 UTC] PHP Parse error:  Unmatched '}' in /var/www/html/wp-content/mu-plugins/vp-proxy-directus.php on line 681
[10-Mar-2026 00:31:16 UTC] PHP Parse error:  Unmatched '}' in /var/www/html/wp-content/mu-plugins/vp-proxy-directus.php on line 681
[10-Mar-2026 00:31:17 UTC] PHP Parse error:  Unmatched '}' in /var/www/html/wp-content/mu-plugins/vp-proxy-directus.php on line 681
[10-Mar-2026 00:31:17 UTC] PHP Parse error:  Unmatched '}' in /var/www/html/wp-content/mu-plugins/vp-proxy-directus.php on line 681
[10-Mar-2026 00:31:17 UTC] PHP Parse error:  Unmatched '}' in /var/www/html/wp-content/mu-plugins/vp-proxy-directus.php on line 681
[10-Mar-2026 00:31:17 UTC] PHP Parse error:  Unmatched '}' in /var/www/html/wp-content/mu-plugins/vp-proxy-directus.php on line 681
[10-Mar-2026 00:31:17 UTC] PHP Parse error:  Unmatched '}' in /var/www/html/wp-content/mu-plugins/vp-proxy-directus.php on line 681
[10-Mar-2026 00:31:18 UTC] PHP Parse error:  Unmatched '}' in /var/www/html/wp-content/mu-plugins/vp-proxy-directus.php on line 681
[10-Mar-2026 00:31:18 UTC] PHP Parse error:  Unmatched '}' in /var/www/html/wp-content/mu-plugins/vp-proxy-directus.php on line 681
[10-Mar-2026 00:31:18 UTC] PHP Parse error:  Unmatched '}' in /var/www/html/wp-content/mu-plugins/vp-proxy-directus.php on line 681
[10-Mar-2026 00:31:18 UTC] PHP Parse error:  Unmatched '}' in /var/www/html/wp-content/mu-plugins/vp-proxy-directus.php on line 681
[10-Mar-2026 00:31:18 UTC] PHP Parse error:  Unmatched '}' in /var/www/html/wp-content/mu-plugins/vp-proxy-directus.php on line 681
[10-Mar-2026 00:31:19 UTC] PHP Parse error:  Unmatched '}' in /var/www/html/wp-content/mu-plugins/vp-proxy-directus.php on line 681
[10-Mar-2026 00:31:19 UTC] PHP Parse error:  Unmatched '}' in /var/www/html/wp-content/mu-plugins/vp-proxy-directus.php on line 681
[10-Mar-2026 00:31:19 UTC] PHP Parse error:  Unmatched '}' in /var/www/html/wp-content/mu-plugins/vp-proxy-directus.php on line 681
[10-Mar-2026 00:31:19 UTC] PHP Parse error:  Unmatched '}' in /var/www/html/wp-content/mu-plugins/vp-proxy-directus.php on line 681
[10-Mar-2026 00:31:20 UTC] PHP Parse error:  Unmatched '}' in /var/www/html/wp-content/mu-plugins/vp-proxy-directus.php on line 681
[10-Mar-2026 00:31:20 UTC] PHP Parse error:  Unmatched '}' in /var/www/html/wp-content/mu-plugins/vp-proxy-directus.php on line 681
[10-Mar-2026 00:31:20 UTC] PHP Parse error:  Unmatched '}' in /var/www/html/wp-content/mu-plugins/vp-proxy-directus.php on line 681
[10-Mar-2026 00:31:20 UTC] PHP Parse error:  Unmatched '}' in /var/www/html/wp-content/mu-plugins/vp-proxy-directus.php on line 681
[10-Mar-2026 00:31:21 UTC] PHP Parse error:  Unmatched '}' in /var/www/html/wp-content/mu-plugins/vp-proxy-directus.php on line 681
[10-Mar-2026 00:31:21 UTC] PHP Parse error:  Unmatched '}' in /var/www/html/wp-content/mu-plugins/vp-proxy-directus.php on line 681
[10-Mar-2026 00:31:21 UTC] PHP Parse error:  Unmatched '}' in /var/www/html/wp-content/mu-plugins/vp-proxy-directus.php on line 681
[10-Mar-2026 00:31:21 UTC] PHP Parse error:  Unmatched '}' in /var/www/html/wp-content/mu-plugins/vp-proxy-directus.php on line 681
[10-Mar-2026 00:31:22 UTC] PHP Parse error:  Unmatched '}' in /var/www/html/wp-content/mu-plugins/vp-proxy-directus.php on line 681
[10-Mar-2026 00:31:22 UTC] PHP Parse error:  Unmatched '}' in /var/www/html/wp-content/mu-plugins/vp-proxy-directus.php on line 681
[10-Mar-2026 00:31:22 UTC] PHP Parse error:  Unmatched '}' in /var/www/html/wp-content/mu-plugins/vp-proxy-directus.php on line 681
[10-Mar-2026 00:31:22 UTC] PHP Parse error:  Unmatched '}' in /var/www/html/wp-content/mu-plugins/vp-proxy-directus.php on line 681
[10-Mar-2026 00:31:23 UTC] PHP Parse error:  Unmatched '}' in /var/www/html/wp-content/mu-plugins/vp-proxy-directus.php on line 681
[10-Mar-2026 00:31:23 UTC] PHP Parse error:  Unmatched '}' in /var/www/html/wp-content/mu-plugins/vp-proxy-directus.php on line 681
[10-Mar-2026 00:31:24 UTC] PHP Parse error:  Unmatched '}' in /var/www/html/wp-content/mu-plugins/vp-proxy-directus.php on line 681
[10-Mar-2026 00:31:24 UTC] PHP Parse error:  Unmatched '}' in /var/www/html/wp-content/mu-plugins/vp-proxy-directus.php on line 681
[10-Mar-2026 00:31:24 UTC] PHP Parse error:  Unmatched '}' in /var/www/html/wp-content/mu-plugins/vp-proxy-directus.php on line 681
[10-Mar-2026 00:31:25 UTC] PHP Parse error:  Unmatched '}' in /var/www/html/wp-content/mu-plugins/vp-proxy-directus.php on line 681
[10-Mar-2026 00:31:25 UTC] PHP Parse error:  Unmatched '}' in /var/www/html/wp-content/mu-plugins/vp-proxy-directus.php on line 681
[10-Mar-2026 00:31:25 UTC] PHP Parse error:  Unmatched '}' in /var/www/html/wp-content/mu-plugins/vp-proxy-directus.php on line 681
[10-Mar-2026 00:31:26 UTC] PHP Parse error:  Unmatched '}' in /var/www/html/wp-content/mu-plugins/vp-proxy-directus.php on line 681
[10-Mar-2026 00:31:26 UTC] PHP Parse error:  Unmatched '}' in /var/www/html/wp-content/mu-plugins/vp-proxy-directus.php on line 681
[10-Mar-2026 00:31:27 UTC] PHP Parse error:  Unmatched '}' in /var/www/html/wp-content/mu-plugins/vp-proxy-directus.php on line 681
[10-Mar-2026 00:31:27 UTC] PHP Parse error:  Unmatched '}' in /var/www/html/wp-content/mu-plugins/vp-proxy-directus.php on line 681
[10-Mar-2026 00:38:42 UTC] PHP Parse error:  Unmatched '}' in /var/www/html/wp-content/mu-plugins/vp-proxy-directus.php on line 681
[10-Mar-2026 00:38:42 UTC] PHP Parse error:  Unmatched '}' in /var/www/html/wp-content/mu-plugins/vp-proxy-directus.php on line 681
[10-Mar-2026 00:58:17 UTC] PHP Parse error:  Unmatched '}' in /var/www/html/wp-content/mu-plugins/vp-proxy-directus.php on line 681
[10-Mar-2026 00:58:18 UTC] PHP Parse error:  Unmatched '}' in /var/www/html/wp-content/mu-plugins/vp-proxy-directus.php on line 681
[10-Mar-2026 01:17:59 UTC] PHP Parse error:  Unmatched '}' in /var/www/html/wp-content/mu-plugins/vp-proxy-directus.php on line 681
[10-Mar-2026 01:17:59 UTC] PHP Parse error:  Unmatched '}' in /var/www/html/wp-content/mu-plugins/vp-proxy-directus.php on line 681
[10-Mar-2026 01:38:39 UTC] PHP Parse error:  Unmatched '}' in /var/www/html/wp-content/mu-plugins/vp-proxy-directus.php on line 681
[10-Mar-2026 01:38:39 UTC] PHP Parse error:  Unmatched '}' in /var/www/html/wp-content/mu-plugins/vp-proxy-directus.php on line 681
[10-Mar-2026 01:58:44 UTC] PHP Parse error:  Unmatched '}' in /var/www/html/wp-content/mu-plugins/vp-proxy-directus.php on line 681
[10-Mar-2026 01:58:44 UTC] PHP Parse error:  Unmatched '}' in /var/www/html/wp-content/mu-plugins/vp-proxy-directus.php on line 681
[10-Mar-2026 02:17:52 UTC] PHP Parse error:  Unmatched '}' in /var/www/html/wp-content/mu-plugins/vp-proxy-directus.php on line 681
[10-Mar-2026 02:17:52 UTC] PHP Parse error:  Unmatched '}' in /var/www/html/wp-content/mu-plugins/vp-proxy-directus.php on line 681
[10-Mar-2026 02:24:14 UTC] PHP Parse error:  Unmatched '}' in /var/www/html/wp-content/mu-plugins/vp-proxy-directus.php on line 681
[10-Mar-2026 02:37:27 UTC] PHP Parse error:  Unmatched '}' in /var/www/html/wp-content/mu-plugins/vp-proxy-directus.php on line 681
[10-Mar-2026 02:37:27 UTC] PHP Parse error:  Unmatched '}' in /var/www/html/wp-content/mu-plugins/vp-proxy-directus.php on line 681
[10-Mar-2026 03:17:02 UTC] PHP Parse error:  Unmatched '}' in /var/www/html/wp-content/mu-plugins/vp-proxy-directus.php on line 681
[10-Mar-2026 03:17:02 UTC] PHP Parse error:  Unmatched '}' in /var/www/html/wp-content/mu-plugins/vp-proxy-directus.php on line 681
[10-Mar-2026 03:30:23 UTC] PHP Parse error:  Unmatched '}' in /var/www/html/wp-content/mu-plugins/vp-proxy-directus.php on line 681
[10-Mar-2026 03:37:13 UTC] PHP Parse error:  Unmatched '}' in /var/www/html/wp-content/mu-plugins/vp-proxy-directus.php on line 681
[10-Mar-2026 03:37:14 UTC] PHP Parse error:  Unmatched '}' in /var/www/html/wp-content/mu-plugins/vp-proxy-directus.php on line 681
[10-Mar-2026 03:55:12 UTC] PHP Parse error:  Unmatched '}' in /var/www/html/wp-content/mu-plugins/vp-proxy-directus.php on line 681
[10-Mar-2026 03:55:12 UTC] PHP Parse error:  Unmatched '}' in /var/www/html/wp-content/mu-plugins/vp-proxy-directus.php on line 681
[10-Mar-2026 04:15:25 UTC] PHP Parse error:  Unmatched '}' in /var/www/html/wp-content/mu-plugins/vp-proxy-directus.php on line 681
[10-Mar-2026 04:15:25 UTC] PHP Parse error:  Unmatched '}' in /var/www/html/wp-content/mu-plugins/vp-proxy-directus.php on line 681
[10-Mar-2026 04:35:04 UTC] PHP Parse error:  Unmatched '}' in /var/www/html/wp-content/mu-plugins/vp-proxy-directus.php on line 681
[10-Mar-2026 04:35:05 UTC] PHP Parse error:  Unmatched '}' in /var/www/html/wp-content/mu-plugins/vp-proxy-directus.php on line 681
[10-Mar-2026 04:47:02 UTC] PHP Parse error:  Unmatched '}' in /var/www/html/wp-content/mu-plugins/vp-proxy-directus.php on line 681
[10-Mar-2026 04:54:17 UTC] PHP Parse error:  Unmatched '}' in /var/www/html/wp-content/mu-plugins/vp-proxy-directus.php on line 681
[10-Mar-2026 04:54:18 UTC] PHP Parse error:  Unmatched '}' in /var/www/html/wp-content/mu-plugins/vp-proxy-directus.php on line 681
[10-Mar-2026 05:07:29 UTC] PHP Parse error:  Unmatched '}' in /var/www/html/wp-content/mu-plugins/vp-proxy-directus.php on line 681
[10-Mar-2026 05:07:29 UTC] PHP Parse error:  Unmatched '}' in /var/www/html/wp-content/mu-plugins/vp-proxy-directus.php on line 681
[10-Mar-2026 05:07:29 UTC] PHP Parse error:  Unmatched '}' in /var/www/html/wp-content/mu-plugins/vp-proxy-directus.php on line 681
[10-Mar-2026 05:07:29 UTC] PHP Parse error:  Unmatched '}' in /var/www/html/wp-content/mu-plugins/vp-proxy-directus.php on line 681
[10-Mar-2026 05:07:30 UTC] PHP Parse error:  Unmatched '}' in /var/www/html/wp-content/mu-plugins/vp-proxy-directus.php on line 681
[10-Mar-2026 05:07:30 UTC] PHP Parse error:  Unmatched '}' in /var/www/html/wp-content/mu-plugins/vp-proxy-directus.php on line 681
[10-Mar-2026 05:07:30 UTC] PHP Parse error:  Unmatched '}' in /var/www/html/wp-content/mu-plugins/vp-proxy-directus.php on line 681
[10-Mar-2026 05:07:30 UTC] PHP Parse error:  Unmatched '}' in /var/www/html/wp-content/mu-plugins/vp-proxy-directus.php on line 681
[10-Mar-2026 05:07:30 UTC] PHP Parse error:  Unmatched '}' in /var/www/html/wp-content/mu-plugins/vp-proxy-directus.php on line 681
[10-Mar-2026 05:07:31 UTC] PHP Parse error:  Unmatched '}' in /var/www/html/wp-content/mu-plugins/vp-proxy-directus.php on line 681
[10-Mar-2026 05:07:31 UTC] PHP Parse error:  Unmatched '}' in /var/www/html/wp-content/mu-plugins/vp-proxy-directus.php on line 681
[10-Mar-2026 05:07:31 UTC] PHP Parse error:  Unmatched '}' in /var/www/html/wp-content/mu-plugins/vp-proxy-directus.php on line 681
[10-Mar-2026 05:07:31 UTC] PHP Parse error:  Unmatched '}' in /var/www/html/wp-content/mu-plugins/vp-proxy-directus.php on line 681
[10-Mar-2026 05:07:32 UTC] PHP Parse error:  Unmatched '}' in /var/www/html/wp-content/mu-plugins/vp-proxy-directus.php on line 681
[10-Mar-2026 05:07:32 UTC] PHP Parse error:  Unmatched '}' in /var/www/html/wp-content/mu-plugins/vp-proxy-directus.php on line 681
[10-Mar-2026 05:07:32 UTC] PHP Parse error:  Unmatched '}' in /var/www/html/wp-content/mu-plugins/vp-proxy-directus.php on line 681
[10-Mar-2026 05:07:32 UTC] PHP Parse error:  Unmatched '}' in /var/www/html/wp-content/mu-plugins/vp-proxy-directus.php on line 681
[10-Mar-2026 05:07:32 UTC] PHP Parse error:  Unmatched '}' in /var/www/html/wp-content/mu-plugins/vp-proxy-directus.php on line 681
[10-Mar-2026 05:07:33 UTC] PHP Parse error:  Unmatched '}' in /var/www/html/wp-content/mu-plugins/vp-proxy-directus.php on line 681
[10-Mar-2026 05:07:33 UTC] PHP Parse error:  Unmatched '}' in /var/www/html/wp-content/mu-plugins/vp-proxy-directus.php on line 681
[10-Mar-2026 05:07:33 UTC] PHP Parse error:  Unmatched '}' in /var/www/html/wp-content/mu-plugins/vp-proxy-directus.php on line 681
[10-Mar-2026 05:07:33 UTC] PHP Parse error:  Unmatched '}' in /var/www/html/wp-content/mu-plugins/vp-proxy-directus.php on line 681
[10-Mar-2026 05:07:33 UTC] PHP Parse error:  Unmatched '}' in /var/www/html/wp-content/mu-plugins/vp-proxy-directus.php on line 681
[10-Mar-2026 05:07:34 UTC] PHP Parse error:  Unmatched '}' in /var/www/html/wp-content/mu-plugins/vp-proxy-directus.php on line 681
[10-Mar-2026 05:07:34 UTC] PHP Parse error:  Unmatched '}' in /var/www/html/wp-content/mu-plugins/vp-proxy-directus.php on line 681
[10-Mar-2026 05:07:34 UTC] PHP Parse error:  Unmatched '}' in /var/www/html/wp-content/mu-plugins/vp-proxy-directus.php on line 681
[10-Mar-2026 05:07:35 UTC] PHP Parse error:  Unmatched '}' in /var/www/html/wp-content/mu-plugins/vp-proxy-directus.php on line 681
[10-Mar-2026 05:07:35 UTC] PHP Parse error:  Unmatched '}' in /var/www/html/wp-content/mu-plugins/vp-proxy-directus.php on line 681
[10-Mar-2026 05:07:36 UTC] PHP Parse error:  Unmatched '}' in /var/www/html/wp-content/mu-plugins/vp-proxy-directus.php on line 681
[10-Mar-2026 05:07:36 UTC] PHP Parse error:  Unmatched '}' in /var/www/html/wp-content/mu-plugins/vp-proxy-directus.php on line 681
[10-Mar-2026 05:32:52 UTC] PHP Parse error:  Unmatched '}' in /var/www/html/wp-content/mu-plugins/vp-proxy-directus.php on line 681
[10-Mar-2026 05:32:53 UTC] PHP Parse error:  Unmatched '}' in /var/www/html/wp-content/mu-plugins/vp-proxy-directus.php on line 681
[10-Mar-2026 05:52:09 UTC] PHP Parse error:  Unmatched '}' in /var/www/html/wp-content/mu-plugins/vp-proxy-directus.php on line 681
[10-Mar-2026 05:52:09 UTC] PHP Parse error:  Unmatched '}' in /var/www/html/wp-content/mu-plugins/vp-proxy-directus.php on line 681
[10-Mar-2026 06:06:00 UTC] PHP Parse error:  Unmatched '}' in /var/www/html/wp-content/mu-plugins/vp-proxy-directus.php on line 681
[10-Mar-2026 06:08:00 UTC] PHP Parse error:  Unmatched '}' in /var/www/html/wp-content/mu-plugins/vp-proxy-directus.php on line 681
[10-Mar-2026 06:10:00 UTC] PHP Parse error:  Unmatched '}' in /var/www/html/wp-content/mu-plugins/vp-proxy-directus.php on line 681
[10-Mar-2026 06:11:18 UTC] PHP Parse error:  Unmatched '}' in /var/www/html/wp-content/mu-plugins/vp-proxy-directus.php on line 681
[10-Mar-2026 06:11:18 UTC] PHP Parse error:  Unmatched '}' in /var/www/html/wp-content/mu-plugins/vp-proxy-directus.php on line 681
[10-Mar-2026 06:12:00 UTC] PHP Parse error:  Unmatched '}' in /var/www/html/wp-content/mu-plugins/vp-proxy-directus.php on line 681
[10-Mar-2026 06:14:00 UTC] PHP Parse error:  Unmatched '}' in /var/www/html/wp-content/mu-plugins/vp-proxy-directus.php on line 681
[10-Mar-2026 06:16:00 UTC] PHP Parse error:  Unmatched '}' in /var/www/html/wp-content/mu-plugins/vp-proxy-directus.php on line 681
[10-Mar-2026 06:18:00 UTC] PHP Parse error:  Unmatched '}' in /var/www/html/wp-content/mu-plugins/vp-proxy-directus.php on line 681
[10-Mar-2026 06:22:00 UTC] PHP Parse error:  Unmatched '}' in /var/www/html/wp-content/mu-plugins/vp-proxy-directus.php on line 681
[10-Mar-2026 06:29:49 UTC] PHP Parse error:  Unmatched '}' in /var/www/html/wp-content/mu-plugins/vp-proxy-directus.php on line 681
[10-Mar-2026 06:29:52 UTC] PHP Parse error:  Unmatched '}' in /var/www/html/wp-content/mu-plugins/vp-proxy-directus.php on line 681
[10-Mar-2026 06:49:12 UTC] PHP Parse error:  Unmatched '}' in /var/www/html/wp-content/mu-plugins/vp-proxy-directus.php on line 681
[10-Mar-2026 06:49:13 UTC] PHP Parse error:  Unmatched '}' in /var/www/html/wp-content/mu-plugins/vp-proxy-directus.php on line 681
[10-Mar-2026 07:06:16 UTC] PHP Parse error:  Unmatched '}' in /var/www/html/wp-content/mu-plugins/vp-proxy-directus.php on line 681
[10-Mar-2026 07:06:17 UTC] PHP Parse error:  Unmatched '}' in /var/www/html/wp-content/mu-plugins/vp-proxy-directus.php on line 681
[10-Mar-2026 07:24:53 UTC] PHP Parse error:  Unmatched '}' in /var/www/html/wp-content/mu-plugins/vp-proxy-directus.php on line 681
[10-Mar-2026 07:24:53 UTC] PHP Parse error:  Unmatched '}' in /var/www/html/wp-content/mu-plugins/vp-proxy-directus.php on line 681
[10-Mar-2026 07:41:59 UTC] PHP Parse error:  Unmatched '}' in /var/www/html/wp-content/mu-plugins/vp-proxy-directus.php on line 681
[10-Mar-2026 07:41:59 UTC] PHP Parse error:  Unmatched '}' in /var/www/html/wp-content/mu-plugins/vp-proxy-directus.php on line 681
[10-Mar-2026 08:00:42 UTC] PHP Parse error:  Unmatched '}' in /var/www/html/wp-content/mu-plugins/vp-proxy-directus.php on line 681
[10-Mar-2026 08:00:43 UTC] PHP Parse error:  Unmatched '}' in /var/www/html/wp-content/mu-plugins/vp-proxy-directus.php on line 681
[10-Mar-2026 08:06:24 UTC] PHP Parse error:  Unmatched '}' in /var/www/html/wp-content/mu-plugins/vp-proxy-directus.php on line 681
[10-Mar-2026 08:29:27 UTC] PHP Parse error:  Unmatched '}' in /var/www/html/wp-content/mu-plugins/vp-proxy-directus.php on line 681
[10-Mar-2026 08:41:32 UTC] PHP Parse error:  Unmatched '}' in /var/www/html/wp-content/mu-plugins/vp-proxy-directus.php on line 681
[10-Mar-2026 08:41:32 UTC] PHP Parse error:  Unmatched '}' in /var/www/html/wp-content/mu-plugins/vp-proxy-directus.php on line 681
[10-Mar-2026 09:03:10 UTC] PHP Parse error:  Unmatched '}' in /var/www/html/wp-content/mu-plugins/vp-proxy-directus.php on line 681
[10-Mar-2026 09:03:10 UTC] PHP Parse error:  Unmatched '}' in /var/www/html/wp-content/mu-plugins/vp-proxy-directus.php on line 681
[10-Mar-2026 09:14:27 UTC] PHP Parse error:  Unmatched '}' in /var/www/html/wp-content/mu-plugins/vp-proxy-directus.php on line 681
[10-Mar-2026 09:18:30 UTC] PHP Parse error:  Unmatched '}' in /var/www/html/wp-content/mu-plugins/vp-proxy-directus.php on line 681
[10-Mar-2026 09:21:38 UTC] PHP Parse error:  Unmatched '}' in /var/www/html/wp-content/mu-plugins/vp-proxy-directus.php on line 681
[10-Mar-2026 09:21:39 UTC] PHP Parse error:  Unmatched '}' in /var/www/html/wp-content/mu-plugins/vp-proxy-directus.php on line 681
[10-Mar-2026 09:57:42 UTC] PHP Parse error:  Unmatched '}' in /var/www/html/wp-content/mu-plugins/vp-proxy-directus.php on line 681
[10-Mar-2026 09:57:43 UTC] PHP Parse error:  Unmatched '}' in /var/www/html/wp-content/mu-plugins/vp-proxy-directus.php on line 681
[10-Mar-2026 10:23:45 UTC] PHP Parse error:  Unmatched '}' in /var/www/html/wp-content/mu-plugins/vp-proxy-directus.php on line 681
[10-Mar-2026 10:23:45 UTC] PHP Parse error:  Unmatched '}' in /var/www/html/wp-content/mu-plugins/vp-proxy-directus.php on line 681
[10-Mar-2026 10:28:49 UTC] PHP Parse error:  Unmatched '}' in /var/www/html/wp-content/mu-plugins/vp-proxy-directus.php on line 681
[10-Mar-2026 10:28:49 UTC] PHP Parse error:  Unmatched '}' in /var/www/html/wp-content/mu-plugins/vp-proxy-directus.php on line 681
[10-Mar-2026 10:31:33 UTC] PHP Parse error:  Unmatched '}' in /var/www/html/wp-content/mu-plugins/vp-proxy-directus.php on line 681
[10-Mar-2026 10:31:33 UTC] PHP Parse error:  Unmatched '}' in /var/www/html/wp-content/mu-plugins/vp-proxy-directus.php on line 681
[10-Mar-2026 10:33:19 UTC] PHP Parse error:  Unmatched '}' in /var/www/html/wp-content/mu-plugins/vp-proxy-directus.php on line 681
[10-Mar-2026 10:33:19 UTC] PHP Parse error:  Unmatched '}' in /var/www/html/wp-content/mu-plugins/vp-proxy-directus.php on line 681
[10-Mar-2026 10:33:19 UTC] PHP Parse error:  Unmatched '}' in /var/www/html/wp-content/mu-plugins/vp-proxy-directus.php on line 681
[10-Mar-2026 10:33:20 UTC] PHP Parse error:  Unmatched '}' in /var/www/html/wp-content/mu-plugins/vp-proxy-directus.php on line 681
[10-Mar-2026 10:33:20 UTC] PHP Parse error:  Unmatched '}' in /var/www/html/wp-content/mu-plugins/vp-proxy-directus.php on line 681
[10-Mar-2026 10:33:20 UTC] PHP Parse error:  Unmatched '}' in /var/www/html/wp-content/mu-plugins/vp-proxy-directus.php on line 681
[10-Mar-2026 10:33:20 UTC] PHP Parse error:  Unmatched '}' in /var/www/html/wp-content/mu-plugins/vp-proxy-directus.php on line 681
[10-Mar-2026 10:33:20 UTC] PHP Parse error:  Unmatched '}' in /var/www/html/wp-content/mu-plugins/vp-proxy-directus.php on line 681
[10-Mar-2026 10:33:21 UTC] PHP Parse error:  Unmatched '}' in /var/www/html/wp-content/mu-plugins/vp-proxy-directus.php on line 681
[10-Mar-2026 10:33:21 UTC] PHP Parse error:  Unmatched '}' in /var/www/html/wp-content/mu-plugins/vp-proxy-directus.php on line 681
[10-Mar-2026 10:33:21 UTC] PHP Parse error:  Unmatched '}' in /var/www/html/wp-content/mu-plugins/vp-proxy-directus.php on line 681
[10-Mar-2026 10:33:21 UTC] PHP Parse error:  Unmatched '}' in /var/www/html/wp-content/mu-plugins/vp-proxy-directus.php on line 681
[10-Mar-2026 10:33:22 UTC] PHP Parse error:  Unmatched '}' in /var/www/html/wp-content/mu-plugins/vp-proxy-directus.php on line 681
[10-Mar-2026 10:33:22 UTC] PHP Parse error:  Unmatched '}' in /var/www/html/wp-content/mu-plugins/vp-proxy-directus.php on line 681
[10-Mar-2026 10:33:22 UTC] PHP Parse error:  Unmatched '}' in /var/www/html/wp-content/mu-plugins/vp-proxy-directus.php on line 681
[10-Mar-2026 10:33:22 UTC] PHP Parse error:  Unmatched '}' in /var/www/html/wp-content/mu-plugins/vp-proxy-directus.php on line 681
[10-Mar-2026 10:33:22 UTC] PHP Parse error:  Unmatched '}' in /var/www/html/wp-content/mu-plugins/vp-proxy-directus.php on line 681
[10-Mar-2026 10:33:23 UTC] PHP Parse error:  Unmatched '}' in /var/www/html/wp-content/mu-plugins/vp-proxy-directus.php on line 681
[10-Mar-2026 10:33:23 UTC] PHP Parse error:  Unmatched '}' in /var/www/html/wp-content/mu-plugins/vp-proxy-directus.php on line 681
[10-Mar-2026 10:33:23 UTC] PHP Parse error:  Unmatched '}' in /var/www/html/wp-content/mu-plugins/vp-proxy-directus.php on line 681
[10-Mar-2026 10:33:23 UTC] PHP Parse error:  Unmatched '}' in /var/www/html/wp-content/mu-plugins/vp-proxy-directus.php on line 681
[10-Mar-2026 10:33:23 UTC] PHP Parse error:  Unmatched '}' in /var/www/html/wp-content/mu-plugins/vp-proxy-directus.php on line 681
[10-Mar-2026 10:33:24 UTC] PHP Parse error:  Unmatched '}' in /var/www/html/wp-content/mu-plugins/vp-proxy-directus.php on line 681
[10-Mar-2026 10:33:24 UTC] PHP Parse error:  Unmatched '}' in /var/www/html/wp-content/mu-plugins/vp-proxy-directus.php on line 681
[10-Mar-2026 10:33:24 UTC] PHP Parse error:  Unmatched '}' in /var/www/html/wp-content/mu-plugins/vp-proxy-directus.php on line 681
[10-Mar-2026 10:33:25 UTC] PHP Parse error:  Unmatched '}' in /var/www/html/wp-content/mu-plugins/vp-proxy-directus.php on line 681
[10-Mar-2026 10:33:25 UTC] PHP Parse error:  Unmatched '}' in /var/www/html/wp-content/mu-plugins/vp-proxy-directus.php on line 681
[10-Mar-2026 10:33:25 UTC] PHP Parse error:  Unmatched '}' in /var/www/html/wp-content/mu-plugins/vp-proxy-directus.php on line 681
[10-Mar-2026 10:33:25 UTC] PHP Parse error:  Unmatched '}' in /var/www/html/wp-content/mu-plugins/vp-proxy-directus.php on line 681
[10-Mar-2026 10:33:26 UTC] PHP Parse error:  Unmatched '}' in /var/www/html/wp-content/mu-plugins/vp-proxy-directus.php on line 681
[10-Mar-2026 10:33:26 UTC] PHP Parse error:  Unmatched '}' in /var/www/html/wp-content/mu-plugins/vp-proxy-directus.php on line 681
[10-Mar-2026 10:33:26 UTC] PHP Parse error:  Unmatched '}' in /var/www/html/wp-content/mu-plugins/vp-proxy-directus.php on line 681
[10-Mar-2026 10:33:26 UTC] PHP Parse error:  Unmatched '}' in /var/www/html/wp-content/mu-plugins/vp-proxy-directus.php on line 681
[10-Mar-2026 10:33:27 UTC] PHP Parse error:  Unmatched '}' in /var/www/html/wp-content/mu-plugins/vp-proxy-directus.php on line 681
[10-Mar-2026 10:33:27 UTC] PHP Parse error:  Unmatched '}' in /var/www/html/wp-content/mu-plugins/vp-proxy-directus.php on line 681
[10-Mar-2026 10:33:27 UTC] PHP Parse error:  Unmatched '}' in /var/www/html/wp-content/mu-plugins/vp-proxy-directus.php on line 681
[10-Mar-2026 10:33:27 UTC] PHP Parse error:  Unmatched '}' in /var/www/html/wp-content/mu-plugins/vp-proxy-directus.php on line 681
[10-Mar-2026 10:33:27 UTC] PHP Parse error:  Unmatched '}' in /var/www/html/wp-content/mu-plugins/vp-proxy-directus.php on line 681
[10-Mar-2026 10:33:28 UTC] PHP Parse error:  Unmatched '}' in /var/www/html/wp-content/mu-plugins/vp-proxy-directus.php on line 681
[10-Mar-2026 10:33:28 UTC] PHP Parse error:  Unmatched '}' in /var/www/html/wp-content/mu-plugins/vp-proxy-directus.php on line 681
[10-Mar-2026 10:33:29 UTC] PHP Parse error:  Unmatched '}' in /var/www/html/wp-content/mu-plugins/vp-proxy-directus.php on line 681
[10-Mar-2026 10:33:29 UTC] PHP Parse error:  Unmatched '}' in /var/www/html/wp-content/mu-plugins/vp-proxy-directus.php on line 681
[10-Mar-2026 10:33:30 UTC] PHP Parse error:  Unmatched '}' in /var/www/html/wp-content/mu-plugins/vp-proxy-directus.php on line 681
[10-Mar-2026 10:33:30 UTC] PHP Parse error:  Unmatched '}' in /var/www/html/wp-content/mu-plugins/vp-proxy-directus.php on line 681
[10-Mar-2026 10:33:30 UTC] PHP Parse error:  Unmatched '}' in /var/www/html/wp-content/mu-plugins/vp-proxy-directus.php on line 681
[10-Mar-2026 10:33:30 UTC] PHP Parse error:  Unmatched '}' in /var/www/html/wp-content/mu-plugins/vp-proxy-directus.php on line 681
[10-Mar-2026 10:33:31 UTC] PHP Parse error:  Unmatched '}' in /var/www/html/wp-content/mu-plugins/vp-proxy-directus.php on line 681
[10-Mar-2026 10:33:32 UTC] PHP Parse error:  Unmatched '}' in /var/www/html/wp-content/mu-plugins/vp-proxy-directus.php on line 681
[10-Mar-2026 10:33:32 UTC] PHP Parse error:  Unmatched '}' in /var/www/html/wp-content/mu-plugins/vp-proxy-directus.php on line 681
[10-Mar-2026 10:33:32 UTC] PHP Parse error:  Unmatched '}' in /var/www/html/wp-content/mu-plugins/vp-proxy-directus.php on line 681
[10-Mar-2026 10:33:47 UTC] Automatic updates starting...
[10-Mar-2026 10:33:48 UTC] Automatic updates complete.
[10-Mar-2026 12:31:53 UTC] Automatic updates starting...
[10-Mar-2026 12:31:53 UTC] Automatic updates complete.
